Student_id,Hours_Studied,Attendance,Parental_Involvement,Access_to_Resources,Extracurricular_Activities,Sleep_Hours,Previous_Scores,Motivation_Level,Internet_Access,Tutoring_Sessions,Family_Income,Teacher_Quality,School_Type,Peer_Influence,Physical_Activity,Learning_Disabilities,Parental_Education_Level,Distance_from_Home,Gender,Exam_Score,Performance_Level
1001,23,84,Low,High,No,7,73,Low,Yes,0,Low,Medium,Public,Positive,3,No,High School,Near,Male,67,Average Performer
1002,19,64,Low,Medium,No,8,59,Low,Yes,2,Medium,Medium,Public,Negative,4,No,College,Moderate,Female,61,Average Performer
1003,24,98,Medium,Medium,Yes,7,91,Medium,Yes,2,Medium,Medium,Public,Neutral,4,No,Postgraduate,Near,Male,74,Average Performer
1004,29,89,Low,Medium,Yes,8,98,Medium,Yes,1,Medium,Medium,Public,Negative,4,No,High School,Moderate,Male,71,Average Performer
1005,19,92,Medium,Medium,Yes,6,65,Medium,Yes,3,Medium,High,Public,Neutral,4,No,College,Near,Female,70,Average Performer
1006,19,88,Medium,Medium,Yes,8,89,Medium,Yes,3,Medium,Medium,Public,Positive,3,No,Postgraduate,Near,Male,71,Average Performer
1007,29,84,Medium,Low,Yes,7,68,Low,Yes,1,Low,Medium,Private,Neutral,2,No,High School,Moderate,Male,67,Average Performer
1008,25,78,Low,High,Yes,6,50,Medium,Yes,1,High,High,Public,Negative,2,No,High School,Far,Male,66,Average Performer
1009,17,94,Medium,High,No,6,80,High,Yes,0,Medium,Low,Private,Neutral,1,No,College,Near,Male,69,Average Performer
1010,23,98,Medium,Medium,Yes,8,71,Medium,Yes,0,High,High,Public,Positive,5,No,High School,Moderate,Male,72,Average Performer
1011,17,80,Low,High,No,8,88,Medium,No,4,Medium,High,Private,Neutral,4,No,College,Moderate,Male,68,Average Performer
1012,17,97,Medium,High,Yes,6,87,Low,Yes,2,Low,High,Private,Neutral,2,No,High School,Near,Male,71,Average Performer
1013,21,83,Medium,Medium,Yes,8,97,Low,Yes,2,Medium,Medium,Public,Positive,4,No,High School,Near,Male,70,Average Performer
1014,9,82,Medium,Medium,Yes,8,72,Medium,Yes,2,Medium,Medium,Private,Positive,3,No,Postgraduate,Near,Male,66,Average Performer
1015,10,78,Medium,High,Yes,8,74,Medium,Yes,1,Low,Medium,Private,Neutral,4,No,Postgraduate,Near,Male,65,Average Performer
1016,17,68,Medium,Medium,No,8,70,Medium,Yes,2,Medium,Medium,Private,Positive,4,No,High School,Near,Female,64,Average Performer
1017,14,60,Medium,Low,Yes,10,65,Low,Yes,0,High,Medium,Private,Positive,3,No,College,Near,Male,60,Average Performer
1018,22,70,Low,Medium,Yes,6,82,Medium,Yes,1,Low,High,Public,Neutral,3,No,High School,Near,Female,65,Average Performer
1019,15,80,Medium,Medium,Yes,9,91,Low,Yes,3,Low,Medium,Public,Positive,2,No,College,Moderate,Female,67,Average Performer
1020,12,75,Medium,High,Yes,7,58,Medium,Yes,3,Medium,Medium,Private,Positive,4,No,College,Near,Male,66,Average Performer
1021,29,78,Medium,Medium,No,5,99,High,Yes,0,High,Medium,Public,Negative,1,No,High School,Moderate,Female,69,Average Performer
1022,19,99,Medium,High,No,6,84,Medium,Yes,1,Medium,High,Public,Neutral,3,No,High School,Near,Male,72,Average Performer
1023,20,74,Medium,High,No,8,89,Low,Yes,1,Medium,Medium,Public,Negative,2,No,College,Moderate,Female,66,Average Performer
1024,11,78,High,Medium,Yes,8,100,High,Yes,1,Low,Medium,Public,Neutral,3,No,High School,Moderate,Male,66,Average Performer
1025,17,65,Low,High,Yes,5,75,Medium,Yes,2,Low,Medium,Public,Positive,3,No,High School,Near,Female,63,Average Performer
1026,21,62,High,Low,Yes,6,54,High,Yes,0,High,High,Public,Positive,3,No,Postgraduate,Far,Male,64,Average Performer
1027,13,91,Low,Medium,No,6,90,Medium,Yes,1,High,Medium,Public,Negative,2,Yes,High School,Moderate,Female,65,Average Performer
1028,22,83,High,High,Yes,6,94,Medium,Yes,0,High,Medium,Public,Neutral,2,No,College,Moderate,Male,71,Average Performer
1029,16,90,Medium,Medium,No,4,58,Medium,Yes,1,Low,Medium,Public,Neutral,3,No,High School,Moderate,Female,66,Average Performer
1030,18,66,High,High,No,4,51,Low,Yes,2,Low,Medium,Private,Neutral,2,No,College,Near,Male,64,Average Performer
1031,16,83,Low,Medium,No,6,57,Medium,Yes,0,High,Low,Public,Positive,4,Yes,High School,Near,Female,63,Average Performer
1032,31,70,Medium,High,Yes,7,66,Medium,Yes,1,High,Medium,Public,Negative,3,No,College,Near,Male,69,Average Performer
1033,20,69,Medium,Medium,Yes,8,96,Medium,Yes,2,Medium,High,Public,Positive,3,No,High School,Near,Male,67,Average Performer
1034,14,60,High,Medium,No,5,50,Medium,Yes,2,Medium,Medium,Public,Neutral,3,No,College,,Female,61,Average Performer
1035,25,65,High,Medium,No,5,90,Medium,Yes,2,Medium,Medium,Public,Positive,3,No,College,Moderate,Female,68,Average Performer
1036,13,72,Low,Medium,No,6,93,Low,Yes,1,Low,Medium,Public,Negative,3,No,High School,Near,Male,61,Average Performer
1037,21,65,Medium,Low,Yes,7,91,Low,Yes,2,Medium,High,Public,Positive,3,No,High School,Far,Female,64,Average Performer
1038,8,99,Medium,Medium,No,9,54,Low,Yes,2,Low,Medium,Public,Neutral,5,No,Postgraduate,Near,Female,67,Average Performer
1039,12,72,Low,Medium,Yes,8,84,Medium,Yes,1,Low,Medium,Public,Positive,5,No,High School,Near,Female,63,Average Performer
1040,21,65,Low,Medium,Yes,6,98,Low,Yes,1,Medium,High,Public,Negative,4,No,High School,Near,Male,64,Average Performer
1041,24,68,High,Medium,No,8,56,Low,Yes,3,High,High,Public,Neutral,1,No,College,Near,Male,67,Average Performer
1042,21,84,Medium,Medium,Yes,6,52,Low,Yes,1,Medium,High,Public,Neutral,2,Yes,College,Far,Female,65,Average Performer
1043,19,63,Low,High,No,7,94,Medium,Yes,1,Medium,Medium,Private,Positive,3,No,High School,Moderate,Male,64,Average Performer
1044,18,94,Medium,High,Yes,7,82,Medium,Yes,3,Medium,Medium,Private,Negative,2,Yes,College,Near,Male,70,Average Performer
1045,11,98,Medium,Medium,Yes,9,82,Low,Yes,1,Medium,Medium,Private,Positive,3,No,Postgraduate,Far,Male,68,Average Performer
1046,16,70,Medium,Medium,Yes,8,98,Medium,Yes,2,Medium,Medium,Public,Positive,3,No,High School,Moderate,Male,65,Average Performer
1047,17,78,Medium,Medium,Yes,6,88,Medium,Yes,1,Medium,High,Private,Positive,3,No,College,Near,Female,68,Average Performer
1048,26,61,Medium,Low,Yes,6,70,Medium,Yes,2,Low,Medium,Public,Positive,3,No,High School,Moderate,Female,64,Average Performer
1049,22,86,Low,Medium,Yes,7,72,Low,Yes,3,Low,High,Public,Positive,2,No,High School,Moderate,Male,68,Average Performer
1050,9,77,Medium,Medium,No,5,57,Medium,Yes,2,Medium,High,Public,Neutral,3,No,High School,Near,Male,63,Average Performer
1051,22,71,Low,Medium,Yes,7,65,Low,Yes,1,Medium,Low,Public,Positive,4,No,College,Moderate,Male,64,Average Performer
1052,18,68,High,Medium,No,7,72,Medium,Yes,0,Medium,Medium,Public,Neutral,3,No,College,Near,Male,64,Average Performer
1053,16,86,Low,Medium,Yes,8,63,Medium,Yes,2,Medium,Medium,Public,Positive,4,No,High School,Near,Male,67,Average Performer
1054,24,77,High,Low,No,8,96,Medium,Yes,0,Medium,Medium,Public,Neutral,3,No,High School,Near,Female,67,Average Performer
1055,26,67,Medium,High,Yes,7,51,Low,Yes,2,High,High,Private,Neutral,4,Yes,Postgraduate,Far,Female,66,Average Performer
1056,26,88,Medium,High,Yes,5,79,Medium,Yes,1,Low,High,Private,Positive,4,No,College,Moderate,Male,72,Average Performer
1057,15,83,Medium,High,No,5,89,Low,No,1,Medium,High,Public,Neutral,2,Yes,High School,Near,Female,65,Average Performer
1058,18,94,Medium,Medium,Yes,6,87,High,Yes,1,Medium,Medium,Public,Positive,4,No,High School,Near,Male,71,Average Performer
1059,22,65,High,Low,No,8,82,Medium,Yes,2,Medium,High,Public,Positive,1,No,Postgraduate,Near,Female,66,Average Performer
1060,26,91,Medium,Low,Yes,8,71,Medium,Yes,0,Low,Medium,Private,Neutral,3,No,High School,Moderate,Male,68,Average Performer
1061,17,87,Medium,Medium,No,7,96,Medium,Yes,1,High,Medium,Public,Negative,5,No,Postgraduate,Near,Female,70,Average Performer
1062,19,65,Medium,Medium,Yes,10,66,Low,Yes,0,Low,Medium,Public,Positive,3,No,High School,Moderate,Male,62,Average Performer
1063,13,88,Low,High,Yes,9,88,High,Yes,2,Low,High,Private,Negative,4,No,Postgraduate,Far,Male,68,Average Performer
1064,13,78,Medium,High,Yes,9,96,High,Yes,2,Low,Medium,Public,Neutral,3,No,College,Moderate,Male,67,Average Performer
1065,25,98,Low,High,Yes,8,56,Medium,No,0,Medium,High,Private,Neutral,3,No,Postgraduate,Near,Male,71,Average Performer
1066,28,66,Medium,High,Yes,8,97,Medium,Yes,0,Medium,Medium,Public,Neutral,2,No,High School,Near,Male,68,Average Performer
1067,20,86,Medium,Medium,Yes,8,89,Medium,Yes,1,Low,Medium,Public,Negative,3,No,Postgraduate,Near,Male,69,Average Performer
1068,26,75,Low,High,Yes,4,81,High,Yes,3,Medium,High,Private,Positive,2,No,High School,Moderate,Male,70,Average Performer
1069,22,98,Medium,High,No,5,69,Low,No,1,Low,High,Public,Negative,4,No,High School,Moderate,Female,69,Average Performer
1070,16,73,Medium,Medium,No,7,95,Medium,Yes,1,Low,Medium,Public,Negative,4,No,College,Near,Male,65,Average Performer
1071,22,98,Medium,Low,Yes,7,52,Medium,No,3,Medium,Medium,Public,Positive,3,No,College,Near,Female,70,Average Performer
1072,29,96,Medium,Low,Yes,7,72,Medium,Yes,1,Low,Medium,Public,Positive,3,No,High School,Moderate,Male,71,Average Performer
1073,20,71,Medium,Medium,Yes,7,88,Medium,Yes,1,Low,Low,Public,Neutral,4,No,College,Near,Female,65,Average Performer
1074,29,92,Low,Medium,No,4,91,Medium,Yes,2,Medium,Medium,Public,Negative,1,No,Postgraduate,Near,Female,72,Average Performer
1075,4,100,High,High,Yes,8,60,High,Yes,0,Medium,High,Private,Positive,4,No,College,Moderate,Male,69,Average Performer
1076,25,70,Medium,Medium,No,7,52,Medium,Yes,1,Medium,Medium,Public,Positive,3,No,Postgraduate,Near,Female,66,Average Performer
1077,21,77,Low,Medium,Yes,7,90,Medium,Yes,4,Medium,Medium,Private,Neutral,3,No,Postgraduate,Moderate,Male,68,Average Performer
1078,18,81,High,Low,Yes,8,71,Medium,Yes,0,Medium,Medium,Public,Neutral,3,No,High School,Moderate,Female,65,Average Performer
1079,21,72,Medium,Medium,Yes,5,57,Medium,Yes,1,High,Medium,Public,Neutral,5,Yes,College,Moderate,Male,64,Average Performer
1080,8,61,Medium,Medium,Yes,7,54,Medium,Yes,1,High,Medium,Public,Positive,3,No,College,Near,Male,60,Average Performer
1081,19,69,Medium,High,Yes,7,82,High,Yes,1,Low,Medium,Public,Negative,2,No,High School,Near,Male,65,Average Performer
1082,22,71,High,Medium,No,6,79,High,Yes,1,Low,Low,Public,Positive,3,No,High School,Near,Male,66,Average Performer
1083,29,78,High,High,Yes,4,93,Low,Yes,5,Medium,High,Public,Neutral,3,No,College,Near,Male,74,Average Performer
1084,17,67,Medium,Medium,Yes,5,52,High,Yes,2,Medium,Medium,Private,Negative,3,No,High School,Far,Female,62,Average Performer
1085,15,95,Medium,Medium,No,7,93,Medium,Yes,2,Low,Medium,Public,Positive,4,No,College,Moderate,Male,70,Average Performer
1086,17,88,Medium,High,Yes,7,94,Low,Yes,0,Medium,Medium,Public,Neutral,3,No,High School,Near,Male,69,Average Performer
1087,25,63,Medium,High,Yes,7,72,Medium,Yes,3,Medium,High,Private,Negative,4,No,College,Far,Male,67,Average Performer
1088,22,86,Low,Low,No,6,54,Medium,Yes,2,Medium,Medium,Public,Neutral,0,No,High School,Moderate,Male,64,Average Performer
1089,17,86,Medium,High,No,5,97,High,Yes,3,High,Medium,Public,Neutral,3,No,College,Near,Male,71,Average Performer
1090,23,98,Medium,Low,Yes,7,54,Low,Yes,0,Medium,Medium,Public,Negative,3,No,College,Near,Female,68,Average Performer
1091,21,60,High,Medium,No,7,80,Medium,Yes,0,Medium,High,Public,Neutral,4,Yes,College,Near,Male,64,Average Performer
1092,26,70,Medium,Low,Yes,8,75,Medium,Yes,1,Medium,Low,Private,Neutral,4,Yes,High School,Far,Female,63,Average Performer
1093,16,97,Medium,Medium,Yes,6,92,Low,Yes,0,High,Medium,Private,Positive,4,No,College,Near,Male,71,Average Performer
1094,18,97,High,Medium,Yes,4,75,Low,Yes,0,Low,Medium,Public,Positive,3,No,High School,Moderate,Male,69,Average Performer
1095,18,89,High,Medium,Yes,4,73,Medium,Yes,3,High,Medium,Private,Positive,2,No,College,Near,Female,100,Top Performer
1096,11,91,Medium,Medium,No,6,94,Medium,Yes,3,Medium,Medium,Public,Neutral,3,No,College,Moderate,Male,68,Average Performer
1097,22,64,Low,Medium,No,7,98,Low,No,1,Medium,Medium,Public,Negative,3,No,High School,Near,Male,62,Average Performer
1098,22,81,Medium,Medium,Yes,7,77,Low,Yes,2,Medium,Medium,Public,Positive,3,No,Postgraduate,Far,Female,68,Average Performer
1099,20,69,High,High,Yes,6,73,Medium,Yes,2,Low,Medium,Private,Positive,3,No,High School,Far,Male,66,Average Performer
1100,19,67,Low,Medium,No,5,92,High,Yes,0,Medium,Medium,Public,Positive,3,No,College,Near,Male,64,Average Performer
1101,12,92,Medium,Medium,No,4,92,High,Yes,2,Medium,High,Public,Neutral,3,Yes,High School,Moderate,Male,67,Average Performer
1102,17,65,Medium,High,Yes,8,66,Medium,Yes,1,High,High,Public,Neutral,4,Yes,Postgraduate,Moderate,Female,65,Average Performer
1103,18,79,Medium,Medium,Yes,7,79,Medium,Yes,0,Low,High,Private,Neutral,3,No,College,Far,Male,65,Average Performer
1104,15,98,High,Medium,No,6,58,High,Yes,0,Low,High,Public,Positive,3,No,College,Near,Male,69,Average Performer
1105,19,67,Medium,Medium,No,5,82,High,Yes,1,Low,Low,Private,Negative,3,No,High School,Near,Male,63,Average Performer
1106,22,99,Medium,Low,Yes,6,92,Low,Yes,3,Medium,Medium,Public,Negative,4,No,Postgraduate,Moderate,Male,72,Average Performer
1107,31,100,Medium,Medium,No,7,59,Medium,Yes,2,High,High,Public,Positive,5,No,Postgraduate,Moderate,Male,76,Top Performer
1108,21,82,Medium,High,Yes,7,66,High,Yes,3,Low,Medium,Public,Positive,3,Yes,College,Near,Female,69,Average Performer
1109,22,67,Medium,Medium,Yes,7,72,High,Yes,3,Low,High,Public,Positive,2,No,Postgraduate,Moderate,Female,67,Average Performer
1110,20,73,High,Medium,Yes,9,92,Medium,Yes,2,Medium,High,Public,Positive,3,No,College,Near,Male,69,Average Performer
1111,8,77,High,Medium,Yes,6,87,Medium,Yes,0,Low,Medium,Public,Neutral,2,No,High School,Moderate,Male,63,Average Performer
1112,20,72,Medium,Medium,No,9,66,Medium,Yes,3,Low,High,Private,Positive,3,No,Postgraduate,Near,Male,67,Average Performer
1113,20,71,Low,High,Yes,7,62,High,Yes,2,Medium,Medium,Public,Negative,5,No,College,Near,Male,66,Average Performer
1114,35,99,High,High,Yes,7,85,Low,Yes,2,Medium,High,Private,Neutral,2,No,Postgraduate,Near,Female,79,Top Performer
1115,19,66,Medium,Medium,No,8,74,Medium,Yes,1,High,Medium,Public,Neutral,3,No,High School,Near,Female,64,Average Performer
1116,22,89,High,High,Yes,6,80,Medium,Yes,1,High,High,Public,Positive,3,No,High School,Near,Female,73,Average Performer
1117,20,60,Low,High,No,7,82,High,Yes,2,Low,High,Public,Positive,4,Yes,High School,Near,Male,63,Average Performer
1118,13,84,Medium,Medium,No,5,78,Medium,Yes,1,Low,High,Public,Positive,2,No,High School,Near,Male,65,Average Performer
1119,27,97,Low,High,Yes,8,81,Medium,Yes,0,High,Medium,Public,Positive,5,No,High School,Near,Female,73,Average Performer
1120,25,72,High,High,Yes,8,94,Low,Yes,2,Low,Medium,Private,Positive,4,No,College,Moderate,Female,70,Average Performer
1121,25,67,High,Medium,No,9,93,High,Yes,2,Low,High,Public,Positive,3,Yes,High School,Near,Female,68,Average Performer
1122,15,86,Medium,Medium,Yes,7,57,Medium,Yes,1,Medium,Medium,Public,Negative,3,No,College,Near,Male,65,Average Performer
1123,28,89,Low,High,Yes,9,79,High,Yes,0,Low,Medium,Private,Positive,1,No,College,Moderate,Female,71,Average Performer
1124,12,88,Low,Medium,No,6,72,Low,Yes,2,Medium,Medium,Public,Positive,2,No,College,Far,Male,64,Average Performer
1125,24,73,Medium,High,Yes,8,64,Medium,Yes,4,High,Medium,Private,Neutral,3,Yes,College,Moderate,Male,68,Average Performer
1126,33,70,Medium,Medium,Yes,6,82,Low,Yes,1,Low,High,Public,Neutral,4,No,College,Near,Male,69,Average Performer
1127,14,98,Medium,Medium,No,7,76,Medium,Yes,0,Medium,High,Private,Positive,4,No,College,Moderate,Female,69,Average Performer
1128,17,97,Medium,Medium,No,8,89,Medium,Yes,1,Low,,Public,Neutral,4,No,High School,Far,Male,69,Average Performer
1129,21,78,Medium,Medium,Yes,10,55,Medium,Yes,1,High,Low,Private,Positive,2,No,College,Near,Male,67,Average Performer
1130,17,94,Low,Medium,Yes,8,65,Low,Yes,4,Medium,Medium,Public,Neutral,6,No,High School,Far,Female,68,Average Performer
1131,11,78,Medium,High,Yes,8,51,Medium,Yes,2,Low,Medium,Public,Neutral,3,No,Postgraduate,Near,Male,64,Average Performer
1132,20,77,Medium,Medium,No,6,87,Low,Yes,0,Low,High,Public,Positive,4,No,High School,Near,Female,66,Average Performer
1133,14,66,High,Low,No,7,96,Medium,Yes,3,Low,High,Public,Negative,3,No,High School,Near,Male,63,Average Performer
1134,23,77,Medium,Medium,Yes,7,79,Medium,Yes,0,Low,High,Public,Neutral,2,No,High School,Moderate,Male,66,Average Performer
1135,14,81,Medium,Medium,No,9,81,Medium,Yes,1,Low,High,Private,Negative,3,No,Postgraduate,Near,Female,66,Average Performer
1136,29,61,Medium,High,Yes,7,52,Low,Yes,3,Low,Medium,Private,Positive,3,No,College,Near,Female,67,Average Performer
1137,15,78,High,High,No,9,75,Low,Yes,1,Low,Medium,Public,Negative,1,No,High School,Near,Male,65,Average Performer
1138,18,91,Low,Medium,Yes,5,76,Medium,Yes,1,Medium,Medium,Public,Neutral,3,No,High School,Near,Female,68,Average Performer
1139,25,87,Medium,Low,No,9,52,High,Yes,1,Low,High,Private,Positive,2,No,High School,Near,Male,68,Average Performer
1140,13,85,High,Medium,No,6,89,Medium,Yes,0,High,Medium,Private,Neutral,1,Yes,High School,Near,Male,65,Average Performer
1141,21,96,Medium,Medium,No,8,64,High,Yes,2,Medium,High,Public,Neutral,0,No,College,Near,Male,71,Average Performer
1142,28,61,Medium,High,No,6,86,High,Yes,1,Low,Medium,Private,Negative,3,Yes,Postgraduate,Far,Male,65,Average Performer
1143,10,82,Medium,Low,No,8,70,Medium,Yes,3,Low,High,Public,Positive,1,Yes,Postgraduate,Near,Female,64,Average Performer
1144,21,91,High,Medium,No,6,100,Medium,Yes,0,High,Medium,Private,Neutral,2,No,Postgraduate,Near,Female,72,Average Performer
1145,22,82,Medium,Medium,No,9,61,Medium,Yes,2,Low,Medium,Public,Negative,2,Yes,High School,Near,Female,65,Average Performer
1146,25,73,Medium,High,No,8,53,High,No,0,Low,High,Private,Negative,5,No,Postgraduate,Near,Female,66,Average Performer
1147,13,65,Low,High,No,6,99,Medium,Yes,0,Low,Medium,Private,Negative,4,No,High School,Near,Male,61,Average Performer
1148,12,96,Low,High,Yes,8,62,Medium,Yes,2,Medium,High,Public,Negative,3,No,College,Near,Female,68,Average Performer
1149,23,79,High,High,Yes,8,82,Low,Yes,3,Medium,Medium,Public,Negative,3,Yes,Postgraduate,Moderate,Female,69,Average Performer
1150,22,95,Medium,High,Yes,6,69,Medium,Yes,1,Low,Medium,Public,Positive,3,No,College,Near,Female,72,Average Performer
1151,22,83,Medium,High,Yes,5,82,Medium,Yes,2,Low,High,Public,Positive,3,No,Postgraduate,Near,Female,71,Average Performer
1152,22,87,High,High,No,5,80,Low,Yes,2,Low,High,Public,Negative,3,No,High School,Near,Female,70,Average Performer
1153,16,92,Medium,High,Yes,5,85,Low,Yes,1,Low,Medium,Public,Neutral,2,No,High School,Moderate,Male,68,Average Performer
1154,21,86,Low,Medium,Yes,5,51,Medium,Yes,2,Low,High,Public,Positive,2,No,High School,Moderate,Female,67,Average Performer
1155,22,76,Medium,Medium,Yes,8,92,Medium,Yes,1,Low,High,Public,Neutral,4,No,High School,Near,Female,68,Average Performer
1156,16,81,Medium,Medium,Yes,8,74,Medium,Yes,3,Medium,Medium,Public,Positive,2,No,Postgraduate,Near,Female,68,Average Performer
1157,31,92,Medium,Medium,Yes,4,76,Medium,Yes,2,Medium,High,Public,Positive,4,Yes,High School,Far,Male,72,Average Performer
1158,23,75,Low,High,No,6,71,Low,Yes,0,Medium,Medium,Public,Neutral,2,No,College,Near,Male,65,Average Performer
1159,13,76,Medium,High,No,5,99,Low,Yes,2,Medium,Medium,Private,Positive,4,No,High School,Near,Female,66,Average Performer
1160,24,64,Medium,Medium,Yes,8,90,High,Yes,0,Low,High,Public,Negative,3,No,High School,Near,Male,65,Average Performer
1161,14,97,Medium,Medium,Yes,6,66,Medium,Yes,2,Medium,Medium,Public,Negative,3,Yes,College,Near,Female,67,Average Performer
1162,25,64,Medium,High,No,5,89,Low,Yes,2,Medium,Medium,Public,Neutral,4,No,College,Far,Male,66,Average Performer
1163,27,86,Medium,Medium,No,7,72,Low,Yes,1,Medium,High,Public,Positive,4,No,High School,Far,Male,69,Average Performer
1164,15,77,Medium,Medium,Yes,8,94,Low,Yes,0,High,High,Public,Positive,3,No,College,Moderate,Male,66,Average Performer
1165,26,76,Medium,High,Yes,6,52,Medium,Yes,4,High,Low,Public,Neutral,3,No,High School,Near,Male,69,Average Performer
1166,22,87,High,Low,Yes,7,68,Medium,No,0,Low,Medium,Public,Neutral,2,No,High School,Near,Male,67,Average Performer
1167,25,63,High,Medium,Yes,6,71,Medium,Yes,1,Medium,Low,Private,Positive,3,No,High School,Near,Male,66,Average Performer
1168,31,84,Medium,Medium,Yes,9,87,Medium,Yes,2,Low,Medium,Private,Neutral,3,No,College,Far,Male,71,Average Performer
1169,19,91,High,Low,No,6,59,Medium,Yes,5,Medium,High,Public,Neutral,4,No,College,Moderate,Male,70,Average Performer
1170,15,93,High,Medium,No,6,64,Medium,Yes,2,Medium,High,Public,Positive,4,No,Postgraduate,Near,Male,71,Average Performer
1171,15,67,Medium,Medium,Yes,7,86,High,Yes,1,High,Medium,Private,Positive,3,No,Postgraduate,Near,Male,66,Average Performer
1172,15,96,Medium,Medium,No,7,54,High,No,3,Medium,High,Public,Negative,2,No,High School,Near,Male,67,Average Performer
1173,20,86,High,Low,No,8,60,Medium,Yes,1,Medium,Medium,Public,Neutral,4,Yes,College,Far,Female,66,Average Performer
1174,22,95,Medium,High,No,9,88,Low,Yes,0,Low,High,Public,Positive,2,No,Postgraduate,Near,Male,72,Average Performer
1175,22,79,Medium,Medium,No,9,94,Medium,Yes,1,Medium,Medium,Public,Positive,3,No,High School,Near,Male,68,Average Performer
1176,25,82,Medium,Medium,No,6,86,Medium,No,3,Low,High,Public,Positive,3,No,High School,Near,Female,69,Average Performer
1177,20,97,Medium,Medium,Yes,7,76,Low,Yes,2,Low,Low,Private,Positive,3,No,Postgraduate,Near,Male,71,Average Performer
1178,29,96,Medium,Medium,Yes,9,55,Low,No,0,Medium,Medium,Public,Neutral,2,No,Postgraduate,Far,Female,70,Average Performer
1179,18,78,Medium,Medium,No,9,91,High,Yes,2,High,Low,Public,Neutral,4,No,College,Far,Female,67,Average Performer
1180,36,71,Medium,Medium,Yes,6,56,Medium,Yes,2,High,Medium,Public,Positive,2,No,High School,Far,Male,69,Average Performer
1181,24,76,Low,High,No,8,69,Low,Yes,2,Medium,Medium,Public,Neutral,1,No,High School,Moderate,Male,65,Average Performer
1182,15,76,High,High,No,8,53,Medium,Yes,1,Low,Medium,Public,Neutral,4,No,College,Near,Male,65,Average Performer
1183,14,71,Medium,Medium,Yes,8,85,Low,Yes,2,Medium,High,Public,Neutral,4,No,High School,Near,Male,64,Average Performer
1184,23,71,Low,Low,Yes,9,75,Low,Yes,1,Low,Medium,Public,Negative,2,No,College,Near,Male,63,Average Performer
1185,19,94,Low,Medium,Yes,5,95,Medium,Yes,3,Low,Low,Public,Positive,2,No,High School,Moderate,Male,69,Average Performer
1186,24,63,Medium,Low,Yes,6,57,Medium,Yes,1,Low,High,Private,Neutral,5,No,College,Near,Female,64,Average Performer
1187,23,87,High,High,Yes,8,91,High,Yes,0,High,Medium,Private,Positive,3,No,High School,Moderate,Male,72,Average Performer
1188,20,67,Low,Medium,Yes,7,76,Medium,Yes,0,Medium,Medium,Public,Neutral,4,No,High School,Near,Male,63,Average Performer
1189,15,74,Low,High,Yes,4,68,Low,Yes,3,Low,Medium,Public,Positive,3,No,High School,Near,Female,64,Average Performer
1190,11,62,Medium,High,Yes,5,82,Medium,Yes,3,High,Medium,Private,Neutral,4,No,College,Moderate,Male,64,Average Performer
1191,17,71,Medium,Medium,Yes,8,90,Medium,Yes,5,Medium,Medium,Public,Positive,1,No,Postgraduate,Far,Male,67,Average Performer
1192,25,91,Medium,Medium,No,8,72,Low,Yes,2,Medium,High,Public,Positive,0,No,Postgraduate,Near,Male,71,Average Performer
1193,21,95,Medium,Medium,No,5,62,High,Yes,1,Medium,Low,Public,Positive,4,No,High School,Near,Male,70,Average Performer
1194,13,69,Medium,Low,Yes,9,96,Low,Yes,0,High,Medium,Private,Neutral,4,No,High School,Far,Female,61,Average Performer
1195,21,79,Medium,High,Yes,7,66,Low,Yes,2,Low,Medium,Public,Negative,4,No,College,Moderate,Male,67,Average Performer
1196,22,79,High,Medium,No,5,100,Medium,Yes,4,High,High,Public,Negative,3,No,College,Near,Male,72,Average Performer
1197,15,95,Low,Low,Yes,6,88,Low,Yes,1,Low,Medium,Public,Negative,5,No,High School,Near,Male,66,Average Performer
1198,21,91,Medium,High,Yes,5,84,Medium,Yes,1,High,Low,Public,Neutral,2,No,High School,Near,Male,70,Average Performer
1199,20,81,High,Medium,Yes,6,51,High,No,3,Medium,Medium,Public,Neutral,4,Yes,High School,Near,Male,67,Average Performer
1200,13,87,High,Low,Yes,4,72,Medium,Yes,2,Medium,High,Public,Neutral,3,No,High School,Moderate,Female,67,Average Performer
1201,22,94,Low,Medium,Yes,7,75,High,Yes,2,High,Medium,Public,Neutral,2,No,College,Near,Female,71,Average Performer
1202,23,60,High,Medium,Yes,8,69,Medium,Yes,1,Low,Medium,Private,Positive,4,No,College,Near,Male,66,Average Performer
1203,26,76,Medium,Medium,Yes,5,57,Medium,Yes,1,Medium,Medium,Public,Positive,4,No,High School,Near,Male,68,Average Performer
1204,26,96,Medium,Medium,Yes,7,68,Medium,Yes,3,High,Medium,Private,Positive,3,No,College,Near,Female,74,Average Performer
1205,12,90,Medium,Low,Yes,6,54,Medium,No,1,High,Medium,Public,Neutral,3,No,High School,Near,Male,64,Average Performer
1206,14,82,Medium,Medium,No,8,65,Medium,Yes,1,Low,Medium,Private,Positive,3,No,College,Near,Male,65,Average Performer
1207,23,81,Low,Medium,Yes,4,54,Medium,Yes,1,Low,Medium,Public,Neutral,3,No,College,Near,Male,66,Average Performer
1208,23,74,Medium,High,Yes,8,88,Low,Yes,0,Medium,High,Public,Negative,3,Yes,High School,Near,Male,66,Average Performer
1209,23,81,Medium,Low,No,4,84,Medium,Yes,2,Medium,Medium,Public,Positive,5,No,High School,Near,Male,68,Average Performer
1210,43,86,High,Medium,Yes,7,97,Medium,Yes,2,Medium,High,Public,Positive,1,No,High School,Near,Female,78,Top Performer
1211,23,77,Medium,High,Yes,6,69,Low,Yes,1,Medium,Medium,Private,Positive,2,No,High School,Moderate,Female,67,Average Performer
1212,27,89,Medium,High,Yes,6,89,Medium,Yes,3,Medium,Medium,Private,Positive,3,No,High School,Near,Male,74,Average Performer
1213,26,94,Medium,High,No,5,79,High,Yes,1,Low,High,Public,Positive,2,No,Postgraduate,Near,Male,74,Average Performer
1214,24,66,Medium,Low,No,9,82,Low,Yes,1,Medium,Medium,Public,Neutral,2,Yes,High School,Near,Female,62,Average Performer
1215,18,78,High,Medium,Yes,5,77,Medium,No,2,Medium,Medium,Public,Neutral,4,No,High School,Far,Male,66,Average Performer
1216,25,76,Medium,Medium,Yes,5,89,High,Yes,3,Medium,High,Public,Neutral,3,No,High School,Far,Female,69,Average Performer
1217,15,87,Medium,High,Yes,10,52,Medium,Yes,2,Low,High,Private,Positive,3,No,College,Near,Male,68,Average Performer
1218,19,70,Medium,Low,No,7,54,High,Yes,0,Medium,Medium,Public,Positive,2,Yes,High School,Moderate,Male,89,Top Performer
1219,17,86,High,Low,No,5,55,Low,No,2,High,Medium,Private,Neutral,4,No,College,Near,Male,66,Average Performer
1220,20,95,Low,Medium,Yes,7,64,Low,No,2,Medium,High,Public,Neutral,3,No,High School,Near,Female,68,Average Performer
1221,34,77,Medium,Low,Yes,7,80,Low,Yes,0,Medium,Medium,Public,Positive,3,No,High School,Near,Male,69,Average Performer
1222,9,96,Medium,Medium,Yes,4,82,High,No,0,Low,Medium,Public,Positive,4,No,College,Near,Male,67,Average Performer
1223,24,100,High,High,Yes,6,86,Low,Yes,2,Medium,Medium,Private,Positive,5,No,High School,Near,Male,75,Top Performer
1224,10,64,Medium,High,No,7,64,High,Yes,0,Medium,Medium,Public,Positive,4,Yes,High School,Moderate,Female,60,Average Performer
1225,17,69,High,Medium,Yes,9,83,Medium,Yes,2,Medium,High,Private,Positive,4,Yes,College,Moderate,Female,66,Average Performer
1226,27,98,Low,High,Yes,7,56,Low,Yes,1,High,Medium,Private,Positive,3,No,College,Near,Female,73,Average Performer
1227,20,98,Medium,Low,No,7,50,Low,Yes,1,Medium,High,Private,Neutral,2,No,High School,Near,Female,68,Average Performer
1228,14,64,Medium,Medium,Yes,6,85,Medium,Yes,0,Medium,Medium,Public,Neutral,3,No,High School,Near,Male,62,Average Performer
1229,16,61,Medium,Medium,No,9,86,Low,Yes,2,Low,High,Public,Positive,2,No,High School,Near,Male,62,Average Performer
1230,24,66,High,Low,Yes,8,81,High,Yes,1,Medium,Medium,Public,Neutral,4,No,High School,Far,Male,65,Average Performer
1231,16,100,High,Low,Yes,8,63,High,Yes,2,Low,Medium,Public,Negative,3,No,High School,Moderate,Male,69,Average Performer
1232,21,67,Medium,Medium,No,7,96,Low,Yes,3,Low,Medium,Public,Neutral,2,No,High School,Far,Female,64,Average Performer
1233,20,80,Medium,High,No,5,94,Medium,Yes,0,Low,Low,Private,Positive,4,Yes,Postgraduate,Moderate,Female,67,Average Performer
1234,16,94,High,High,Yes,9,76,Medium,Yes,0,Low,High,Public,Neutral,2,No,High School,Near,Male,70,Average Performer
1235,33,61,Medium,Medium,No,7,99,High,Yes,2,Medium,High,Public,Neutral,3,No,College,Near,Female,70,Average Performer
1236,24,84,High,Low,No,7,65,Low,Yes,3,Medium,High,Public,Positive,3,No,High School,Near,Female,69,Average Performer
1237,8,71,High,Low,No,8,75,Medium,Yes,0,Medium,High,Public,Positive,3,No,High School,Near,Male,61,Average Performer
1238,21,94,Medium,Medium,No,7,96,Low,Yes,0,Medium,Medium,Private,Neutral,2,Yes,Postgraduate,Moderate,Male,69,Average Performer
1239,16,71,High,Medium,Yes,5,73,Medium,Yes,1,Medium,Medium,Public,Neutral,0,Yes,High School,Near,Male,63,Average Performer
1240,25,87,Medium,Low,Yes,7,74,Low,Yes,0,Medium,High,Public,Neutral,4,Yes,High School,Near,Male,67,Average Performer
1241,15,87,Low,Medium,No,4,54,Medium,Yes,1,Medium,Medium,Public,Neutral,6,No,,Moderate,Male,65,Average Performer
1242,19,69,Medium,Medium,Yes,7,61,High,Yes,3,High,High,Public,Neutral,4,No,High School,Moderate,Male,66,Average Performer
1243,23,61,Low,Medium,No,9,58,Medium,Yes,4,Medium,Medium,Public,Neutral,2,No,High School,Near,Male,63,Average Performer
1244,25,76,Medium,High,Yes,4,78,Medium,Yes,2,Medium,Medium,Private,Negative,3,No,High School,Moderate,Female,68,Average Performer
1245,13,72,High,High,No,7,66,Medium,Yes,0,Low,High,Public,Neutral,4,No,Postgraduate,Near,Male,65,Average Performer
1246,18,92,Low,Medium,Yes,8,54,Medium,Yes,1,Medium,Medium,Public,Positive,3,No,High School,Near,Male,67,Average Performer
1247,17,92,Low,Low,Yes,8,75,Medium,Yes,2,Medium,High,Public,Neutral,3,No,Postgraduate,Near,Female,68,Average Performer
1248,16,78,Medium,High,No,6,83,Medium,Yes,0,Low,Low,Public,Neutral,3,Yes,College,Near,Male,64,Average Performer
1249,31,84,Medium,Medium,No,5,87,High,Yes,0,Medium,Medium,Private,Positive,3,No,College,Moderate,Male,71,Average Performer
1250,22,84,Medium,Medium,Yes,6,92,Low,Yes,0,Medium,Medium,Public,Neutral,5,No,High School,Near,Female,69,Average Performer
1251,12,93,Medium,Medium,Yes,9,74,Low,Yes,1,Medium,Medium,Public,Neutral,3,No,Postgraduate,Moderate,Male,67,Average Performer
1252,26,77,Low,Medium,No,4,70,Low,Yes,2,High,Low,Public,Neutral,3,Yes,College,Moderate,Female,65,Average Performer
1253,33,71,Low,Medium,No,5,84,Medium,Yes,1,Medium,Medium,Public,Positive,2,No,High School,Near,Male,68,Average Performer
1254,26,71,High,Medium,Yes,6,51,Low,No,1,High,Medium,Private,Positive,3,No,Postgraduate,Moderate,Male,67,Average Performer
1255,11,81,Medium,Medium,Yes,6,82,High,Yes,3,Medium,High,Public,Neutral,4,No,High School,Near,Male,67,Average Performer
1256,17,78,Medium,High,Yes,7,70,Medium,No,2,Low,High,Public,Positive,3,No,High School,Near,Male,66,Average Performer
1257,28,78,High,Medium,No,9,73,High,Yes,2,Medium,Medium,Public,Neutral,4,No,College,Moderate,Female,70,Average Performer
1258,16,64,High,Low,Yes,5,65,Medium,Yes,3,Medium,High,Private,Positive,4,No,Postgraduate,Moderate,Female,65,Average Performer
1259,23,89,Low,Low,Yes,7,56,Low,Yes,4,Medium,Low,Private,Positive,4,No,Postgraduate,Near,Female,69,Average Performer
1260,25,69,Medium,Medium,Yes,7,70,Low,No,1,High,High,Public,Positive,4,No,High School,Far,Female,65,Average Performer
1261,14,68,High,Medium,No,6,65,Medium,Yes,1,High,Medium,Public,Neutral,3,Yes,College,Near,Male,63,Average Performer
1262,20,77,Medium,Medium,No,5,98,Low,Yes,2,Low,High,Private,Neutral,2,No,Postgraduate,Far,Female,67,Average Performer
1263,1,69,High,Medium,Yes,6,97,Medium,Yes,1,Low,Medium,Public,Positive,3,No,High School,Near,Female,61,Average Performer
1264,14,83,Medium,Low,Yes,6,82,Medium,Yes,0,Medium,Medium,Public,Positive,2,No,High School,Near,Female,65,Average Performer
1265,18,75,Low,High,Yes,8,95,Medium,Yes,1,Low,Low,Public,Neutral,2,No,College,Near,Female,66,Average Performer
1266,13,78,Medium,High,Yes,8,88,High,Yes,0,High,Low,Public,Neutral,3,No,College,Near,Male,66,Average Performer
1267,30,81,Medium,Low,Yes,5,67,Medium,Yes,1,High,High,Public,Negative,1,No,High School,Near,Male,69,Average Performer
1268,11,68,Medium,Medium,No,6,80,Medium,Yes,2,Medium,Medium,Public,Positive,3,No,College,Moderate,Female,63,Average Performer
1269,17,66,Low,High,No,6,61,Medium,Yes,1,High,Medium,Public,Positive,6,No,Postgraduate,Near,Male,65,Average Performer
1270,21,95,Low,Low,No,10,84,Low,Yes,0,High,Medium,Public,Neutral,4,Yes,High School,Near,Male,67,Average Performer
1271,29,77,High,High,Yes,7,52,Medium,Yes,2,High,Medium,Public,Negative,3,Yes,High School,Near,Female,69,Average Performer
1272,11,76,Low,Medium,Yes,5,92,Medium,Yes,4,Medium,Low,Public,Negative,2,No,Postgraduate,Near,Male,65,Average Performer
1273,27,61,Medium,Medium,No,6,79,Medium,Yes,1,Low,Medium,Public,Positive,3,No,High School,Moderate,Male,65,Average Performer
1274,20,80,High,Low,Yes,6,53,Medium,Yes,0,Low,Medium,Public,Neutral,2,No,College,Moderate,Male,65,Average Performer
1275,14,82,Medium,High,Yes,8,94,Low,Yes,2,Low,High,Public,Negative,5,No,College,Far,Female,67,Average Performer
1276,23,82,Low,Medium,Yes,8,94,Medium,Yes,1,Medium,Medium,Public,Negative,2,Yes,High School,,Male,66,Average Performer
1277,21,88,Medium,High,No,7,93,Medium,Yes,4,Low,Medium,Public,Positive,3,No,High School,Near,Female,72,Average Performer
1278,16,67,Medium,High,No,7,89,High,Yes,3,Low,Medium,Public,Positive,3,No,College,Near,Male,66,Average Performer
1279,20,70,Medium,Medium,Yes,7,84,Low,No,2,Medium,High,Private,Neutral,4,No,College,Far,Male,65,Average Performer
1280,18,92,High,Medium,Yes,7,70,Medium,Yes,1,Low,Medium,Public,Neutral,3,No,High School,Moderate,Male,69,Average Performer
1281,21,98,Medium,Low,No,4,57,Medium,Yes,2,High,Low,Public,Neutral,2,No,High School,Near,Female,68,Average Performer
1282,24,65,Medium,Low,No,7,64,Low,Yes,1,High,Medium,Public,Neutral,1,No,Postgraduate,Near,Male,64,Average Performer
1283,30,80,Low,High,No,6,67,Medium,Yes,3,Medium,Medium,Public,Negative,4,No,College,Moderate,Female,69,Average Performer
1284,13,69,Medium,Low,Yes,5,68,Low,Yes,0,High,Medium,Public,Positive,1,Yes,High School,Moderate,Female,59,Average Performer
1285,33,62,High,Medium,Yes,10,78,Medium,Yes,0,Medium,Medium,Private,Positive,3,No,High School,Moderate,Female,68,Average Performer
1286,8,73,Medium,Medium,No,7,60,Medium,No,0,High,Medium,Private,Neutral,3,No,High School,Near,Female,60,Average Performer
1287,19,66,Medium,High,No,7,59,Medium,Yes,1,High,Medium,Public,Negative,3,No,High School,Far,Male,62,Average Performer
1288,24,88,Low,Medium,Yes,6,86,Low,Yes,0,Low,Low,Public,Negative,3,No,College,Near,Male,67,Average Performer
1289,22,81,Low,High,Yes,8,50,High,Yes,4,Medium,Medium,Private,Positive,5,No,High School,Far,Female,68,Average Performer
1290,16,66,Medium,High,Yes,5,57,High,Yes,3,Medium,Medium,Public,Positive,3,No,High School,Moderate,Female,64,Average Performer
1291,19,60,Medium,High,Yes,7,72,High,Yes,3,Low,High,Public,Positive,3,No,High School,Moderate,Female,65,Average Performer
1292,17,92,Low,Low,Yes,6,57,Medium,Yes,2,Medium,Medium,Private,Positive,2,Yes,High School,Moderate,Female,65,Average Performer
1293,16,67,High,Medium,No,8,98,Medium,Yes,0,Low,Low,Public,Neutral,3,No,High School,Near,Female,63,Average Performer
1294,25,84,Medium,Low,Yes,6,84,Low,Yes,2,Medium,High,Public,Positive,3,No,High School,Near,Male,70,Average Performer
1295,22,73,Low,Medium,Yes,9,72,Low,Yes,3,Medium,Medium,Public,Positive,3,No,High School,Near,Female,66,Average Performer
1296,16,83,Medium,High,Yes,7,56,Low,Yes,4,High,Medium,Public,Positive,3,No,High School,Near,Female,68,Average Performer
1297,25,73,Low,Low,No,8,69,Medium,Yes,3,Medium,Medium,Private,Positive,3,No,High School,Near,Female,66,Average Performer
1298,22,63,Low,Low,No,8,83,Medium,Yes,3,Medium,Medium,Private,Negative,1,No,College,Near,Male,63,Average Performer
1299,25,69,High,Medium,Yes,9,98,Medium,Yes,1,Low,Medium,Public,Negative,3,Yes,College,Moderate,Female,66,Average Performer
1300,24,68,Medium,Medium,Yes,6,74,Medium,Yes,1,Medium,Medium,Public,Neutral,3,No,High School,Near,Female,65,Average Performer
1301,15,77,Medium,Medium,Yes,8,85,High,Yes,1,Low,Medium,Public,Positive,2,No,Postgraduate,Moderate,Male,66,Average Performer
1302,17,86,High,Low,Yes,4,60,High,Yes,2,High,Low,Private,Positive,3,Yes,College,Moderate,Female,67,Average Performer
1303,24,71,Medium,Medium,Yes,7,81,Medium,Yes,0,Low,Medium,Private,Positive,3,No,High School,Near,Male,66,Average Performer
1304,24,60,Low,Medium,No,6,62,High,Yes,4,Low,High,Public,Negative,3,No,High School,Near,Female,63,Average Performer
1305,20,81,Medium,Medium,Yes,5,60,Low,Yes,3,Medium,Medium,Public,Positive,4,Yes,High School,Near,Male,66,Average Performer
1306,21,84,Medium,Medium,No,6,75,Low,No,1,High,Medium,Public,Positive,3,No,College,Moderate,Male,67,Average Performer
1307,28,99,Medium,Medium,Yes,6,61,Medium,No,1,Low,Medium,Public,Positive,3,No,High School,Near,Male,71,Average Performer
1308,16,84,Medium,High,Yes,7,86,Medium,Yes,1,Low,Medium,Private,Neutral,2,No,High School,Near,Female,67,Average Performer
1309,23,79,Medium,High,Yes,6,97,Medium,Yes,1,High,Low,Public,Neutral,4,No,High School,Moderate,Male,69,Average Performer
1310,19,83,Medium,Medium,Yes,7,70,Medium,Yes,2,Low,Medium,Public,Negative,4,Yes,Postgraduate,Near,Female,67,Average Performer
1311,19,97,High,Medium,Yes,6,66,High,Yes,2,Medium,Medium,Private,Positive,2,No,College,Moderate,Female,72,Average Performer
1312,27,93,High,Low,No,6,59,High,Yes,2,Low,Medium,Private,Negative,4,No,High School,Near,Female,70,Average Performer
1313,25,73,Medium,High,Yes,7,70,Low,Yes,0,Low,Medium,Private,Neutral,4,No,Postgraduate,Moderate,Male,67,Average Performer
1314,25,69,Low,High,Yes,7,78,Medium,Yes,0,Low,High,Public,Negative,3,No,High School,Far,Female,64,Average Performer
1315,28,71,Medium,Medium,No,8,69,High,Yes,1,Medium,High,Private,Neutral,1,No,College,Moderate,Female,67,Average Performer
1316,20,80,Low,High,No,8,81,Medium,Yes,3,Medium,Medium,Private,Negative,4,No,Postgraduate,Near,Male,69,Average Performer
1317,24,90,Low,Low,No,7,83,Medium,Yes,0,Low,Medium,Private,Positive,3,No,College,,Male,68,Average Performer
1318,18,80,Medium,Medium,No,8,55,Low,Yes,2,Low,Low,Public,Neutral,3,No,High School,Moderate,Male,63,Average Performer
1319,22,63,Medium,High,Yes,7,85,Medium,Yes,4,High,High,Public,Negative,3,No,College,Near,Female,68,Average Performer
1320,19,89,High,Medium,Yes,7,95,Medium,Yes,0,Medium,Medium,Public,Positive,3,No,High School,Near,Male,70,Average Performer
1321,21,92,Medium,Low,Yes,8,51,Low,Yes,0,Medium,Medium,Public,Neutral,2,No,College,Moderate,Male,66,Average Performer
1322,24,72,High,High,No,6,78,High,Yes,0,Low,High,Public,Negative,6,No,High School,Near,Female,68,Average Performer
1323,15,87,High,Low,Yes,4,80,High,Yes,0,Low,Medium,Private,Positive,3,No,College,Near,Male,67,Average Performer
1324,33,77,Low,High,Yes,5,85,Medium,Yes,0,Low,Medium,Private,Neutral,5,No,High School,Far,Female,69,Average Performer
1325,14,96,Medium,Low,Yes,9,69,High,Yes,0,Medium,Medium,Private,Negative,3,Yes,College,Near,Female,66,Average Performer
1326,13,94,Medium,Medium,Yes,7,91,Low,Yes,3,Low,Medium,Public,Neutral,3,No,High School,Near,Male,68,Average Performer
1327,27,81,Medium,Medium,Yes,7,77,Medium,Yes,2,Medium,Low,Public,Neutral,2,Yes,Postgraduate,Moderate,Female,69,Average Performer
1328,25,88,Medium,Medium,Yes,7,70,Low,Yes,1,Medium,Medium,Private,Positive,3,No,Postgraduate,Moderate,Male,70,Average Performer
1329,24,95,Medium,High,Yes,8,86,High,Yes,1,Medium,High,Private,Neutral,3,No,College,Near,Male,74,Average Performer
1330,24,80,Medium,High,Yes,7,96,High,Yes,0,Low,High,Public,Positive,0,No,College,Moderate,Female,70,Average Performer
1331,20,73,Medium,Medium,Yes,7,91,Low,Yes,1,Medium,High,Public,Neutral,2,No,Postgraduate,Moderate,Male,66,Average Performer
1332,15,90,High,Medium,Yes,8,97,Medium,Yes,1,Low,High,Private,Negative,3,No,College,Near,Female,69,Average Performer
1333,20,69,Medium,High,No,6,63,Low,Yes,0,Low,Medium,Public,Negative,3,No,Postgraduate,Near,Male,64,Average Performer
1334,16,76,Low,High,Yes,8,56,Medium,No,1,Low,Medium,Public,Positive,1,No,High School,Near,Male,62,Average Performer
1335,26,95,Low,High,No,7,77,Medium,Yes,0,Medium,Medium,Public,Neutral,3,No,High School,Moderate,Female,70,Average Performer
1336,19,89,High,Medium,Yes,7,52,Medium,Yes,2,Medium,Medium,Public,Negative,4,No,High School,Moderate,Male,68,Average Performer
1337,15,76,Medium,Medium,Yes,6,84,Low,Yes,0,Medium,High,Public,Neutral,3,No,College,Near,Female,65,Average Performer
1338,18,69,High,High,No,7,62,Low,Yes,3,Medium,Medium,Public,Positive,3,No,High School,Moderate,Male,65,Average Performer
1339,22,74,High,High,Yes,6,73,Low,Yes,3,High,High,Public,Positive,4,No,Postgraduate,Moderate,Female,71,Average Performer
1340,17,71,High,Medium,Yes,9,83,Low,Yes,2,Medium,Medium,Public,Neutral,5,No,High School,Near,Male,66,Average Performer
1341,15,67,Medium,Medium,No,4,74,Medium,Yes,0,Low,Medium,Public,Negative,3,No,College,Moderate,Male,61,Average Performer
1342,21,90,Low,Medium,Yes,8,62,Low,Yes,2,Medium,High,Public,Negative,5,Yes,High School,Near,Male,67,Average Performer
1343,21,70,Low,High,Yes,4,94,Medium,Yes,0,Low,High,Private,Neutral,2,No,College,Far,Male,65,Average Performer
1344,17,78,Medium,High,No,8,88,Medium,Yes,0,Low,Medium,Public,Negative,3,No,High School,Near,Female,65,Average Performer
1345,17,75,Medium,High,Yes,6,80,Medium,No,1,Low,Medium,Private,Positive,5,No,High School,Moderate,Male,65,Average Performer
1346,21,99,Medium,Medium,No,8,85,High,Yes,4,Medium,Medium,Public,Positive,4,No,High School,Moderate,Male,73,Average Performer
1347,11,76,Medium,Medium,Yes,7,71,Medium,No,1,Medium,Low,Public,Neutral,2,No,College,Near,Male,62,Average Performer
1348,12,63,Medium,High,Yes,5,69,Low,Yes,0,Medium,High,Public,Negative,2,No,College,Moderate,Female,60,Average Performer
1349,16,64,Low,Medium,Yes,9,58,Low,Yes,1,Medium,Medium,Public,Positive,3,No,College,Moderate,Female,61,Average Performer
1350,19,84,Low,Medium,Yes,8,90,High,Yes,2,Low,Medium,Private,Neutral,3,No,Postgraduate,Far,Male,67,Average Performer
1351,22,84,High,Medium,No,8,69,Medium,No,3,Medium,High,Private,Neutral,4,No,College,Near,Male,70,Average Performer
1352,29,77,Low,High,No,6,85,Medium,Yes,1,Medium,Medium,Public,Positive,1,No,College,Near,Male,69,Average Performer
1353,25,77,Medium,Low,Yes,8,65,High,No,0,Medium,Medium,Public,Positive,5,No,College,Far,Female,66,Average Performer
1354,19,62,Medium,Medium,No,5,90,Low,Yes,2,Low,High,Public,Positive,3,No,College,Moderate,Male,64,Average Performer
1355,20,81,High,Medium,Yes,4,55,Medium,Yes,1,High,Medium,Private,Positive,2,No,Postgraduate,Moderate,Male,68,Average Performer
1356,14,80,High,Medium,Yes,5,81,Medium,Yes,1,Low,Medium,Public,Positive,4,No,Postgraduate,Far,Female,67,Average Performer
1357,20,66,Medium,Medium,No,6,90,High,Yes,0,Medium,Medium,Public,Neutral,1,No,College,Near,Female,64,Average Performer
1358,18,64,Medium,Medium,Yes,6,83,High,Yes,2,Low,Medium,Public,Positive,2,No,College,Near,Male,65,Average Performer
1359,22,65,Low,High,Yes,6,85,Medium,Yes,2,High,Medium,Public,Positive,3,Yes,Postgraduate,Near,Female,66,Average Performer
1360,15,64,Medium,Medium,Yes,6,76,High,Yes,2,Medium,Medium,Private,Positive,4,Yes,High School,,Female,63,Average Performer
1361,23,84,High,Medium,Yes,6,78,Low,Yes,2,Low,Low,Public,Negative,2,No,High School,Moderate,Female,68,Average Performer
1362,29,68,Medium,High,Yes,4,53,Medium,Yes,1,Medium,Medium,Private,Negative,4,No,High School,Far,Male,66,Average Performer
1363,19,70,Medium,Medium,No,7,63,Low,No,3,Low,Low,Public,Neutral,5,No,High School,Near,Male,63,Average Performer
1364,22,67,Low,Medium,No,7,86,Low,Yes,1,Low,Medium,Public,Positive,3,No,High School,Moderate,Female,63,Average Performer
1365,24,98,High,Medium,Yes,6,97,Medium,Yes,1,Medium,Medium,Public,Positive,4,No,College,Far,Male,74,Average Performer
1366,18,94,Medium,High,Yes,9,77,Low,Yes,1,Medium,High,Public,Positive,2,No,College,Moderate,Male,70,Average Performer
1367,21,69,High,High,Yes,7,86,Medium,Yes,2,Low,Medium,Private,Neutral,3,No,High School,Near,Male,68,Average Performer
1368,20,73,Medium,Medium,Yes,7,84,Medium,Yes,0,Medium,Medium,Public,Neutral,4,No,Postgraduate,Moderate,Female,66,Average Performer
1369,21,68,Medium,Low,No,8,100,Low,Yes,0,Medium,Medium,Public,Positive,4,No,High School,Far,Male,63,Average Performer
1370,15,80,Low,High,No,5,90,Medium,Yes,4,Low,Medium,Public,Positive,3,No,College,Far,Female,67,Average Performer
1371,20,61,Medium,Medium,No,7,81,Medium,Yes,1,Medium,Low,Public,Neutral,3,No,High School,Moderate,Male,62,Average Performer
1372,23,87,High,High,No,8,56,Medium,Yes,1,Medium,High,Public,Positive,3,No,Postgraduate,Moderate,Male,71,Average Performer
1373,29,81,High,Medium,No,7,68,Medium,Yes,2,Medium,Medium,Public,Neutral,4,No,Postgraduate,Near,Male,72,Average Performer
1374,26,96,Medium,Medium,Yes,5,63,Medium,No,1,High,Medium,Private,Positive,2,No,Postgraduate,Near,Male,72,Average Performer
1375,33,67,Medium,Medium,Yes,6,93,High,Yes,0,Low,High,Public,Neutral,3,No,High School,Far,Female,68,Average Performer
1376,15,92,Medium,Low,Yes,7,72,Low,Yes,1,Medium,Medium,Public,Negative,5,No,High School,Near,Female,66,Average Performer
1377,25,92,Medium,Medium,No,4,77,Medium,Yes,0,Low,Medium,Public,Positive,3,No,High School,Near,Male,70,Average Performer
1378,21,65,Medium,Low,Yes,5,98,High,No,2,Low,Medium,Private,Positive,4,No,Postgraduate,Near,Male,66,Average Performer
1379,33,76,Medium,Medium,Yes,10,92,Low,Yes,1,High,Medium,Private,Positive,3,No,Postgraduate,Near,Female,72,Average Performer
1380,15,67,High,Medium,Yes,8,89,Low,Yes,0,High,High,Public,Neutral,4,No,High School,Moderate,Female,64,Average Performer
1381,15,70,High,Medium,No,9,57,Medium,Yes,1,Medium,Medium,Private,Negative,3,No,High School,,Female,63,Average Performer
1382,16,71,Medium,Medium,No,8,51,Medium,Yes,0,Low,Medium,Public,Negative,2,No,Postgraduate,Far,Female,61,Average Performer
1383,7,82,High,High,Yes,8,56,Medium,Yes,0,Low,Medium,Private,Negative,2,No,High School,Far,Male,62,Average Performer
1384,17,76,Medium,High,No,7,87,High,Yes,1,Medium,High,Public,Positive,4,No,High School,Near,Female,68,Average Performer
1385,15,98,Low,Medium,Yes,8,71,Low,Yes,1,Medium,Medium,Public,Positive,3,No,High School,Near,Male,68,Average Performer
1386,21,65,Low,Medium,No,9,56,High,Yes,1,Medium,Medium,Public,Positive,5,No,High School,Moderate,Male,63,Average Performer
1387,22,99,Medium,Low,Yes,8,87,Low,Yes,1,Medium,Medium,Private,Neutral,4,No,High School,Moderate,Female,70,Average Performer
1388,31,69,High,Low,Yes,7,60,Medium,Yes,1,Low,Medium,Public,Neutral,3,No,Postgraduate,Near,Female,68,Average Performer
1389,26,91,High,Medium,Yes,7,79,Medium,Yes,1,Low,Medium,Private,Neutral,5,No,High School,Near,Female,72,Average Performer
1390,17,74,Medium,Medium,Yes,8,87,Medium,Yes,4,Low,Low,Public,Positive,3,No,College,Near,Male,67,Average Performer
1391,15,66,Low,High,No,6,80,Medium,No,1,Low,Medium,Private,Neutral,1,No,College,Near,Male,61,Average Performer
1392,23,94,Low,Medium,No,8,100,Medium,No,0,Low,Medium,Public,Neutral,3,No,Postgraduate,Near,Male,69,Average Performer
1393,12,72,Medium,Low,Yes,6,72,High,Yes,2,Low,High,Private,Negative,2,No,High School,Moderate,Female,61,Average Performer
1394,31,86,High,High,Yes,6,66,Medium,Yes,3,Medium,Medium,Public,Positive,3,No,College,Moderate,Male,75,Top Performer
1395,27,83,High,Low,No,5,60,Medium,Yes,0,High,Low,Public,Neutral,2,No,College,Moderate,Female,68,Average Performer
1396,17,79,Medium,Low,Yes,6,75,Low,Yes,1,Medium,High,Public,Neutral,4,No,High School,Near,Male,65,Average Performer
1397,10,80,High,Medium,Yes,6,93,High,Yes,4,Medium,,Public,Negative,3,No,College,Moderate,Female,67,Average Performer
1398,28,89,Medium,High,Yes,10,97,High,Yes,3,Medium,Low,Public,Negative,6,No,High School,Near,Female,75,Top Performer
1399,19,64,Low,Medium,No,6,99,Medium,Yes,1,Medium,Medium,Public,Positive,3,No,College,Near,Male,64,Average Performer
1400,27,87,Medium,Medium,No,8,77,Medium,Yes,1,Low,High,Public,Neutral,4,No,High School,Moderate,Male,70,Average Performer
1401,10,96,High,High,No,6,80,Medium,No,0,Medium,Medium,Public,Neutral,4,No,High School,Moderate,Female,67,Average Performer
1402,16,62,Medium,Medium,Yes,7,79,Low,Yes,2,Medium,Medium,Public,Neutral,3,No,High School,Near,Male,63,Average Performer
1403,20,66,High,High,No,7,73,Medium,Yes,1,Medium,Medium,Public,Negative,4,No,College,,Female,65,Average Performer
1404,20,89,Medium,Medium,Yes,4,58,Medium,Yes,1,Medium,Medium,Public,Positive,3,No,High School,Far,Female,67,Average Performer
1405,17,77,Low,High,Yes,5,53,Medium,Yes,2,High,Medium,Public,Neutral,3,No,College,Near,Male,86,Top Performer
1406,24,76,Low,High,No,6,72,High,Yes,3,Medium,High,Public,Neutral,3,Yes,High School,Moderate,Female,67,Average Performer
1407,14,65,High,Medium,No,5,59,Low,Yes,1,High,Medium,Public,Positive,4,No,Postgraduate,Far,Male,63,Average Performer
1408,19,80,Medium,Medium,No,7,94,Medium,Yes,0,Medium,Low,Public,Neutral,3,No,College,Moderate,Female,66,Average Performer
1409,21,65,High,High,No,7,88,Low,Yes,2,Low,Medium,Private,Neutral,1,No,,Near,Male,65,Average Performer
1410,23,79,Medium,Medium,No,5,81,Medium,Yes,1,Medium,Medium,Private,Neutral,3,No,High School,Near,Female,67,Average Performer
1411,24,91,Medium,Medium,No,7,52,Low,Yes,0,High,High,Public,Neutral,4,No,College,Near,Male,69,Average Performer
1412,13,70,High,High,No,6,81,Medium,Yes,2,Medium,Low,Public,Positive,2,No,Postgraduate,Near,Male,66,Average Performer
1413,11,79,Medium,Medium,Yes,7,81,Medium,Yes,1,High,Medium,Public,Neutral,2,No,High School,Moderate,Male,64,Average Performer
1414,28,100,High,Low,Yes,6,72,Medium,Yes,1,Low,Medium,Public,Negative,2,No,Postgraduate,Near,Female,73,Average Performer
1415,22,87,Low,Medium,No,8,83,Low,Yes,1,Low,Medium,Public,Neutral,1,No,College,Far,Male,66,Average Performer
1416,16,94,Medium,Medium,No,9,93,Low,Yes,1,Low,Medium,Public,Negative,4,No,Postgraduate,Near,Female,68,Average Performer
1417,29,77,High,Low,Yes,8,88,Low,Yes,0,Medium,High,Public,Positive,4,No,College,Moderate,Male,70,Average Performer
1418,21,91,High,Medium,No,9,74,Medium,Yes,2,Low,Low,Private,Negative,2,No,,Near,Female,69,Average Performer
1419,27,62,Medium,High,Yes,5,63,Low,Yes,4,High,Medium,Public,Negative,4,No,High School,Near,Female,67,Average Performer
1420,20,65,Medium,Low,No,6,74,Low,Yes,0,Medium,Medium,Private,Positive,3,No,College,Moderate,Male,62,Average Performer
1421,32,68,Medium,Low,No,8,97,High,Yes,1,Low,Medium,Public,Positive,2,No,High School,Near,Male,68,Average Performer
1422,31,76,Medium,High,Yes,9,91,Medium,Yes,1,Low,Medium,Private,Neutral,4,No,Postgraduate,Near,Male,72,Average Performer
1423,19,94,Low,Medium,No,8,51,Medium,Yes,3,Medium,Low,Private,Positive,5,No,Postgraduate,Near,Male,69,Average Performer
1424,26,74,Low,Low,No,5,89,Low,Yes,3,High,High,Private,Negative,2,No,High School,Near,Male,66,Average Performer
1425,24,86,High,High,No,6,59,Medium,Yes,1,Low,Medium,Public,Positive,3,No,High School,Moderate,Female,70,Average Performer
1426,28,88,High,Medium,No,8,79,Medium,Yes,0,Medium,Medium,Public,Positive,3,No,High School,Far,Male,71,Average Performer
1427,14,83,Medium,Medium,Yes,7,90,Medium,Yes,0,Low,Low,Public,Negative,3,No,College,Near,Female,65,Average Performer
1428,24,74,High,Medium,Yes,6,78,Medium,Yes,3,Low,High,Public,Positive,3,No,College,Near,Female,70,Average Performer
1429,26,83,Low,Low,No,7,70,High,No,2,Medium,High,Public,Negative,4,Yes,High School,Moderate,Male,65,Average Performer
1430,9,74,Medium,High,No,7,66,Low,Yes,1,High,High,Private,Neutral,3,No,High School,Far,Female,62,Average Performer
1431,13,63,High,Medium,Yes,5,65,Medium,Yes,2,High,Medium,Private,Neutral,2,No,High School,Far,Male,62,Average Performer
1432,8,100,High,Medium,Yes,8,92,Medium,Yes,1,Medium,High,Public,Neutral,3,No,Postgraduate,Moderate,Female,70,Average Performer
1433,18,65,Medium,High,Yes,6,91,Medium,No,5,Low,Medium,Private,Neutral,3,No,College,Near,Male,66,Average Performer
1434,24,63,High,Low,Yes,7,91,Low,Yes,4,Low,Medium,Private,Positive,4,No,High School,Near,Female,67,Average Performer
1435,29,95,Medium,Low,No,9,64,Medium,Yes,1,Medium,High,Public,Positive,3,No,High School,Near,Female,72,Average Performer
1436,20,72,High,Low,Yes,7,90,Low,Yes,0,Low,High,Private,Negative,3,No,Postgraduate,Near,Female,66,Average Performer
1437,30,86,Medium,Low,Yes,8,52,Medium,Yes,2,Medium,Medium,Public,Negative,2,Yes,College,Moderate,Female,68,Average Performer
1438,12,73,High,Medium,No,5,60,Medium,Yes,1,Low,Medium,Public,Negative,4,No,High School,Moderate,Male,62,Average Performer
1439,10,76,Low,Medium,Yes,8,76,Medium,Yes,2,High,High,Private,Positive,3,Yes,Postgraduate,Moderate,Male,64,Average Performer
1440,20,70,Medium,Medium,No,8,70,Medium,Yes,0,Low,Medium,Public,Neutral,5,No,Postgraduate,Near,Female,65,Average Performer
1441,22,74,Medium,Low,Yes,6,56,Low,Yes,4,Medium,High,Public,Negative,3,No,Postgraduate,Moderate,Male,66,Average Performer
1442,20,76,Medium,Low,No,7,52,Medium,Yes,2,Low,High,Private,Neutral,3,No,High School,Near,Female,64,Average Performer
1443,8,89,Medium,High,Yes,7,81,Low,Yes,4,Low,Medium,Public,Neutral,3,No,College,Near,Male,67,Average Performer
1444,19,80,High,Medium,Yes,7,66,Low,Yes,4,Medium,Medium,Public,Negative,4,No,College,Near,Female,69,Average Performer
1445,12,98,High,Medium,Yes,8,51,Medium,Yes,0,Medium,Low,Public,Positive,5,No,Postgraduate,Moderate,Male,68,Average Performer
1446,24,62,Medium,Medium,No,6,72,High,Yes,2,Low,Low,Public,Neutral,4,No,High School,Near,Male,64,Average Performer
1447,22,80,High,Medium,Yes,7,65,Medium,Yes,2,High,Medium,Private,Neutral,2,No,High School,Moderate,Female,68,Average Performer
1448,14,83,Low,Low,Yes,9,79,Medium,Yes,1,Medium,Low,Public,Positive,3,No,High School,Near,Male,64,Average Performer
1449,17,97,Medium,High,No,9,96,High,Yes,0,High,Medium,Public,Negative,1,No,Postgraduate,Near,Male,71,Average Performer
1450,14,62,High,High,Yes,8,65,Low,Yes,3,Low,Medium,Public,Negative,2,No,High School,Far,Male,61,Average Performer
1451,20,83,Low,Medium,No,7,100,Medium,Yes,4,Low,Medium,Public,Negative,3,No,College,Near,Male,68,Average Performer
1452,26,94,High,Medium,Yes,10,54,Low,Yes,2,High,Medium,Public,Neutral,5,No,,Near,Male,73,Average Performer
1453,14,70,High,Medium,Yes,9,54,Medium,No,3,Medium,Medium,Public,Positive,1,No,College,Near,Male,64,Average Performer
1454,23,95,Medium,Medium,Yes,7,86,Medium,Yes,3,Low,Medium,Public,Positive,4,Yes,Postgraduate,Far,Male,72,Average Performer
1455,17,61,Medium,Medium,Yes,7,87,High,Yes,5,Medium,Medium,Public,Neutral,3,No,High School,Near,Male,65,Average Performer
1456,15,89,Medium,Medium,Yes,6,71,Medium,Yes,1,Medium,High,Public,Positive,4,No,High School,Near,Female,68,Average Performer
1457,19,97,High,Low,Yes,8,64,Medium,Yes,2,Low,High,Public,Positive,3,No,High School,Near,Male,71,Average Performer
1458,14,86,Medium,Low,Yes,8,90,Medium,No,3,Medium,,Public,Negative,3,Yes,Postgraduate,Near,Male,65,Average Performer
1459,17,78,Medium,Medium,No,8,98,Low,Yes,2,Medium,Medium,Private,Positive,2,No,High School,Near,Male,66,Average Performer
1460,13,62,Low,High,No,7,99,Medium,Yes,4,Medium,Low,Public,Positive,1,No,Postgraduate,Moderate,Female,63,Average Performer
1461,32,97,Medium,High,No,5,82,Medium,Yes,1,Medium,Medium,Public,Neutral,3,No,High School,Moderate,Male,74,Average Performer
1462,20,79,High,Low,Yes,7,87,Low,No,2,Medium,High,Private,Neutral,4,Yes,High School,Near,Female,66,Average Performer
1463,16,61,Medium,Low,No,8,91,High,Yes,2,Medium,High,Public,Neutral,3,No,College,Moderate,Male,63,Average Performer
1464,21,88,High,Medium,Yes,6,90,High,Yes,2,High,Medium,Private,Neutral,4,No,High School,Moderate,Male,72,Average Performer
1465,19,79,Medium,High,No,7,100,Low,Yes,1,High,High,Public,Positive,2,No,College,Far,Female,69,Average Performer
1466,19,65,Medium,High,Yes,9,91,Medium,Yes,1,Medium,High,Public,Positive,4,No,College,Near,Male,67,Average Performer
1467,24,69,Low,High,No,5,83,Low,Yes,3,Low,Medium,Private,Neutral,3,No,High School,Near,Male,66,Average Performer
1468,25,63,High,Medium,No,7,69,Medium,Yes,0,Low,High,Private,Negative,5,No,High School,Moderate,Female,64,Average Performer
1469,17,83,Low,Medium,No,9,80,Medium,Yes,4,Medium,High,Public,Negative,2,No,College,Near,Female,67,Average Performer
1470,17,85,Medium,Low,No,7,94,High,Yes,4,Low,Medium,Public,Positive,3,No,College,Near,Female,69,Average Performer
1471,18,80,Medium,Low,Yes,6,65,Medium,Yes,2,Low,High,Public,Negative,2,No,College,,Female,65,Average Performer
1472,6,93,Medium,Medium,No,7,52,High,Yes,0,Medium,Medium,Public,Neutral,2,No,College,Near,Female,64,Average Performer
1473,11,94,Medium,Low,Yes,8,66,High,No,1,High,Low,Public,Neutral,4,No,High School,Near,Female,65,Average Performer
1474,28,85,Medium,High,Yes,7,98,Medium,Yes,2,Low,High,Private,Positive,1,Yes,High School,Near,Male,72,Average Performer
1475,30,61,Low,High,Yes,8,90,Medium,Yes,2,Low,High,Public,Negative,2,No,High School,Moderate,Female,66,Average Performer
1476,19,88,Medium,Low,No,7,59,Medium,Yes,2,Low,Medium,Public,Neutral,3,No,College,Near,Female,66,Average Performer
1477,23,77,High,High,Yes,7,51,Medium,Yes,1,Low,Low,Private,Positive,3,No,College,Moderate,Male,67,Average Performer
1478,22,83,Medium,Medium,Yes,8,83,High,Yes,1,High,Medium,Private,Negative,3,Yes,Postgraduate,Moderate,Male,69,Average Performer
1479,38,86,Low,High,Yes,7,79,Low,Yes,3,Low,Medium,Public,Negative,3,No,High School,Near,Male,73,Average Performer
1480,27,74,Medium,High,No,6,54,Medium,Yes,3,Medium,Medium,Public,Neutral,3,No,College,Near,Female,69,Average Performer
1481,19,97,Medium,Low,No,8,98,Medium,Yes,1,Low,Medium,Private,Neutral,4,Yes,High School,Near,Male,68,Average Performer
1482,14,65,Low,Medium,Yes,7,81,Medium,Yes,1,Low,Medium,Public,Positive,3,No,High School,Moderate,Female,61,Average Performer
1483,10,87,Medium,Low,Yes,6,83,Medium,No,0,Low,Medium,Public,Positive,4,No,High School,Near,Male,63,Average Performer
1484,21,60,Medium,High,Yes,8,93,Low,Yes,0,Low,Medium,Public,Positive,2,No,High School,Far,Female,63,Average Performer
1485,15,97,Low,Medium,Yes,9,67,Medium,Yes,1,Low,High,Public,Neutral,2,No,College,Near,Male,68,Average Performer
1486,11,65,Medium,High,No,7,78,Medium,Yes,2,Low,Medium,Public,Neutral,3,No,Postgraduate,Near,Female,63,Average Performer
1487,16,64,High,Medium,Yes,7,79,Medium,Yes,3,Medium,Medium,Private,Positive,4,Yes,Postgraduate,Near,Female,66,Average Performer
1488,14,73,High,Medium,Yes,5,98,Medium,Yes,2,Low,Medium,Public,Negative,4,No,High School,Moderate,Female,65,Average Performer
1489,30,75,High,High,No,7,57,High,Yes,0,Low,Medium,Public,Neutral,1,Yes,College,Near,Female,68,Average Performer
1490,25,69,Medium,Medium,Yes,7,88,High,Yes,0,Low,Medium,Public,Negative,4,No,College,Near,Female,66,Average Performer
1491,20,83,Low,Low,No,7,79,Low,No,2,Medium,Medium,Public,Positive,5,No,Postgraduate,Moderate,Male,66,Average Performer
1492,29,78,High,Medium,No,6,92,Medium,Yes,2,Low,Medium,Private,Negative,4,No,High School,Near,Male,70,Average Performer
1493,20,61,Low,Low,Yes,8,92,Medium,Yes,0,Medium,Medium,Public,Negative,2,No,High School,Near,Female,61,Average Performer
1494,15,73,Medium,Low,Yes,7,51,Medium,Yes,2,Low,High,Private,Negative,3,No,High School,Moderate,Male,61,Average Performer
1495,29,92,Medium,Medium,Yes,10,63,High,Yes,1,Low,High,Private,Negative,4,No,High School,Moderate,Male,71,Average Performer
1496,23,88,Low,Medium,Yes,7,59,Medium,Yes,1,Medium,Medium,Public,Negative,2,No,High School,Near,Male,67,Average Performer
1497,14,89,High,High,Yes,4,73,Medium,Yes,2,Medium,High,Public,Negative,3,No,College,Near,Male,70,Average Performer
1498,19,88,High,Medium,No,5,95,Medium,Yes,2,Low,Medium,Private,Negative,4,No,College,Moderate,Male,69,Average Performer
1499,15,72,High,High,No,8,50,Medium,Yes,2,Medium,Medium,Public,Neutral,4,No,High School,Near,Female,65,Average Performer
1500,12,64,High,Low,Yes,6,74,High,Yes,0,Medium,Medium,Public,Positive,2,No,High School,Moderate,Male,61,Average Performer
1501,26,71,Medium,Low,No,6,94,Low,Yes,3,Low,Medium,Public,Positive,4,No,Postgraduate,Near,Male,68,Average Performer
1502,31,93,High,Low,Yes,5,96,Medium,Yes,2,Low,Medium,Public,Positive,2,No,High School,Near,Male,74,Average Performer
1503,12,99,Medium,Medium,No,6,83,Low,Yes,1,Medium,Medium,Public,Negative,3,No,High School,Near,Female,67,Average Performer
1504,23,80,Medium,Medium,Yes,7,91,Low,Yes,5,High,Medium,Public,Negative,1,No,High School,Near,Female,70,Average Performer
1505,16,60,Low,Medium,Yes,8,66,Low,Yes,1,High,High,Private,Neutral,2,Yes,High School,Moderate,Female,59,Average Performer
1506,17,66,High,High,No,5,64,Low,Yes,0,Medium,High,Private,Neutral,2,No,College,Near,Male,64,Average Performer
1507,16,73,High,Medium,Yes,8,52,Medium,Yes,2,Medium,High,Public,Positive,4,No,College,Near,Female,66,Average Performer
1508,15,83,Low,Low,Yes,5,75,Medium,Yes,1,Medium,Medium,Public,Neutral,3,No,High School,Far,Female,63,Average Performer
1509,20,63,Low,Low,Yes,8,73,Low,Yes,0,High,Medium,Public,Neutral,3,No,College,Near,Female,61,Average Performer
1510,15,98,Low,High,Yes,8,69,Low,Yes,2,Low,Medium,Public,Neutral,4,No,High School,Moderate,Female,68,Average Performer
1511,22,75,Medium,Medium,No,6,56,Low,Yes,3,Medium,Medium,Private,Positive,3,No,High School,Far,Male,65,Average Performer
1512,20,97,Medium,High,No,5,62,Medium,Yes,1,Medium,Medium,Private,Neutral,4,No,High School,Far,Male,69,Average Performer
1513,19,91,High,Low,Yes,8,60,Medium,Yes,2,Low,Medium,Private,Neutral,4,No,High School,Moderate,Male,68,Average Performer
1514,15,90,Medium,Low,Yes,6,97,Low,Yes,2,High,High,Public,Positive,2,No,High School,Near,Male,69,Average Performer
1515,17,84,Medium,Low,Yes,7,98,High,Yes,1,Low,High,Public,Neutral,2,No,College,Far,Female,67,Average Performer
1516,25,85,High,High,No,8,50,High,Yes,1,High,Medium,Public,Neutral,1,No,College,Moderate,Female,70,Average Performer
1517,23,86,Medium,Medium,Yes,8,59,Low,Yes,1,Low,Medium,Public,Neutral,3,No,Postgraduate,Moderate,Female,68,Average Performer
1518,14,85,Medium,Medium,No,6,94,Low,Yes,0,High,Medium,Public,Positive,4,No,College,Near,Male,67,Average Performer
1519,21,82,High,Medium,No,7,52,Medium,Yes,4,Low,Medium,Public,Neutral,3,No,High School,Far,Male,67,Average Performer
1520,25,99,High,Medium,Yes,6,97,High,Yes,0,Medium,Medium,Public,Positive,3,No,College,Moderate,Male,75,Top Performer
1521,10,89,Low,Low,Yes,8,69,Low,Yes,3,Low,Medium,Public,Negative,4,No,College,Moderate,Male,63,Average Performer
1522,23,91,Low,Medium,No,9,77,High,Yes,1,Low,Medium,Public,Positive,5,No,High School,Near,Male,70,Average Performer
1523,16,95,Medium,Low,Yes,6,88,Low,Yes,2,High,High,Public,Positive,4,No,High School,Near,Female,70,Average Performer
1524,23,69,Medium,High,Yes,7,62,Medium,Yes,1,Medium,Medium,Public,Neutral,4,Yes,High School,Far,Male,64,Average Performer
1525,15,63,Medium,Low,No,8,55,Low,Yes,0,Medium,Low,Public,Neutral,3,No,College,Near,Female,59,Average Performer
1526,9,79,Medium,Low,No,7,90,High,Yes,1,High,Low,Public,Neutral,3,No,High School,Near,Male,63,Average Performer
1527,10,81,High,Medium,Yes,8,99,Medium,No,2,Medium,Medium,Public,Positive,4,No,Postgraduate,Moderate,Female,67,Average Performer
1528,20,93,Low,High,Yes,7,83,Medium,Yes,0,Medium,Medium,Private,Negative,2,Yes,High School,Near,Male,68,Average Performer
1529,22,78,Medium,Medium,Yes,5,91,Low,Yes,0,Medium,High,Private,Negative,3,No,Postgraduate,Near,Male,68,Average Performer
1530,15,83,Medium,Medium,No,7,97,Medium,Yes,2,Low,High,Private,Neutral,2,No,High School,Near,Female,97,Top Performer
1531,24,81,Medium,Low,No,9,61,Medium,Yes,1,Low,Low,Public,Positive,4,No,College,Near,Female,66,Average Performer
1532,10,62,Medium,Low,No,7,68,High,Yes,3,Medium,Medium,Public,Neutral,3,No,Postgraduate,Near,Male,61,Average Performer
1533,20,85,High,Medium,No,9,61,High,Yes,2,High,Medium,Public,Positive,3,No,College,Near,Male,70,Average Performer
1534,13,93,Low,Low,Yes,4,53,High,Yes,1,Medium,Low,Public,Positive,1,No,Postgraduate,Near,Male,65,Average Performer
1535,16,66,Low,Medium,Yes,8,87,High,Yes,3,Medium,Medium,Public,Positive,2,No,High School,Moderate,Female,64,Average Performer
1536,20,84,Medium,High,Yes,6,57,High,Yes,2,Medium,Medium,Public,Positive,4,No,High School,Far,Female,69,Average Performer
1537,15,84,Medium,High,No,6,55,Low,Yes,1,Medium,Medium,Private,Negative,2,No,High School,Near,Male,64,Average Performer
1538,18,67,Low,Low,Yes,9,68,Low,Yes,2,Low,High,Private,Negative,2,No,Postgraduate,Near,Male,61,Average Performer
1539,26,65,Low,Medium,No,7,53,Low,Yes,3,High,Medium,Public,Positive,2,No,High School,Near,Female,64,Average Performer
1540,17,99,Medium,High,No,6,59,Medium,Yes,0,Medium,Medium,Public,Neutral,3,No,High School,Moderate,Male,68,Average Performer
1541,25,76,Medium,High,No,8,53,High,Yes,1,High,High,Public,Positive,3,Yes,High School,Far,Female,67,Average Performer
1542,13,69,High,Low,No,4,94,Medium,Yes,3,Low,Low,Public,Positive,3,Yes,High School,Near,Male,62,Average Performer
1543,23,67,Medium,Medium,Yes,9,89,Medium,Yes,2,Low,High,Public,Neutral,2,No,High School,Near,Female,66,Average Performer
1544,29,87,Medium,High,Yes,10,93,High,Yes,1,Low,Medium,Public,Neutral,4,No,High School,Moderate,Male,72,Average Performer
1545,5,84,Medium,Medium,Yes,8,93,High,Yes,4,High,High,Public,Positive,3,No,College,Moderate,Male,68,Average Performer
1546,15,86,Medium,High,Yes,8,97,Medium,Yes,4,High,Medium,Public,Positive,3,No,High School,Near,Male,71,Average Performer
1547,23,64,Medium,Medium,Yes,7,59,High,Yes,3,Medium,Medium,Public,Positive,2,No,High School,Moderate,Female,65,Average Performer
1548,19,96,Medium,Low,Yes,5,95,Low,No,2,Medium,Low,Private,Neutral,3,No,High School,Moderate,Female,68,Average Performer
1549,22,76,Medium,Low,No,9,76,Medium,Yes,2,Low,High,Public,Neutral,5,No,High School,Far,Female,65,Average Performer
1550,16,73,High,Low,Yes,8,58,Medium,Yes,1,Medium,Medium,Public,Neutral,4,No,High School,Near,Female,64,Average Performer
1551,21,78,Medium,Low,No,8,83,Medium,Yes,2,Medium,Medium,Public,Positive,4,Yes,High School,Far,Male,65,Average Performer
1552,19,76,High,High,Yes,8,66,Low,Yes,0,Low,High,Private,Negative,4,Yes,High School,Near,Male,65,Average Performer
1553,27,95,High,Medium,No,7,52,High,Yes,3,Medium,High,Private,Negative,3,No,College,Moderate,Female,73,Average Performer
1554,22,97,Medium,High,Yes,6,54,Medium,Yes,1,Low,High,Public,Positive,3,No,Postgraduate,Near,Male,72,Average Performer
1555,22,72,Low,Medium,Yes,10,71,Medium,Yes,1,Medium,Medium,Private,Negative,1,No,College,Near,Male,64,Average Performer
1556,18,95,Medium,Medium,Yes,7,91,Low,Yes,0,Low,Medium,Public,Positive,4,Yes,Postgraduate,Moderate,Male,69,Average Performer
1557,17,91,Medium,Medium,No,6,66,High,Yes,1,High,Medium,Private,Positive,3,No,High School,Near,Male,69,Average Performer
1558,17,97,Medium,High,Yes,9,88,Medium,No,0,Medium,Medium,Public,Positive,2,No,High School,Near,Male,70,Average Performer
1559,22,70,Low,Medium,No,7,53,Low,Yes,1,Low,Medium,Public,Positive,3,No,High School,Near,Female,83,Top Performer
1560,17,83,High,Medium,No,7,70,Low,Yes,3,Low,Medium,Private,Neutral,5,No,Postgraduate,Near,Female,68,Average Performer
1561,22,71,Low,High,Yes,9,56,High,Yes,1,Low,High,Public,Neutral,3,Yes,College,Near,Female,84,Top Performer
1562,32,93,Medium,Medium,Yes,8,93,High,Yes,1,Medium,High,Public,Negative,3,No,Postgraduate,Far,Female,75,Top Performer
1563,25,60,Low,High,No,8,98,Medium,Yes,1,Medium,Medium,Public,Neutral,5,No,Postgraduate,Near,Female,67,Average Performer
1564,18,83,Medium,High,Yes,5,66,Medium,Yes,0,High,Medium,Private,Positive,4,No,Postgraduate,Near,Male,69,Average Performer
1565,27,74,High,Medium,No,8,99,High,No,3,Medium,Medium,Public,Positive,4,No,High School,Near,Male,71,Average Performer
1566,18,73,Medium,Low,Yes,5,88,Medium,Yes,1,Medium,Medium,Public,Positive,5,No,College,Near,Female,66,Average Performer
1567,8,86,Medium,High,No,6,50,High,Yes,1,Medium,Medium,Public,Positive,2,No,College,Near,Male,65,Average Performer
1568,14,94,High,Medium,No,7,74,Medium,Yes,1,High,Medium,Private,Positive,5,No,College,Near,Male,70,Average Performer
1569,9,84,High,Low,No,7,92,High,Yes,1,Low,High,Public,Negative,4,No,Postgraduate,Near,Male,66,Average Performer
1570,18,94,High,Medium,Yes,8,77,Medium,Yes,3,Medium,High,Public,Positive,4,No,Postgraduate,Near,Male,74,Average Performer
1571,20,71,High,Medium,No,8,77,Medium,Yes,0,High,,Private,Neutral,4,No,High School,Moderate,Male,66,Average Performer
1572,30,81,Medium,High,No,8,72,Low,Yes,0,Low,Medium,Public,Neutral,2,No,High School,Moderate,Male,68,Average Performer
1573,22,78,Medium,High,Yes,5,70,Medium,Yes,2,Low,Medium,Public,Positive,1,No,College,Near,Male,68,Average Performer
1574,19,60,Medium,High,No,10,51,Medium,Yes,0,Medium,Medium,Public,Positive,3,Yes,College,Near,Female,62,Average Performer
1575,25,82,Medium,High,Yes,7,81,Medium,Yes,2,Medium,Medium,Private,Neutral,2,No,Postgraduate,Moderate,Male,71,Average Performer
1576,7,86,Medium,Low,No,9,88,Medium,Yes,2,Low,Medium,Public,Negative,2,No,College,Near,Female,63,Average Performer
1577,21,84,High,High,No,4,90,Medium,Yes,2,Medium,Low,Public,Neutral,3,No,High School,Far,Male,69,Average Performer
1578,25,89,Medium,Medium,Yes,7,81,High,Yes,3,Medium,Medium,Public,Negative,0,No,College,Near,Male,71,Average Performer
1579,11,83,High,Low,Yes,5,67,Medium,Yes,1,Medium,Medium,Public,Positive,2,No,Postgraduate,Near,Male,66,Average Performer
1580,27,63,Medium,High,No,6,51,Low,Yes,0,Low,Medium,Public,Positive,2,No,Postgraduate,Moderate,Male,64,Average Performer
1581,22,65,Medium,Medium,Yes,7,95,Low,Yes,3,Low,Medium,Public,Positive,2,No,High School,Moderate,Female,65,Average Performer
1582,18,84,Medium,High,No,6,71,Medium,Yes,4,Medium,Low,Public,Positive,2,No,High School,Near,Female,69,Average Performer
1583,24,71,Medium,Low,No,9,80,Medium,Yes,2,Medium,High,Private,Positive,3,No,High School,Near,Female,66,Average Performer
1584,34,63,Medium,High,Yes,10,60,Low,Yes,1,Medium,Medium,Public,Negative,4,No,High School,Near,Female,67,Average Performer
1585,21,77,Medium,Low,Yes,6,57,Medium,Yes,4,Low,Medium,Public,Negative,5,No,High School,Far,Male,65,Average Performer
1586,21,82,Low,Low,Yes,6,54,High,Yes,3,Low,Medium,Public,Negative,2,No,College,Moderate,Male,65,Average Performer
1587,17,73,High,Medium,No,5,90,High,Yes,1,Low,Medium,Private,Positive,4,No,High School,Near,Male,67,Average Performer
1588,15,89,Low,Medium,Yes,9,82,Low,Yes,1,Medium,Medium,Public,Neutral,3,No,College,Near,Male,66,Average Performer
1589,25,86,Medium,Medium,Yes,7,81,Low,Yes,1,High,Low,Public,Positive,1,No,High School,Near,Male,69,Average Performer
1590,15,73,Medium,High,No,7,96,Low,Yes,1,Low,Medium,Public,Negative,2,No,College,,Male,64,Average Performer
1591,20,90,Medium,Medium,Yes,7,58,High,Yes,1,High,High,Private,Neutral,4,No,High School,Near,Male,70,Average Performer
1592,17,86,High,Medium,Yes,7,59,Low,Yes,3,Low,Medium,Public,Positive,3,No,Postgraduate,Moderate,Male,68,Average Performer
1593,23,85,High,Low,Yes,6,59,Low,Yes,1,Medium,Medium,Public,Negative,1,No,,Near,Male,68,Average Performer
1594,22,82,High,Medium,Yes,7,71,Low,Yes,1,High,,Private,Positive,3,No,High School,Near,Female,69,Average Performer
1595,26,60,Medium,Medium,Yes,7,94,High,Yes,3,High,Medium,Public,Positive,2,No,High School,Moderate,Female,68,Average Performer
1596,17,88,Medium,Medium,Yes,8,94,Medium,Yes,5,Medium,Medium,Public,Neutral,2,Yes,College,Near,Female,70,Average Performer
1597,18,75,High,Medium,Yes,5,80,Medium,Yes,2,Low,High,Public,Neutral,3,No,High School,Near,Female,67,Average Performer
1598,14,98,High,High,Yes,7,83,Medium,No,3,Low,Medium,Public,Positive,3,No,College,Near,Male,72,Average Performer
1599,17,93,High,Low,No,6,95,Medium,Yes,1,Low,Medium,Public,Neutral,4,No,High School,Near,Male,69,Average Performer
1600,22,84,High,Medium,No,7,81,Medium,Yes,1,Medium,Low,Private,Positive,3,No,High School,Moderate,Male,69,Average Performer
1601,25,70,Low,Medium,Yes,8,61,Low,No,3,Low,Medium,Public,Positive,4,No,College,Moderate,Female,64,Average Performer
1602,14,68,Low,Medium,Yes,6,85,Medium,Yes,2,Medium,Medium,Public,Neutral,3,No,High School,Near,Female,63,Average Performer
1603,25,74,High,High,Yes,9,88,Medium,Yes,3,Medium,High,Public,Neutral,3,Yes,High School,Near,Male,70,Average Performer
1604,28,79,High,Medium,Yes,4,82,Medium,Yes,0,Medium,Medium,Private,Positive,3,No,High School,Near,Male,70,Average Performer
1605,22,72,High,Medium,Yes,9,64,Low,Yes,1,Medium,Medium,Public,Negative,2,No,College,Near,Female,66,Average Performer
1606,31,81,Medium,Medium,No,9,70,Low,Yes,1,Low,Medium,Public,Neutral,4,No,Postgraduate,Near,Female,70,Average Performer
1607,15,67,Medium,High,Yes,6,74,High,Yes,0,High,Medium,Public,Positive,2,No,Postgraduate,Near,Female,66,Average Performer
1608,13,99,Medium,Medium,Yes,6,57,Medium,Yes,1,Low,Medium,Public,Negative,5,No,College,Near,Male,68,Average Performer
1609,9,64,Medium,Medium,No,5,73,Medium,Yes,1,Medium,Medium,Public,Positive,4,No,College,Near,Male,61,Average Performer
1610,29,97,Medium,Medium,No,8,58,Medium,Yes,1,High,Medium,Private,Negative,4,No,College,Moderate,Female,72,Average Performer
1611,24,97,High,Low,No,7,75,Low,Yes,1,Medium,Medium,Public,Negative,2,No,High School,Moderate,Female,69,Average Performer
1612,20,81,Medium,Low,Yes,6,53,Low,Yes,0,Medium,Low,Public,Neutral,4,No,,Far,Female,63,Average Performer
1613,22,89,Medium,High,Yes,5,97,Medium,Yes,2,Medium,Medium,Private,Neutral,5,No,High School,Near,Male,72,Average Performer
1614,13,77,Medium,Medium,Yes,10,62,Medium,Yes,1,High,Medium,Private,Neutral,4,No,College,Moderate,Male,65,Average Performer
1615,35,85,Medium,High,Yes,6,73,High,Yes,1,High,Medium,Public,Negative,5,No,High School,Moderate,Female,74,Average Performer
1616,21,74,Medium,Low,Yes,7,52,Low,Yes,1,High,Medium,Public,Negative,4,No,High School,Far,Male,62,Average Performer
1617,21,72,High,Medium,No,7,60,Low,Yes,0,Low,Medium,Private,Neutral,4,No,Postgraduate,Near,Male,65,Average Performer
1618,24,83,Low,High,No,6,85,Low,Yes,1,Low,High,Public,Neutral,4,No,High School,Moderate,Female,68,Average Performer
1619,23,80,Medium,Low,Yes,6,56,Medium,Yes,3,Medium,Medium,Public,Positive,2,Yes,,Near,Male,66,Average Performer
1620,21,83,High,Medium,Yes,6,81,Low,Yes,3,High,Medium,Public,Negative,4,No,Postgraduate,Moderate,Male,71,Average Performer
1621,15,71,Medium,High,No,8,50,Low,Yes,1,Medium,Medium,Public,Neutral,2,Yes,Postgraduate,Near,Female,62,Average Performer
1622,23,75,Low,High,Yes,6,73,Low,Yes,1,Low,Medium,Public,Positive,2,No,High School,Moderate,Female,65,Average Performer
1623,31,63,Medium,High,No,9,86,Low,Yes,0,High,Medium,Public,Neutral,3,No,Postgraduate,Moderate,Male,68,Average Performer
1624,28,62,Medium,High,No,6,96,Medium,Yes,4,Medium,High,Public,Positive,3,No,High School,Near,Male,70,Average Performer
1625,30,70,Low,Medium,No,8,75,Medium,Yes,1,Medium,,Private,Positive,2,No,High School,Near,Female,67,Average Performer
1626,17,63,Medium,Medium,No,4,92,Medium,Yes,2,Low,Medium,Public,Negative,4,No,High School,Near,Female,63,Average Performer
1627,14,64,High,High,Yes,6,90,Low,Yes,0,Low,High,Private,Negative,2,No,High School,Near,Female,63,Average Performer
1628,19,93,Medium,High,No,6,65,Medium,Yes,0,Medium,High,Public,Neutral,3,No,High School,Near,Male,69,Average Performer
1629,20,62,Low,Medium,Yes,5,94,High,Yes,3,Medium,Medium,Public,Neutral,3,No,Postgraduate,Near,Male,66,Average Performer
1630,27,86,Medium,Medium,Yes,7,82,Low,Yes,2,Low,Medium,Public,Positive,3,No,High School,Moderate,Female,70,Average Performer
1631,10,71,Medium,Medium,Yes,7,55,High,Yes,2,Low,High,Public,Positive,3,No,College,Near,Female,63,Average Performer
1632,29,95,Low,Medium,Yes,4,97,Medium,Yes,0,Medium,Medium,Private,Positive,4,Yes,College,Moderate,Female,72,Average Performer
1633,19,79,High,Medium,Yes,10,59,Low,Yes,1,Medium,Medium,Public,Neutral,3,Yes,College,Moderate,Male,65,Average Performer
1634,17,72,Medium,High,Yes,7,74,Low,Yes,2,High,Medium,Public,Positive,4,No,Postgraduate,Far,Male,67,Average Performer
1635,14,81,Medium,Medium,Yes,7,73,Low,No,1,High,Medium,Private,Positive,3,Yes,High School,Moderate,Male,63,Average Performer
1636,10,75,High,Medium,No,9,81,Medium,Yes,3,Low,High,Public,Negative,5,No,High School,Near,Female,65,Average Performer
1637,25,83,Medium,Medium,Yes,8,83,Medium,Yes,2,Low,Medium,Public,Neutral,1,Yes,High School,Moderate,Female,67,Average Performer
1638,20,65,Medium,Low,Yes,7,62,High,Yes,0,Medium,Medium,Public,Neutral,0,Yes,Postgraduate,Near,Male,80,Top Performer
1639,12,100,Medium,Medium,Yes,4,68,Medium,Yes,2,Low,Medium,Public,Neutral,3,No,College,Far,Male,68,Average Performer
1640,12,77,Medium,Medium,Yes,8,57,Medium,Yes,2,Low,High,Public,Negative,2,No,College,Moderate,Male,63,Average Performer
1641,18,74,Medium,Medium,No,6,56,Medium,Yes,1,Medium,Medium,Private,Positive,3,No,College,Moderate,Male,64,Average Performer
1642,30,88,Medium,Medium,No,9,91,Medium,Yes,3,Medium,Low,Public,Positive,3,No,High School,Near,Female,73,Average Performer
1643,18,75,Medium,Medium,Yes,6,88,Low,Yes,2,Medium,High,Public,Negative,1,Yes,Postgraduate,Near,Female,66,Average Performer
1644,11,93,Medium,Medium,Yes,6,72,Low,Yes,2,Low,Medium,Public,Negative,3,No,College,Moderate,Male,66,Average Performer
1645,19,78,High,High,No,5,55,Medium,Yes,0,Medium,Medium,Public,Neutral,4,No,High School,Moderate,Male,66,Average Performer
1646,18,89,Medium,High,Yes,5,72,Low,Yes,4,Medium,Low,Public,Neutral,2,No,High School,Near,Female,69,Average Performer
1647,4,64,Medium,High,Yes,7,65,Medium,Yes,1,Medium,High,Public,Negative,4,No,High School,Far,Male,59,Average Performer
1648,20,94,Medium,Medium,No,7,89,Medium,Yes,0,Low,Medium,Private,Neutral,1,No,High School,Near,Male,68,Average Performer
1649,19,89,Medium,Medium,No,6,55,Medium,Yes,1,Low,Medium,Private,Neutral,3,No,Postgraduate,Moderate,Female,67,Average Performer
1650,24,68,Medium,Medium,Yes,10,73,Low,Yes,1,Medium,Medium,Public,Neutral,4,Yes,High School,Moderate,Female,64,Average Performer
1651,31,66,Low,High,Yes,8,80,Low,Yes,0,Low,Low,Private,Negative,4,No,High School,Near,Female,65,Average Performer
1652,27,73,Medium,Medium,No,7,99,Low,Yes,1,Low,Medium,Public,Positive,4,No,College,Near,Male,68,Average Performer
1653,18,99,Medium,High,Yes,4,54,Low,Yes,0,Medium,Medium,Public,Positive,3,No,Postgraduate,Moderate,Male,70,Average Performer
1654,13,70,Medium,Medium,No,8,56,Medium,Yes,2,Medium,High,Public,Neutral,0,No,High School,Near,Male,62,Average Performer
1655,35,78,High,Low,Yes,10,99,Medium,Yes,1,Low,Medium,Private,Positive,2,No,High School,Near,Male,72,Average Performer
1656,20,61,Medium,Low,Yes,7,70,Low,Yes,1,Medium,Medium,Private,Positive,4,No,High School,Moderate,Female,62,Average Performer
1657,20,76,High,High,Yes,6,87,Low,Yes,1,Low,Medium,Public,Negative,4,No,Postgraduate,Moderate,Male,68,Average Performer
1658,20,83,High,Medium,No,7,89,Medium,Yes,3,Low,High,Private,Negative,4,No,High School,Near,Female,69,Average Performer
1659,21,98,High,Medium,No,5,66,Low,Yes,3,High,High,Public,Positive,5,No,High School,Near,Male,73,Average Performer
1660,19,81,High,High,No,8,61,Low,Yes,3,Medium,Medium,Private,Negative,5,No,Postgraduate,Near,Male,69,Average Performer
1661,17,93,Medium,Medium,Yes,9,64,Medium,Yes,1,Medium,Medium,Public,Neutral,3,No,High School,Moderate,Female,67,Average Performer
1662,17,82,Medium,Low,No,6,88,Low,Yes,2,Low,Low,Private,Neutral,3,No,Postgraduate,Near,Male,65,Average Performer
1663,20,62,Low,Low,No,6,92,High,Yes,2,Medium,Medium,Public,Positive,3,No,Postgraduate,Moderate,Male,63,Average Performer
1664,17,73,High,Medium,Yes,7,85,Medium,Yes,2,Low,Medium,Public,Positive,2,No,High School,Moderate,Male,66,Average Performer
1665,16,83,Medium,Medium,No,6,72,Medium,Yes,1,Low,High,Public,Positive,2,No,College,Near,Male,66,Average Performer
1666,21,98,Medium,High,No,5,63,Low,Yes,0,Low,High,Public,Neutral,2,No,Postgraduate,Near,Male,70,Average Performer
1667,18,94,Medium,Medium,No,6,71,Low,Yes,2,High,Medium,Public,Neutral,3,No,Postgraduate,Far,Male,69,Average Performer
1668,29,69,Medium,High,No,6,96,Low,Yes,1,High,Medium,Public,Positive,4,No,High School,Near,Female,70,Average Performer
1669,4,69,Medium,Low,No,9,93,Low,No,2,Medium,High,Private,Negative,3,No,High School,Moderate,Female,58,Average Performer
1670,27,68,Medium,Medium,No,9,66,Medium,Yes,3,High,Medium,Private,Positive,3,No,High School,Far,Male,67,Average Performer
1671,27,97,High,High,Yes,9,66,Low,Yes,1,Low,,Public,Positive,3,No,High School,Far,Male,73,Average Performer
1672,8,94,High,Low,No,8,89,High,Yes,0,Medium,Medium,Public,Neutral,2,No,High School,Near,Female,66,Average Performer
1673,18,91,High,High,Yes,7,71,High,Yes,0,Medium,Medium,Public,Neutral,3,No,High School,Near,Male,70,Average Performer
1674,18,76,High,High,No,6,79,Medium,Yes,1,Medium,Medium,Private,Positive,2,No,Postgraduate,Far,Female,67,Average Performer
1675,12,80,Low,Low,No,9,71,High,Yes,1,Low,Low,Private,Positive,3,Yes,High School,Moderate,Female,60,Average Performer
1676,15,79,High,Medium,No,8,62,Low,Yes,1,Low,Low,Public,Positive,3,No,College,Near,Male,65,Average Performer
1677,13,70,Medium,Medium,No,5,59,Medium,Yes,0,Medium,High,Private,Positive,2,No,Postgraduate,Near,Female,63,Average Performer
1678,31,80,High,High,Yes,6,57,Low,Yes,1,Medium,High,Private,Positive,3,No,High School,Near,Female,72,Average Performer
1679,26,61,Low,Medium,Yes,5,51,High,Yes,0,Low,Medium,Private,Neutral,5,No,High School,Moderate,Female,62,Average Performer
1680,28,65,Medium,Medium,Yes,4,64,Medium,Yes,6,Medium,High,Public,Neutral,3,No,Postgraduate,Near,Male,70,Average Performer
1681,24,95,High,Low,Yes,8,59,Medium,Yes,2,Low,High,Public,Negative,1,No,College,Moderate,Male,70,Average Performer
1682,13,90,Medium,Medium,No,5,63,Medium,Yes,0,Low,Medium,Public,Neutral,4,No,High School,Moderate,Female,64,Average Performer
1683,17,77,Medium,Medium,Yes,6,54,Low,Yes,3,Low,Medium,Public,Neutral,4,No,High School,Moderate,Male,64,Average Performer
1684,23,81,Medium,Low,Yes,7,67,Medium,Yes,0,Medium,High,Private,Positive,5,No,,Moderate,Female,67,Average Performer
1685,13,75,Medium,High,Yes,7,76,High,Yes,1,Medium,High,Public,Negative,1,No,,Moderate,Male,64,Average Performer
1686,24,90,Medium,Medium,Yes,6,97,Low,Yes,1,High,High,Public,Positive,4,No,High School,Near,Male,72,Average Performer
1687,19,91,Medium,Low,No,9,67,Medium,Yes,0,Medium,Medium,Private,Negative,3,No,College,Near,Female,66,Average Performer
1688,18,91,Medium,Medium,No,5,52,Medium,Yes,2,Medium,Medium,Public,Negative,4,No,High School,Moderate,Female,66,Average Performer
1689,24,89,Medium,High,Yes,5,68,Medium,Yes,0,Low,High,Public,Positive,2,No,Postgraduate,Near,Female,71,Average Performer
1690,23,68,Low,Low,No,8,91,Medium,Yes,5,Low,Medium,Public,Negative,5,No,Postgraduate,Near,Female,66,Average Performer
1691,18,74,Medium,Low,Yes,6,67,High,Yes,2,Low,High,Public,Neutral,2,No,High School,Near,Male,64,Average Performer
1692,27,79,Medium,Low,No,6,65,Low,Yes,0,Medium,Medium,Private,Negative,2,No,College,Near,Male,66,Average Performer
1693,14,73,Medium,Low,Yes,5,96,Low,Yes,1,Low,Medium,Public,Negative,3,No,High School,Moderate,Female,62,Average Performer
1694,24,90,Medium,Medium,No,8,65,Medium,Yes,4,Low,Medium,Public,Neutral,4,No,High School,Moderate,Male,70,Average Performer
1695,24,73,Medium,Medium,Yes,7,99,Medium,Yes,3,Medium,High,Private,Neutral,3,No,High School,Near,Female,69,Average Performer
1696,18,66,High,Medium,No,7,92,Medium,Yes,2,Low,Medium,Private,Neutral,4,No,High School,Moderate,Male,65,Average Performer
1697,22,76,High,Medium,Yes,6,84,High,Yes,2,Medium,High,Public,Neutral,3,No,High School,Near,Male,70,Average Performer
1698,12,99,High,High,Yes,6,80,Medium,No,0,High,Medium,Public,Positive,3,No,High School,Moderate,Male,70,Average Performer
1699,26,69,Medium,Medium,Yes,7,61,Medium,Yes,1,High,High,Public,Positive,2,No,College,Near,Male,67,Average Performer
1700,19,84,Medium,High,Yes,8,87,Low,Yes,2,Low,High,Public,Positive,3,No,High School,Moderate,Female,69,Average Performer
1701,17,77,Low,Medium,No,9,67,Low,Yes,0,Low,High,Public,Neutral,5,Yes,High School,Near,Female,62,Average Performer
1702,26,63,Medium,High,Yes,9,74,Medium,Yes,1,Low,Medium,Private,Positive,4,No,High School,Near,Female,67,Average Performer
1703,16,80,High,Medium,No,8,55,High,No,0,Low,Medium,Public,Positive,6,No,College,Moderate,Male,65,Average Performer
1704,12,88,Medium,Medium,No,8,65,Medium,Yes,0,Low,Medium,Public,Positive,4,No,High School,Near,Male,65,Average Performer
1705,11,81,Medium,High,Yes,5,76,Medium,Yes,1,Low,,Public,Neutral,3,No,Postgraduate,Far,Male,65,Average Performer
1706,24,95,Medium,Low,Yes,6,73,Medium,No,3,Low,Medium,Public,Positive,2,No,High School,Moderate,Male,69,Average Performer
1707,12,72,Medium,Medium,No,8,67,Low,Yes,4,Medium,Medium,Public,Neutral,4,No,High School,Near,Male,63,Average Performer
1708,31,63,Low,High,Yes,7,74,Low,Yes,3,Medium,Medium,Public,Negative,2,No,College,Moderate,Male,66,Average Performer
1709,8,97,Medium,High,Yes,8,87,Medium,Yes,0,Medium,Medium,Public,Positive,2,Yes,High School,Near,Male,67,Average Performer
1710,30,75,Medium,Medium,No,8,73,High,Yes,1,Medium,Medium,Public,Negative,3,No,College,Near,Male,69,Average Performer
1711,21,83,Medium,Medium,Yes,8,75,High,Yes,1,Low,High,Public,Neutral,2,No,High School,Far,Male,67,Average Performer
1712,19,92,Medium,Medium,Yes,5,85,Medium,Yes,1,Medium,High,Private,Neutral,4,No,High School,Near,Male,70,Average Performer
1713,17,73,High,High,Yes,7,92,Medium,Yes,2,High,Medium,Private,Negative,2,No,High School,Moderate,Male,67,Average Performer
1714,22,89,High,Medium,No,6,76,Medium,Yes,2,Low,Medium,Public,Neutral,4,No,High School,Near,Male,70,Average Performer
1715,20,65,High,High,Yes,6,97,Medium,Yes,0,Low,Low,Private,Negative,3,No,High School,Moderate,Female,65,Average Performer
1716,27,72,Medium,Low,No,4,68,Medium,No,0,Medium,High,Public,Negative,3,Yes,College,Near,Male,63,Average Performer
1717,21,66,Medium,Medium,Yes,7,63,Medium,Yes,0,High,Medium,Public,Neutral,3,No,High School,Near,Female,64,Average Performer
1718,21,92,High,Medium,Yes,4,85,Low,Yes,1,High,Medium,Public,Negative,3,No,High School,Far,Male,69,Average Performer
1719,18,69,Low,Medium,No,8,59,Low,No,1,Low,Medium,Public,Positive,4,No,High School,Near,Female,60,Average Performer
1720,20,89,Low,Medium,Yes,9,95,Medium,Yes,3,Low,Medium,Public,Positive,3,No,High School,Moderate,Male,69,Average Performer
1721,22,98,Medium,Low,Yes,8,69,Medium,Yes,4,High,Medium,Private,Positive,2,No,High School,Near,Female,72,Average Performer
1722,10,81,Medium,Low,Yes,7,85,Low,Yes,1,Low,Medium,Public,Neutral,2,No,College,Near,Male,63,Average Performer
1723,12,82,Low,Medium,No,9,79,High,Yes,0,Low,Medium,Private,Positive,2,No,College,Moderate,Female,63,Average Performer
1724,24,78,High,Low,Yes,7,53,High,Yes,0,Medium,Medium,Public,Neutral,4,Yes,,Near,Male,66,Average Performer
1725,21,73,Medium,Medium,No,6,85,Medium,Yes,6,Medium,High,Public,Neutral,5,No,College,Near,Male,70,Average Performer
1726,19,79,Medium,High,Yes,7,90,Medium,Yes,1,High,Medium,Public,Negative,4,No,College,Far,Female,68,Average Performer
1727,20,84,Medium,Medium,Yes,10,99,Low,Yes,2,Medium,Medium,Private,Positive,3,No,High School,Moderate,Male,69,Average Performer
1728,22,99,Medium,Medium,Yes,5,71,High,Yes,0,Medium,High,Public,Neutral,4,No,College,Near,Female,72,Average Performer
1729,17,98,Low,High,No,5,75,Low,Yes,1,Low,Low,Private,Positive,3,Yes,College,Near,Male,67,Average Performer
1730,15,94,Low,Medium,No,8,94,Low,Yes,1,High,Medium,Public,Positive,4,No,High School,Moderate,Male,68,Average Performer
1731,21,96,Medium,High,No,7,63,Medium,Yes,1,Medium,Medium,Private,Negative,2,No,Postgraduate,Far,Female,70,Average Performer
1732,14,79,High,Medium,Yes,6,59,Medium,Yes,5,Medium,High,Public,Positive,3,No,Postgraduate,Far,Male,68,Average Performer
1733,22,86,Medium,Medium,Yes,5,57,High,Yes,2,Medium,Medium,Public,Positive,3,No,College,Moderate,Male,69,Average Performer
1734,10,96,Medium,Medium,No,4,99,Medium,Yes,1,Medium,Medium,Private,Negative,5,No,College,Near,Female,68,Average Performer
1735,26,76,Medium,Medium,No,5,64,Low,Yes,0,Medium,Medium,Public,Positive,5,No,College,Far,Female,66,Average Performer
1736,23,98,Medium,Medium,No,9,88,High,Yes,1,Low,Medium,Public,Negative,4,No,Postgraduate,Moderate,Female,72,Average Performer
1737,22,77,Medium,Medium,Yes,7,72,Medium,Yes,2,Medium,High,Public,Neutral,3,No,High School,Near,Male,67,Average Performer
1738,26,84,Low,High,No,4,62,Medium,No,3,High,High,Public,Positive,2,No,High School,Near,Male,70,Average Performer
1739,30,88,High,Medium,Yes,9,96,Medium,Yes,1,Medium,High,Private,Neutral,3,Yes,High School,Near,Male,73,Average Performer
1740,26,98,Medium,Low,Yes,9,73,High,Yes,1,High,Low,Public,Neutral,6,No,Postgraduate,Moderate,Male,73,Average Performer
1741,9,70,Medium,Medium,No,9,78,Low,Yes,1,Medium,Low,Public,Neutral,2,No,High School,Near,Female,60,Average Performer
1742,12,90,Medium,High,No,6,61,Low,Yes,2,Medium,High,Public,Neutral,3,No,College,Near,Male,67,Average Performer
1743,16,81,High,Medium,Yes,7,66,Medium,Yes,3,High,High,Private,Positive,4,No,High School,Near,Male,69,Average Performer
1744,20,71,Medium,Low,No,7,87,High,Yes,1,Medium,Medium,Public,Negative,5,No,High School,Near,Male,65,Average Performer
1745,23,91,Low,High,Yes,9,67,Low,Yes,2,Low,Medium,Public,Neutral,4,No,,Near,Female,70,Average Performer
1746,16,82,High,High,Yes,6,75,Low,Yes,3,Medium,,Public,Neutral,3,No,College,Moderate,Female,68,Average Performer
1747,21,86,Medium,Low,No,6,56,Medium,Yes,1,Low,High,Private,Negative,2,No,College,Near,Female,66,Average Performer
1748,15,73,Low,High,Yes,8,93,Medium,Yes,1,Low,High,Public,Positive,4,No,College,Far,Male,65,Average Performer
1749,16,79,Low,Medium,Yes,9,87,Medium,Yes,1,Low,Medium,Public,Neutral,2,No,College,Moderate,Female,64,Average Performer
1750,12,85,High,High,Yes,7,88,High,Yes,1,Low,Medium,Public,Neutral,0,No,College,Far,Female,67,Average Performer
1751,14,76,High,Medium,Yes,8,59,Low,Yes,3,Medium,Medium,Private,Neutral,5,No,High School,Moderate,Male,65,Average Performer
1752,12,68,High,High,Yes,7,75,Medium,Yes,1,Medium,Low,Private,Positive,4,No,High School,Near,Male,64,Average Performer
1753,14,98,High,High,No,7,51,Medium,Yes,0,Medium,Low,Public,Positive,1,Yes,High School,Near,Male,67,Average Performer
1754,26,80,Medium,Low,Yes,6,66,Medium,Yes,2,High,Medium,Public,Neutral,4,No,Postgraduate,Near,Male,70,Average Performer
1755,14,89,Medium,Low,Yes,5,67,Low,No,3,Low,Low,Private,Neutral,3,No,High School,Far,Female,63,Average Performer
1756,36,76,Medium,Medium,No,6,96,Medium,Yes,1,Low,Medium,Private,Neutral,2,No,College,Near,Male,71,Average Performer
1757,23,74,High,Low,No,6,100,Low,Yes,2,High,Low,Private,Positive,3,No,High School,Near,Male,68,Average Performer
1758,21,76,Medium,Medium,No,7,81,Medium,Yes,0,Medium,High,Private,Positive,2,No,College,Moderate,Female,67,Average Performer
1759,15,76,High,High,Yes,9,76,Medium,Yes,1,Medium,High,Public,Neutral,2,No,Postgraduate,Far,Female,67,Average Performer
1760,24,82,Low,Medium,Yes,7,72,Medium,Yes,0,Medium,High,Public,Positive,2,No,Postgraduate,Moderate,Female,68,Average Performer
1761,17,82,High,Medium,No,6,51,Medium,Yes,1,Low,Medium,Public,Positive,3,No,Postgraduate,Moderate,Male,66,Average Performer
1762,21,80,Medium,Medium,Yes,8,90,Medium,Yes,0,Medium,Medium,Public,Negative,4,No,College,Near,Male,68,Average Performer
1763,35,65,High,Medium,Yes,7,84,High,Yes,0,Medium,Medium,Public,Positive,2,No,High School,Moderate,Male,70,Average Performer
1764,19,80,Low,Low,No,8,82,Medium,Yes,5,Low,Low,Public,Positive,3,No,College,Near,Male,67,Average Performer
1765,27,67,Low,Medium,Yes,6,90,Medium,Yes,2,High,High,Private,Neutral,3,No,High School,Moderate,Male,67,Average Performer
1766,16,65,Low,High,No,9,96,Low,Yes,2,Low,Medium,Public,Negative,2,No,High School,Near,Male,62,Average Performer
1767,20,97,Medium,High,No,9,69,Low,Yes,0,Low,Low,Public,Negative,3,Yes,High School,Near,Male,67,Average Performer
1768,31,84,Medium,High,No,7,71,Low,Yes,4,Low,Medium,Public,Negative,4,No,High School,Far,Male,70,Average Performer
1769,16,86,High,High,No,8,99,Medium,Yes,4,Low,High,Private,Neutral,4,No,College,Near,Male,72,Average Performer
1770,31,76,Medium,Medium,Yes,9,83,Medium,Yes,2,High,Medium,Private,Negative,3,No,High School,Moderate,Female,70,Average Performer
1771,24,96,Low,High,No,6,93,Medium,Yes,2,Low,Medium,Public,Neutral,2,No,High School,Moderate,Female,94,Top Performer
1772,17,86,Medium,Medium,No,7,61,Medium,No,2,High,Medium,Public,Positive,3,No,High School,Moderate,Male,66,Average Performer
1773,24,91,Low,Low,Yes,7,66,High,Yes,2,Low,High,Public,Neutral,3,No,High School,Near,Male,69,Average Performer
1774,26,75,High,Medium,No,5,70,Low,Yes,0,High,Low,Private,Neutral,2,No,Postgraduate,Near,Male,68,Average Performer
1775,24,98,High,Low,No,8,66,High,Yes,2,Low,Medium,Public,Positive,1,No,High School,Moderate,Male,71,Average Performer
1776,11,93,High,Medium,No,9,94,Medium,Yes,4,Low,High,Public,Neutral,4,No,High School,Moderate,Male,69,Average Performer
1777,16,94,Medium,Medium,No,7,76,Low,Yes,2,Medium,Medium,Public,Neutral,3,Yes,High School,Near,Female,67,Average Performer
1778,19,67,Low,Medium,Yes,8,98,Medium,Yes,2,Low,Medium,Private,Negative,2,No,Postgraduate,Near,Female,64,Average Performer
1779,20,71,Medium,Medium,Yes,9,66,Medium,Yes,1,Medium,Low,Private,Negative,5,Yes,College,Near,Female,63,Average Performer
1780,24,71,Medium,High,Yes,6,52,Medium,Yes,2,Medium,Medium,Private,Neutral,3,No,College,Far,Female,66,Average Performer
1781,21,71,High,Medium,Yes,8,57,Low,No,2,High,Medium,Public,Positive,1,No,Postgraduate,Near,Female,66,Average Performer
1782,12,94,Low,High,Yes,6,61,Medium,Yes,3,High,High,Public,Neutral,4,No,College,Near,Male,69,Average Performer
1783,22,61,Low,Low,Yes,6,82,Low,Yes,4,Medium,Medium,Public,Positive,4,No,High School,Moderate,Female,64,Average Performer
1784,24,63,High,Medium,No,8,59,Low,Yes,1,Low,Medium,Public,Neutral,3,Yes,High School,Near,Male,62,Average Performer
1785,23,71,Medium,Medium,Yes,7,69,High,Yes,3,Low,Medium,Public,Positive,5,Yes,,Far,Female,66,Average Performer
1786,26,68,Medium,High,Yes,8,90,Medium,Yes,4,Low,High,Private,Neutral,3,No,High School,Near,Male,70,Average Performer
1787,25,69,High,Medium,Yes,7,56,Medium,Yes,2,Low,Medium,Private,Neutral,4,No,High School,Near,Male,67,Average Performer
1788,23,92,Low,Medium,No,8,54,Medium,Yes,0,High,Low,Public,Positive,1,No,Postgraduate,Near,Female,68,Average Performer
1789,20,83,High,Low,No,9,77,High,Yes,0,Low,Medium,Public,Positive,3,Yes,,Near,Male,67,Average Performer
1790,10,60,Medium,Medium,No,9,85,Medium,Yes,0,Medium,High,Public,Positive,4,No,Postgraduate,Near,Male,62,Average Performer
1791,23,77,Low,Medium,Yes,8,96,Medium,Yes,1,High,Medium,Private,Neutral,1,Yes,College,Near,Male,67,Average Performer
1792,21,76,Medium,High,Yes,8,83,Medium,Yes,0,Low,Medium,Public,Positive,5,No,High School,Near,Male,68,Average Performer
1793,22,65,Low,Medium,No,7,97,Low,Yes,2,Medium,High,Private,Neutral,4,No,High School,Moderate,Female,64,Average Performer
1794,12,87,Medium,Low,Yes,7,62,Medium,No,2,Medium,Medium,Public,Neutral,4,No,High School,Near,Female,64,Average Performer
1795,14,88,Medium,Medium,No,8,67,Medium,Yes,2,High,Low,Public,Neutral,3,No,Postgraduate,Far,Male,66,Average Performer
1796,26,89,Medium,Low,Yes,7,92,Medium,Yes,2,Low,High,Public,Positive,2,No,Postgraduate,Moderate,Male,72,Average Performer
1797,20,89,Medium,High,Yes,8,91,Medium,Yes,2,Medium,Medium,Public,Positive,3,No,High School,Near,Female,72,Average Performer
1798,24,60,Medium,High,Yes,9,83,High,Yes,2,Medium,Low,Public,Positive,3,Yes,High School,Near,Male,66,Average Performer
1799,20,98,Low,Medium,No,7,75,High,Yes,4,Medium,Medium,Private,Positive,1,No,College,Near,Male,72,Average Performer
1800,20,93,High,Medium,Yes,4,51,Low,Yes,1,Medium,Medium,Public,Positive,3,No,High School,Near,Male,69,Average Performer
1801,26,96,High,High,Yes,10,64,Low,Yes,2,Medium,Medium,Private,Neutral,3,Yes,High School,Near,Female,72,Average Performer
1802,17,61,Low,Low,Yes,6,58,Medium,Yes,1,Medium,High,Public,Neutral,4,No,High School,Near,Male,60,Average Performer
1803,21,97,Medium,Medium,Yes,7,53,Medium,Yes,0,High,Medium,Public,Neutral,2,No,High School,Moderate,Male,69,Average Performer
1804,17,92,Medium,High,No,8,89,Medium,Yes,0,Low,Low,Public,Positive,3,Yes,High School,Near,Male,68,Average Performer
1805,17,93,Low,Medium,Yes,9,57,High,Yes,3,Low,High,Private,Neutral,2,No,College,Near,Male,69,Average Performer
1806,18,64,Medium,Low,Yes,10,68,Low,Yes,1,Low,Medium,Public,Positive,5,No,High School,Near,Male,62,Average Performer
1807,21,90,Medium,Medium,Yes,6,99,Low,Yes,2,Low,High,Public,Positive,2,No,,Moderate,Male,71,Average Performer
1808,17,98,Medium,High,Yes,9,70,Low,Yes,1,High,Medium,Private,Negative,2,No,High School,Near,Male,70,Average Performer
1809,28,87,Low,Low,Yes,7,57,Medium,Yes,2,Medium,High,Private,Negative,4,No,High School,Moderate,Male,68,Average Performer
1810,15,83,High,Medium,Yes,10,84,Medium,Yes,1,High,High,Public,Negative,2,No,College,Near,Male,68,Average Performer
1811,19,98,Medium,High,No,9,90,Low,No,1,High,Medium,Private,Positive,2,No,College,Far,Female,70,Average Performer
1812,17,78,Medium,High,No,7,64,Medium,Yes,0,Low,Medium,Private,Neutral,3,No,High School,Near,Female,65,Average Performer
1813,29,84,High,Medium,Yes,6,90,Medium,Yes,0,Medium,High,Public,Positive,3,No,Postgraduate,Far,Male,73,Average Performer
1814,21,79,High,Medium,No,4,64,Low,Yes,0,Low,High,Public,Negative,4,No,College,Moderate,Male,66,Average Performer
1815,26,97,Medium,Medium,No,8,85,Low,No,2,High,Low,Public,Neutral,3,No,High School,Near,Male,71,Average Performer
1816,11,63,High,Medium,Yes,9,56,High,Yes,2,Medium,Medium,Public,Neutral,3,No,High School,Near,Female,62,Average Performer
1817,22,80,Medium,Medium,Yes,8,71,High,Yes,2,Low,Medium,Private,Positive,3,No,High School,Near,Female,68,Average Performer
1818,25,87,Medium,High,No,4,76,Low,Yes,1,Low,High,Public,Positive,4,No,College,Far,Male,70,Average Performer
1819,20,92,Medium,Low,No,5,86,Low,Yes,0,Medium,Medium,Public,Neutral,2,No,Postgraduate,Moderate,Female,68,Average Performer
1820,26,83,High,Low,Yes,8,83,Medium,Yes,2,Low,High,Public,Neutral,2,No,College,Near,Female,71,Average Performer
1821,17,96,Medium,Medium,Yes,10,93,Medium,Yes,2,Medium,Low,Public,Negative,4,No,High School,Near,Female,70,Average Performer
1822,28,98,Medium,Medium,Yes,7,59,Medium,Yes,1,Low,Medium,Public,Positive,3,No,High School,Near,Male,72,Average Performer
1823,34,63,Medium,High,Yes,9,83,Medium,Yes,2,Medium,High,Public,Negative,2,No,College,Moderate,Male,69,Average Performer
1824,18,76,Medium,High,No,5,56,Medium,Yes,1,Low,Low,Public,Negative,2,No,College,Moderate,Male,63,Average Performer
1825,17,61,Medium,Medium,No,7,74,High,Yes,0,Medium,Medium,Public,Neutral,2,No,Postgraduate,Near,Female,62,Average Performer
1826,29,73,Medium,Medium,No,7,76,Medium,Yes,2,Low,High,Private,Neutral,3,No,High School,Near,Female,68,Average Performer
1827,29,81,Low,Medium,Yes,9,51,Low,Yes,2,Medium,Medium,Public,Positive,5,No,Postgraduate,Near,Male,70,Average Performer
1828,17,96,Medium,Medium,Yes,6,54,Medium,Yes,1,Medium,Medium,Private,Positive,4,No,High School,Near,Male,69,Average Performer
1829,17,94,Medium,Medium,No,10,92,Low,Yes,2,Low,Medium,Private,Negative,2,No,High School,Near,Male,68,Average Performer
1830,18,65,High,Medium,Yes,7,64,Medium,Yes,2,High,Medium,Public,Positive,1,No,High School,Near,Male,65,Average Performer
1831,12,64,Medium,Low,No,5,67,Medium,Yes,3,Low,Medium,Private,Positive,2,Yes,High School,Near,Male,59,Average Performer
1832,14,84,Medium,Medium,No,5,82,Medium,Yes,3,Low,Medium,Public,Positive,3,No,College,Far,Male,66,Average Performer
1833,14,81,High,Medium,No,6,61,Low,Yes,0,Low,Medium,Public,Positive,4,No,High School,Moderate,Male,64,Average Performer
1834,15,71,Low,Medium,No,8,60,High,No,5,Low,High,Public,Positive,4,No,High School,Far,Female,63,Average Performer
1835,20,96,Medium,Medium,No,6,71,Medium,Yes,5,Low,High,Public,Neutral,3,No,College,Near,Male,72,Average Performer
1836,21,97,Medium,High,Yes,6,53,Low,Yes,0,Low,Medium,Public,Negative,3,Yes,High School,Moderate,Male,67,Average Performer
1837,29,76,Medium,Medium,No,8,96,Low,Yes,2,Low,Medium,Public,Positive,2,No,Postgraduate,Moderate,Male,94,Top Performer
1838,14,96,Medium,High,Yes,4,97,Low,Yes,2,Medium,Medium,Public,Negative,3,No,High School,Near,Female,70,Average Performer
1839,26,75,Low,Medium,No,6,72,Medium,Yes,0,Low,High,Public,Neutral,3,No,High School,Near,Male,66,Average Performer
1840,19,89,Low,Medium,Yes,5,60,Low,Yes,4,Medium,Medium,Public,Positive,2,No,Postgraduate,Moderate,Female,69,Average Performer
1841,20,79,Medium,Low,Yes,6,74,Low,Yes,2,Low,Medium,Public,Positive,2,No,High School,Far,Male,64,Average Performer
1842,24,65,Medium,Medium,No,7,55,Low,Yes,1,Low,High,Private,Positive,3,Yes,High School,Near,Female,63,Average Performer
1843,13,97,High,High,No,7,70,Medium,Yes,1,Low,High,Public,Neutral,4,No,Postgraduate,Near,Female,71,Average Performer
1844,22,78,High,Medium,No,7,54,Medium,Yes,1,Medium,Medium,Public,Negative,3,Yes,High School,Moderate,Male,65,Average Performer
1845,21,89,Low,Medium,Yes,9,85,Low,Yes,1,Medium,Medium,Public,Negative,5,No,College,Far,Female,68,Average Performer
1846,23,75,Medium,Medium,No,7,64,High,Yes,1,Low,Medium,Public,Negative,3,Yes,High School,Moderate,Male,64,Average Performer
1847,22,61,Low,Low,Yes,10,76,High,Yes,1,High,High,Public,Positive,2,No,College,Near,Male,64,Average Performer
1848,35,64,Medium,Medium,Yes,8,51,Medium,Yes,2,Medium,Medium,Public,Negative,5,Yes,High School,Near,Male,66,Average Performer
1849,16,80,High,Medium,No,6,76,Medium,Yes,1,Medium,High,Public,Positive,4,No,College,Near,Male,68,Average Performer
1850,17,88,Medium,Medium,No,10,50,Medium,Yes,3,Low,High,Public,Neutral,5,No,College,Moderate,Female,67,Average Performer
1851,16,73,Low,High,Yes,7,96,Medium,Yes,1,Medium,Medium,Private,Positive,3,No,High School,Moderate,Female,66,Average Performer
1852,17,88,Medium,Medium,Yes,10,75,Medium,Yes,2,Medium,Medium,Public,Neutral,3,No,High School,Near,Male,68,Average Performer
1853,16,88,Low,Medium,No,7,55,Medium,Yes,3,Low,Low,Public,Neutral,3,No,Postgraduate,Near,Male,66,Average Performer
1854,27,88,Medium,Medium,No,7,67,Medium,Yes,3,High,Medium,Public,Neutral,4,No,College,Far,Male,71,Average Performer
1855,29,80,Medium,High,Yes,8,52,Medium,Yes,4,Low,Medium,Public,Positive,4,No,High School,Moderate,Female,71,Average Performer
1856,17,97,Medium,High,No,7,77,Medium,Yes,0,Low,Medium,Private,Negative,4,No,College,Far,Male,68,Average Performer
1857,15,80,High,Low,No,9,56,High,Yes,3,Medium,Medium,Public,Neutral,3,Yes,High School,Near,Female,64,Average Performer
1858,23,78,Medium,Medium,Yes,10,74,Low,Yes,3,Medium,Medium,Public,Negative,4,No,High School,Moderate,Male,67,Average Performer
1859,17,68,High,Medium,Yes,4,65,High,Yes,0,Medium,Medium,Private,Positive,2,No,High School,Moderate,Male,64,Average Performer
1860,24,72,High,Low,Yes,8,88,High,Yes,3,Low,Medium,Public,Positive,2,No,High School,Near,Female,68,Average Performer
1861,21,62,Medium,Low,No,6,74,High,Yes,0,Low,High,Private,Positive,3,Yes,Postgraduate,Far,Male,62,Average Performer
1862,11,85,Medium,Low,Yes,4,92,Low,Yes,0,Medium,High,Public,Neutral,1,No,College,Near,Male,64,Average Performer
1863,29,70,Low,High,No,8,97,Low,Yes,3,Low,High,Public,Positive,3,No,Postgraduate,Moderate,Male,70,Average Performer
1864,31,72,Medium,Medium,No,8,98,High,Yes,0,Low,Medium,Public,Neutral,4,No,College,Far,Male,68,Average Performer
1865,16,91,Medium,Medium,No,8,63,High,Yes,2,Medium,High,Public,Neutral,3,No,College,Near,Female,69,Average Performer
1866,18,73,Low,Medium,Yes,8,88,Low,Yes,3,Low,Medium,Public,Positive,4,No,College,Moderate,Male,65,Average Performer
1867,22,70,Medium,High,Yes,8,72,Medium,Yes,2,High,Medium,Public,Neutral,3,No,High School,Near,Male,67,Average Performer
1868,22,67,High,Medium,No,6,71,Low,Yes,2,Medium,,Public,Positive,2,No,College,Moderate,Male,65,Average Performer
1869,24,91,High,Medium,No,7,93,Low,Yes,0,Medium,Medium,Public,Positive,2,No,High School,Moderate,Male,71,Average Performer
1870,32,65,Medium,Low,Yes,8,57,Low,Yes,2,Low,Medium,Public,Positive,3,No,High School,Moderate,Female,65,Average Performer
1871,19,78,Medium,Medium,Yes,9,74,Low,Yes,2,Low,Medium,Public,Positive,5,No,High School,Moderate,Female,66,Average Performer
1872,15,80,High,Medium,No,7,80,Medium,Yes,0,Low,Low,Public,Neutral,5,No,High School,Near,Female,65,Average Performer
1873,12,87,Medium,Medium,Yes,7,53,Low,Yes,2,Medium,Medium,Private,Neutral,1,No,College,Near,Male,65,Average Performer
1874,16,85,Low,Medium,No,7,93,High,Yes,1,Medium,High,Public,Positive,3,No,High School,Near,Male,68,Average Performer
1875,20,92,Medium,Medium,Yes,5,66,Medium,Yes,2,Medium,Medium,Public,Negative,2,Yes,College,Moderate,Male,68,Average Performer
1876,31,62,High,Medium,No,8,83,Medium,Yes,0,Medium,High,Private,Neutral,2,Yes,College,Near,Female,67,Average Performer
1877,17,72,Low,Medium,Yes,5,96,High,Yes,3,High,Medium,Public,Negative,3,No,High School,Moderate,Male,65,Average Performer
1878,21,71,Medium,Low,No,8,86,Medium,Yes,2,Medium,High,Public,Neutral,2,No,College,Near,Male,66,Average Performer
1879,20,66,Medium,Medium,Yes,7,94,Low,Yes,0,Medium,Low,Public,Neutral,4,No,High School,Moderate,Female,63,Average Performer
1880,27,72,High,High,Yes,5,53,Medium,Yes,1,High,Medium,Private,Neutral,5,No,Postgraduate,,Male,70,Average Performer
1881,35,72,High,High,Yes,5,75,Medium,Yes,1,Low,Medium,Public,Positive,5,No,College,Moderate,Male,72,Average Performer
1882,17,81,Medium,High,No,6,78,Medium,Yes,2,Low,Medium,Private,Positive,2,No,High School,Moderate,Male,67,Average Performer
1883,17,87,High,Low,Yes,6,84,Medium,Yes,0,Medium,Medium,Public,Positive,3,No,College,Far,Male,67,Average Performer
1884,26,75,Low,Medium,Yes,9,56,Medium,Yes,1,Low,Medium,Public,Positive,5,No,High School,Moderate,Male,66,Average Performer
1885,24,89,Low,Medium,No,7,83,Medium,No,1,Low,Low,Public,Neutral,3,No,High School,Moderate,Male,66,Average Performer
1886,31,73,High,Medium,Yes,8,57,Medium,Yes,2,Low,High,Public,Neutral,4,No,High School,Far,Male,69,Average Performer
1887,24,72,Medium,Low,Yes,9,53,Medium,Yes,0,Low,High,Private,Neutral,4,Yes,High School,Moderate,Male,62,Average Performer
1888,18,82,Low,Medium,No,9,73,Low,Yes,2,Low,Medium,Public,Positive,4,No,College,Near,Female,66,Average Performer
1889,24,61,Medium,Medium,No,7,80,High,Yes,0,Low,Medium,Public,Positive,3,No,Postgraduate,Moderate,Male,64,Average Performer
1890,27,63,High,Medium,Yes,6,98,Medium,Yes,1,Low,High,Public,Positive,2,No,High School,Moderate,Female,67,Average Performer
1891,25,77,High,High,No,8,85,Medium,Yes,2,Medium,Medium,Public,Positive,1,No,College,Near,Male,71,Average Performer
1892,23,98,High,Medium,Yes,6,80,Medium,Yes,1,Medium,Medium,Public,Positive,2,No,,Moderate,Male,73,Average Performer
1893,26,89,Medium,Low,Yes,10,61,Low,Yes,0,Medium,High,Public,Neutral,3,No,High School,Moderate,Female,68,Average Performer
1894,27,64,High,Low,Yes,8,58,Medium,Yes,2,High,High,Public,Neutral,1,No,Postgraduate,Far,Male,66,Average Performer
1895,28,94,Medium,High,Yes,7,80,Medium,Yes,3,Low,High,Public,Positive,4,No,Postgraduate,Far,Male,75,Top Performer
1896,24,89,Medium,High,Yes,8,61,Medium,Yes,1,Low,High,Public,Positive,3,No,Postgraduate,Near,Female,72,Average Performer
1897,19,84,High,Low,Yes,7,85,Medium,Yes,1,High,Medium,Private,Neutral,3,No,High School,Near,Male,68,Average Performer
1898,21,93,Medium,Medium,Yes,6,56,Medium,No,1,Low,Medium,Public,Positive,3,No,High School,Near,Male,68,Average Performer
1899,27,76,Low,High,Yes,8,67,Medium,Yes,1,Medium,Medium,Public,Positive,4,No,High School,Near,Male,69,Average Performer
1900,15,69,Medium,Medium,Yes,7,89,Medium,Yes,1,Low,High,Public,Negative,2,No,College,Moderate,Female,63,Average Performer
1901,22,80,Medium,High,Yes,10,92,Medium,Yes,0,Medium,High,Public,Positive,2,No,High School,Near,Female,70,Average Performer
1902,18,82,Low,Medium,Yes,6,67,Low,Yes,1,High,Low,Private,Positive,3,No,Postgraduate,Moderate,Male,66,Average Performer
1903,20,82,Low,Low,Yes,8,60,Medium,Yes,3,Medium,High,Public,Positive,4,No,High School,Moderate,Male,66,Average Performer
1904,28,83,Medium,High,No,6,98,Medium,Yes,1,Low,High,Private,Neutral,2,No,Postgraduate,Moderate,Male,72,Average Performer
1905,21,98,Low,Medium,No,6,88,Medium,Yes,1,Medium,Low,Public,Neutral,3,No,Postgraduate,Near,Male,71,Average Performer
1906,20,96,High,Medium,No,4,90,Medium,Yes,3,Low,Medium,Private,Neutral,2,No,College,Near,Male,72,Average Performer
1907,12,95,Medium,Medium,No,8,61,High,Yes,4,High,High,Private,Neutral,1,No,College,Near,Male,69,Average Performer
1908,24,92,Low,High,Yes,6,71,Low,Yes,2,Low,High,Public,Positive,2,No,High School,Near,Male,71,Average Performer
1909,24,98,Medium,Low,No,9,53,Medium,Yes,3,High,Low,Private,Negative,2,No,Postgraduate,Far,Male,69,Average Performer
1910,33,64,High,Medium,No,8,55,Medium,Yes,1,Medium,High,Public,Neutral,3,No,College,Moderate,Female,68,Average Performer
1911,18,71,Low,Low,Yes,7,61,Low,Yes,2,Low,Medium,Public,Negative,4,No,College,Near,Male,61,Average Performer
1912,21,80,Medium,High,No,5,65,High,Yes,2,Medium,Low,Private,Neutral,1,No,Postgraduate,Moderate,Male,68,Average Performer
1913,21,94,High,Medium,Yes,8,100,Low,Yes,0,Low,Medium,Public,Neutral,3,No,Postgraduate,Near,Male,72,Average Performer
1914,29,80,Medium,Medium,Yes,6,71,Medium,Yes,0,Medium,Medium,Public,Positive,3,No,College,Moderate,Female,70,Average Performer
1915,19,90,High,Medium,Yes,5,85,High,Yes,0,Medium,High,Private,Positive,5,No,Postgraduate,Near,Female,73,Average Performer
1916,22,66,Medium,High,No,8,95,Low,Yes,3,Medium,Medium,Private,Positive,3,No,High School,Moderate,Female,67,Average Performer
1917,24,70,Medium,High,No,5,62,Medium,Yes,2,Low,Medium,Private,Negative,4,Yes,College,Near,Male,65,Average Performer
1918,21,89,Medium,Medium,No,4,57,Medium,Yes,1,High,Medium,Private,Positive,2,No,High School,Near,Female,68,Average Performer
1919,17,67,Low,High,Yes,9,62,High,Yes,3,Medium,Medium,Public,Positive,3,No,High School,Near,Male,65,Average Performer
1920,21,74,High,Medium,No,6,94,Medium,Yes,1,Low,High,Public,Positive,1,No,High School,Near,Male,97,Top Performer
1921,26,71,High,Low,Yes,4,83,Low,Yes,1,Medium,Medium,Public,Negative,3,No,College,Moderate,Male,66,Average Performer
1922,14,74,High,High,Yes,6,73,High,Yes,2,Medium,Medium,Private,Neutral,3,No,High School,Near,Female,67,Average Performer
1923,21,88,High,Medium,No,6,91,Medium,Yes,2,High,Medium,Public,Neutral,1,No,High School,Moderate,Female,70,Average Performer
1924,16,75,High,Medium,Yes,9,62,Medium,Yes,3,Low,Medium,Public,Positive,4,No,High School,Moderate,Female,66,Average Performer
1925,27,82,Medium,High,Yes,5,62,Low,Yes,1,Low,High,Private,Neutral,4,No,High School,Moderate,Female,69,Average Performer
1926,11,64,High,Medium,Yes,5,78,Low,Yes,2,Low,High,Private,Neutral,4,No,College,Moderate,Male,62,Average Performer
1927,17,92,Medium,Low,Yes,8,90,High,Yes,1,High,Low,Public,Negative,3,No,High School,Near,Male,68,Average Performer
1928,22,75,Medium,High,Yes,6,63,Low,Yes,1,Low,Medium,Public,Positive,2,No,College,Near,Male,67,Average Performer
1929,29,86,Medium,Medium,Yes,7,61,Medium,Yes,0,Medium,Medium,Public,Negative,4,No,High School,Far,Female,68,Average Performer
1930,20,89,High,Medium,Yes,6,74,Medium,Yes,1,Low,High,Private,Neutral,2,No,High School,Moderate,Male,69,Average Performer
1931,17,68,Medium,Medium,Yes,10,57,Medium,Yes,1,High,Medium,Private,Positive,1,Yes,High School,Moderate,Female,62,Average Performer
1932,31,95,High,Medium,Yes,5,87,Medium,Yes,2,Low,Medium,Public,Neutral,3,No,Postgraduate,Moderate,Male,75,Top Performer
1933,11,85,Medium,Medium,No,7,79,Low,Yes,2,High,Low,Public,Positive,3,No,High School,Near,Male,65,Average Performer
1934,7,77,High,Medium,No,9,76,Medium,Yes,2,Medium,High,Public,Negative,3,No,College,Moderate,Male,63,Average Performer
1935,23,67,High,Medium,No,6,94,Low,Yes,1,Medium,Medium,Public,Positive,2,No,College,Far,Male,66,Average Performer
1936,17,98,Low,High,No,6,87,High,No,3,Medium,Medium,Private,Positive,5,No,College,Near,Female,71,Average Performer
1937,14,90,High,Medium,Yes,8,57,Medium,Yes,0,Medium,Medium,Public,Positive,3,Yes,College,Moderate,Male,66,Average Performer
1938,24,68,Medium,Medium,No,9,71,Medium,Yes,2,Medium,Medium,Public,Neutral,4,No,College,Near,Male,66,Average Performer
1939,21,74,Medium,High,No,6,66,Low,Yes,1,Medium,High,Private,Negative,4,No,High School,Near,Male,66,Average Performer
1940,17,92,High,High,Yes,9,90,Medium,Yes,1,High,Low,Public,Positive,3,No,,Moderate,Male,71,Average Performer
1941,12,88,Medium,Medium,Yes,7,86,High,Yes,3,Medium,High,Public,Positive,3,Yes,High School,Moderate,Male,68,Average Performer
1942,25,91,Medium,Medium,No,8,74,High,Yes,1,Medium,High,Private,Positive,3,No,College,Moderate,Male,71,Average Performer
1943,24,78,Medium,Medium,Yes,9,91,Low,Yes,0,High,High,Public,Negative,3,No,Postgraduate,Far,Female,68,Average Performer
1944,19,89,Low,Medium,No,8,71,Medium,Yes,2,Low,High,Public,Positive,4,No,High School,Near,Male,68,Average Performer
1945,31,75,Medium,Medium,No,7,90,Low,Yes,2,Medium,High,Public,Neutral,2,Yes,High School,Moderate,Male,68,Average Performer
1946,14,68,Medium,Medium,Yes,6,52,Medium,Yes,2,Low,Medium,Public,Positive,2,No,College,Near,Male,62,Average Performer
1947,11,85,High,Low,Yes,10,57,High,Yes,0,Medium,High,Public,Neutral,5,No,High School,Near,Male,65,Average Performer
1948,16,99,Low,High,No,6,88,High,Yes,2,Low,Low,Public,Neutral,3,No,Postgraduate,Near,Male,71,Average Performer
1949,20,72,Medium,High,Yes,7,56,Low,Yes,0,Low,Medium,Public,Negative,6,Yes,College,Moderate,Male,63,Average Performer
1950,21,78,High,Medium,No,8,84,Low,Yes,1,High,Low,Public,Positive,4,No,High School,Near,Male,68,Average Performer
1951,19,87,High,Low,Yes,8,86,Low,Yes,1,Medium,High,Public,Positive,4,No,High School,Moderate,Female,69,Average Performer
1952,22,82,High,High,No,10,83,Medium,Yes,1,Low,High,Private,Neutral,2,Yes,College,Moderate,Male,69,Average Performer
1953,12,94,Medium,High,Yes,7,91,Low,Yes,3,Medium,Medium,Private,Positive,3,No,Postgraduate,Near,Female,71,Average Performer
1954,29,90,Medium,High,No,7,76,Medium,Yes,0,Low,Medium,Public,Neutral,1,No,Postgraduate,Moderate,Female,71,Average Performer
1955,20,62,Medium,Medium,Yes,9,95,Low,Yes,0,Medium,Medium,Private,Neutral,3,Yes,High School,Near,Male,62,Average Performer
1956,27,100,Low,Low,Yes,7,78,Low,Yes,2,Medium,Medium,Public,Negative,2,No,High School,Near,Male,70,Average Performer
1957,22,90,High,High,No,8,75,High,Yes,1,Low,Low,Private,Neutral,3,No,College,Moderate,Male,70,Average Performer
1958,23,95,Medium,Medium,Yes,7,75,Medium,Yes,2,High,Medium,Public,Positive,2,No,College,Near,Male,73,Average Performer
1959,23,86,Medium,High,Yes,8,96,Low,Yes,3,Medium,Medium,Private,Positive,2,No,High School,Moderate,Female,71,Average Performer
1960,23,94,Medium,Low,Yes,8,62,Medium,Yes,2,Low,Medium,Public,Positive,0,No,Postgraduate,Moderate,Female,69,Average Performer
1961,24,64,Medium,High,Yes,6,85,High,Yes,0,High,Low,Private,Neutral,3,Yes,Postgraduate,,Male,66,Average Performer
1962,28,74,Medium,Low,Yes,4,62,Medium,Yes,1,Low,Medium,Private,Neutral,3,No,High School,Moderate,Male,65,Average Performer
1963,21,95,High,Medium,No,4,55,Medium,Yes,2,Medium,High,Private,Neutral,1,No,College,Near,Male,71,Average Performer
1964,24,68,Medium,Medium,Yes,4,98,High,Yes,2,Medium,High,Public,Negative,2,No,High School,Near,Male,68,Average Performer
1965,19,63,Medium,High,Yes,7,56,Medium,Yes,2,Low,Medium,Private,Positive,3,No,High School,Near,Female,64,Average Performer
1966,29,92,Low,Low,Yes,4,84,Medium,Yes,2,Low,Medium,Public,Negative,3,No,Postgraduate,Near,Male,71,Average Performer
1967,16,93,Low,Medium,No,7,71,Medium,Yes,0,Medium,High,Public,Positive,2,No,High School,Near,Male,67,Average Performer
1968,31,67,Medium,Low,No,7,92,High,Yes,2,Medium,Medium,Public,Negative,3,No,High School,Far,Female,66,Average Performer
1969,20,94,Low,High,Yes,8,89,Medium,Yes,1,Low,Medium,Public,Positive,4,No,High School,Near,Male,71,Average Performer
1970,11,87,Low,Medium,No,8,57,High,Yes,0,Low,Medium,Public,Negative,2,No,High School,Moderate,Male,62,Average Performer
1971,21,81,High,Medium,No,8,73,Medium,Yes,3,Low,Medium,Public,Positive,2,Yes,High School,Near,Male,67,Average Performer
1972,16,93,Medium,Low,Yes,8,51,Medium,Yes,3,Low,Medium,Public,Neutral,2,No,College,Near,Male,67,Average Performer
1973,25,77,Low,Medium,Yes,7,71,Medium,Yes,0,Medium,Medium,Public,Negative,3,No,High School,Near,Female,66,Average Performer
1974,16,68,Low,Medium,Yes,7,85,High,Yes,1,Low,High,Private,Positive,3,No,Postgraduate,Moderate,Female,64,Average Performer
1975,17,71,Low,Medium,Yes,6,62,Medium,Yes,2,Low,Medium,Public,Neutral,3,Yes,College,Near,Male,62,Average Performer
1976,9,80,Medium,High,No,7,91,Low,Yes,1,Medium,Medium,Public,Neutral,3,No,College,Near,Female,65,Average Performer
1977,17,81,Medium,Low,Yes,5,53,Low,Yes,0,Medium,Medium,Public,Neutral,1,No,College,Near,Male,63,Average Performer
1978,5,92,Medium,Medium,Yes,9,52,Medium,Yes,2,High,Medium,Private,Neutral,4,Yes,College,Moderate,Female,64,Average Performer
1979,10,92,Low,High,Yes,6,51,Low,Yes,1,Medium,Medium,Private,Neutral,3,No,High School,Near,Female,65,Average Performer
1980,25,83,Medium,High,No,7,64,Medium,Yes,0,Low,Medium,Public,Neutral,2,No,College,Moderate,Male,68,Average Performer
1981,25,91,Medium,High,Yes,7,73,Medium,Yes,2,Low,Medium,Public,Positive,3,No,High School,Near,Female,72,Average Performer
1982,23,68,Medium,Medium,Yes,9,55,Medium,Yes,0,Low,Medium,Public,Positive,3,No,College,Moderate,Male,64,Average Performer
1983,14,62,High,Medium,No,4,100,Low,Yes,1,Low,Medium,Public,Neutral,3,No,High School,Near,Male,62,Average Performer
1984,20,95,Medium,Low,Yes,7,100,Low,No,3,Low,Medium,Private,Neutral,2,No,High School,Near,Female,69,Average Performer
1985,20,63,Low,Low,Yes,8,76,Medium,Yes,3,Medium,Medium,Public,Neutral,4,No,Postgraduate,Near,Female,64,Average Performer
1986,13,70,High,Medium,No,10,78,Medium,Yes,1,Low,Medium,Public,Negative,2,No,High School,Far,Female,61,Average Performer
1987,29,88,Medium,High,No,7,96,Low,Yes,2,Low,Low,Public,Positive,2,No,High School,Near,Female,72,Average Performer
1988,25,76,Medium,Low,Yes,6,88,Low,Yes,1,Medium,Medium,Private,Negative,3,No,College,Far,Male,66,Average Performer
1989,19,95,High,Low,No,10,58,Low,Yes,2,High,Medium,Public,Positive,3,No,High School,Near,Male,69,Average Performer
1990,20,72,Medium,Medium,No,8,90,High,No,2,Low,Low,Private,Neutral,2,No,College,Near,Female,65,Average Performer
1991,21,60,High,Medium,Yes,9,62,Medium,Yes,2,Low,Medium,Public,Positive,3,No,High School,Near,Male,64,Average Performer
1992,8,72,Low,Medium,Yes,5,72,Medium,Yes,3,High,Low,Private,Positive,4,No,High School,Near,Female,62,Average Performer
1993,19,83,Medium,Medium,No,8,77,High,Yes,1,Low,Medium,Public,Positive,4,No,High School,Far,Male,66,Average Performer
1994,16,75,Low,Low,Yes,5,86,Medium,Yes,0,Low,Medium,Public,Positive,1,No,College,Moderate,Female,62,Average Performer
1995,14,81,Medium,Medium,Yes,5,58,High,Yes,3,Low,High,Public,Negative,4,No,Postgraduate,Moderate,Male,66,Average Performer
1996,18,95,Medium,High,No,8,54,Medium,Yes,2,High,Medium,Public,Neutral,3,No,College,Moderate,Female,70,Average Performer
1997,31,96,Medium,Medium,Yes,8,93,Low,Yes,3,Low,Medium,Public,Positive,3,No,High School,Near,Male,75,Top Performer
1998,24,71,Low,High,Yes,6,91,Medium,Yes,3,High,Medium,Public,Neutral,2,No,High School,Far,Female,67,Average Performer
1999,17,78,Low,Medium,Yes,9,76,Low,Yes,4,Medium,Medium,Public,Positive,2,No,College,Near,Male,66,Average Performer
2000,23,82,Medium,High,No,6,83,Medium,Yes,2,Medium,Medium,Private,Positive,3,No,Postgraduate,Moderate,Male,71,Average Performer
2001,28,98,High,Medium,Yes,7,86,Medium,Yes,2,Medium,High,Private,Neutral,2,No,High School,Near,Female,75,Top Performer
2002,26,100,High,High,No,7,74,Low,Yes,1,Medium,Medium,Public,Neutral,2,No,High School,Far,Female,72,Average Performer
2003,20,69,High,Medium,No,7,63,Low,Yes,2,Low,Medium,Private,Negative,2,No,,Moderate,Female,64,Average Performer
2004,16,89,Medium,Medium,Yes,9,74,Medium,No,1,Low,Medium,Public,Neutral,3,No,High School,Far,Male,65,Average Performer
2005,24,75,Low,Medium,No,5,98,High,Yes,1,Low,Medium,Public,Positive,3,No,High School,Near,Male,67,Average Performer
2006,22,60,Medium,Medium,No,6,92,Low,Yes,2,Low,High,Public,Negative,2,No,High School,Near,Male,63,Average Performer
2007,25,60,Medium,Low,Yes,5,73,Low,Yes,1,Medium,Medium,Public,Negative,2,No,High School,Near,Male,62,Average Performer
2008,24,78,Low,High,Yes,10,61,High,Yes,2,Medium,Medium,Public,Positive,4,No,College,Moderate,Female,69,Average Performer
2009,26,80,Medium,Medium,Yes,7,94,Medium,Yes,1,Low,Medium,Private,Positive,2,No,Postgraduate,Moderate,Male,70,Average Performer
2010,17,61,Low,Medium,Yes,6,82,High,Yes,0,Medium,High,Public,Neutral,4,No,Postgraduate,Near,Male,63,Average Performer
2011,28,87,Medium,Medium,Yes,7,70,Medium,Yes,2,Low,Medium,Public,Neutral,2,No,Postgraduate,Near,Male,71,Average Performer
2012,21,72,Medium,Low,Yes,8,56,Medium,Yes,0,Low,Medium,Public,Neutral,4,No,High School,Near,Male,63,Average Performer
2013,32,82,Low,Medium,Yes,8,88,Low,Yes,0,High,Medium,Public,Positive,2,No,College,Moderate,Male,71,Average Performer
2014,16,72,Medium,Medium,Yes,6,66,Low,Yes,0,Low,Medium,Private,Positive,4,No,College,Near,Male,63,Average Performer
2015,30,67,Medium,High,Yes,6,80,High,Yes,0,Low,Medium,Public,Neutral,4,No,,Moderate,Male,68,Average Performer
2016,21,76,Medium,Low,Yes,5,78,High,No,0,Low,High,Public,Neutral,3,No,High School,Near,Male,65,Average Performer
2017,16,69,High,High,Yes,7,85,Medium,Yes,0,High,High,Private,Negative,3,No,High School,Near,Female,66,Average Performer
2018,17,81,Low,Medium,Yes,9,77,Medium,Yes,3,Low,Medium,Public,Neutral,4,No,College,Far,Male,66,Average Performer
2019,18,68,High,High,No,6,82,Low,Yes,0,Medium,High,Public,Positive,3,No,High School,Near,Male,66,Average Performer
2020,23,80,Low,Low,Yes,8,54,Medium,Yes,0,Medium,High,Private,Positive,2,No,,Near,Female,65,Average Performer
2021,23,66,Medium,High,No,6,83,Medium,Yes,0,High,Medium,Public,Positive,2,No,High School,Near,Female,66,Average Performer
2022,17,87,Medium,Medium,Yes,5,60,Medium,Yes,4,Medium,Medium,Private,Positive,3,Yes,High School,Near,Female,67,Average Performer
2023,20,90,High,Medium,No,8,70,Medium,Yes,0,Medium,Medium,Private,Neutral,3,No,High School,Moderate,Female,68,Average Performer
2024,33,64,Medium,Low,Yes,10,76,Low,Yes,2,High,High,Private,Neutral,3,No,High School,Near,Male,68,Average Performer
2025,30,79,Low,Medium,No,8,84,Medium,Yes,3,Low,Medium,Private,Negative,3,No,College,Moderate,Female,69,Average Performer
2026,23,63,Medium,Low,Yes,6,87,Low,Yes,1,Medium,Medium,Public,Neutral,2,No,Postgraduate,Near,Male,64,Average Performer
2027,20,84,Medium,Medium,No,6,85,Medium,Yes,0,Medium,Medium,Private,Positive,3,No,High School,Moderate,Male,67,Average Performer
2028,21,71,Medium,Medium,Yes,10,55,Low,Yes,1,Medium,Medium,Public,Negative,4,No,High School,Moderate,Female,63,Average Performer
2029,24,81,Low,High,Yes,7,69,Medium,Yes,3,Low,Medium,Public,Negative,3,No,College,,Male,67,Average Performer
2030,14,81,Medium,High,Yes,6,64,Low,No,2,High,High,Public,Neutral,2,No,High School,Far,Female,64,Average Performer
2031,18,97,Low,Medium,No,7,70,Low,Yes,0,High,Medium,Public,Neutral,2,Yes,High School,Near,Female,66,Average Performer
2032,10,82,High,Medium,No,7,82,Low,Yes,2,Low,High,Private,Neutral,4,No,High School,Near,Male,65,Average Performer
2033,22,83,Medium,Medium,Yes,8,60,Low,No,4,Medium,Medium,Public,Neutral,2,No,Postgraduate,Moderate,Female,68,Average Performer
2034,24,76,Low,High,No,9,75,Low,Yes,0,Low,Medium,Private,Positive,5,No,High School,Near,Male,66,Average Performer
2035,17,98,High,High,No,9,94,Low,Yes,0,High,Low,Public,Negative,3,No,College,Near,Male,71,Average Performer
2036,29,91,Medium,High,Yes,7,87,Medium,No,2,Medium,High,Private,Negative,4,No,College,Near,Female,74,Average Performer
2037,13,71,Medium,High,No,7,86,Low,Yes,2,Low,Medium,Public,Positive,3,No,Postgraduate,Near,Male,65,Average Performer
2038,11,94,Low,High,Yes,8,92,High,Yes,0,Medium,Medium,Public,Neutral,4,No,High School,Near,Female,68,Average Performer
2039,21,77,Medium,High,Yes,6,70,Low,No,2,High,Medium,Private,Positive,2,No,College,Near,Male,68,Average Performer
2040,26,93,Medium,Medium,No,8,88,Medium,Yes,1,Medium,High,Public,Neutral,4,Yes,College,Near,Male,72,Average Performer
2041,30,93,High,High,Yes,7,53,Medium,Yes,3,Low,Medium,Private,Negative,2,No,Postgraduate,Moderate,Female,74,Average Performer
2042,17,68,Low,High,No,8,53,Medium,Yes,0,Low,Medium,Public,Neutral,2,No,College,Near,Male,61,Average Performer
2043,26,88,Low,Low,No,10,67,Low,Yes,0,Low,Low,Private,Positive,3,No,High School,Far,Male,65,Average Performer
2044,20,72,High,Low,No,8,60,Low,Yes,0,Low,Medium,Public,Neutral,5,No,High School,Near,Male,63,Average Performer
2045,19,72,High,Medium,Yes,7,76,Medium,Yes,1,Medium,High,Public,Positive,2,No,High School,Moderate,Female,66,Average Performer
2046,25,72,Low,High,Yes,6,59,Medium,Yes,2,Low,Medium,Public,Negative,3,No,High School,Near,Male,66,Average Performer
2047,24,89,High,Medium,Yes,7,99,Medium,Yes,2,Low,High,Private,Neutral,4,No,High School,Near,Female,73,Average Performer
2048,11,69,Medium,Medium,No,5,93,Medium,Yes,0,Medium,High,Public,Negative,4,No,College,Near,Male,63,Average Performer
2049,29,60,High,High,Yes,8,99,Medium,Yes,0,Medium,Medium,Public,Positive,4,Yes,High School,,Female,68,Average Performer
2050,28,89,High,Low,Yes,4,90,High,Yes,3,Low,High,Public,Positive,2,Yes,Postgraduate,Moderate,Female,73,Average Performer
2051,16,67,Low,High,Yes,8,98,Medium,Yes,0,High,Low,Private,Negative,3,No,High School,Moderate,Male,63,Average Performer
2052,22,64,Medium,High,Yes,8,68,Medium,Yes,2,Medium,Medium,Public,Negative,4,No,High School,Near,Male,65,Average Performer
2053,23,70,Low,High,Yes,7,75,High,Yes,0,Low,Medium,Public,Positive,4,No,,Near,Female,66,Average Performer
2054,22,75,Low,Low,Yes,6,62,Medium,Yes,0,High,High,Public,Negative,3,No,Postgraduate,Near,Female,65,Average Performer
2055,17,79,Low,High,Yes,7,82,Medium,Yes,0,Medium,High,Public,Negative,2,No,College,Near,Male,66,Average Performer
2056,16,62,High,Medium,No,4,89,High,Yes,3,Low,Medium,Public,Neutral,3,No,College,Near,Female,65,Average Performer
2057,20,99,Medium,Medium,No,8,75,Medium,Yes,2,Low,High,Private,Negative,2,No,Postgraduate,Far,Female,70,Average Performer
2058,27,89,Medium,Medium,No,7,65,Medium,Yes,1,Medium,Medium,Public,Neutral,3,No,High School,Near,Female,70,Average Performer
2059,23,73,High,Medium,Yes,9,75,Medium,Yes,0,High,High,Private,Positive,3,No,High School,Moderate,Female,68,Average Performer
2060,18,73,Medium,High,No,8,53,Medium,No,1,Low,High,Public,Neutral,3,No,Postgraduate,Moderate,Male,64,Average Performer
2061,25,78,Medium,Medium,No,7,86,Medium,Yes,1,Medium,Medium,Public,Negative,3,No,Postgraduate,Moderate,Female,68,Average Performer
2062,3,85,Low,High,No,8,73,Low,Yes,2,Low,Medium,Private,Neutral,3,No,High School,Near,Male,62,Average Performer
2063,27,66,Medium,Medium,Yes,6,95,Medium,Yes,1,Medium,,Public,Positive,3,No,College,Moderate,Male,68,Average Performer
2064,10,68,Low,Medium,No,6,96,Low,Yes,1,High,Medium,Public,Neutral,3,No,College,Moderate,Male,61,Average Performer
2065,18,94,High,Medium,Yes,7,56,Low,No,1,Low,Medium,Public,Positive,3,No,Postgraduate,Near,Male,69,Average Performer
2066,13,70,Medium,Medium,Yes,7,100,Medium,Yes,3,Low,Medium,Public,Neutral,3,No,High School,Near,Male,65,Average Performer
2067,12,75,Medium,High,Yes,6,98,Medium,Yes,2,Low,Medium,Public,Neutral,2,No,College,Far,Male,65,Average Performer
2068,27,95,Medium,High,No,7,81,Low,Yes,3,Low,Medium,Public,Neutral,2,No,High School,Moderate,Male,72,Average Performer
2069,17,87,Medium,Medium,Yes,7,91,High,Yes,3,Low,High,Public,Positive,3,Yes,College,Near,Female,70,Average Performer
2070,22,74,Medium,High,Yes,10,51,Medium,No,1,Medium,Medium,Private,Negative,4,No,High School,Near,Male,65,Average Performer
2071,20,87,Medium,Medium,No,7,99,Medium,Yes,3,Low,Medium,Public,Negative,3,No,High School,Near,Male,69,Average Performer
2072,23,61,High,Low,Yes,6,73,Medium,Yes,1,Medium,Medium,Public,Positive,3,No,College,Near,Male,65,Average Performer
2073,20,89,Low,Medium,Yes,7,95,Low,Yes,3,Low,Medium,Private,Neutral,2,No,High School,Near,Male,69,Average Performer
2074,12,79,Low,Medium,Yes,9,69,Medium,Yes,2,Low,High,Public,Neutral,3,No,Postgraduate,Near,Male,65,Average Performer
2075,26,93,Medium,High,Yes,9,89,Medium,Yes,0,Low,Medium,Public,Neutral,3,No,College,Moderate,Male,72,Average Performer
2076,17,98,High,Low,Yes,10,71,Medium,Yes,0,Low,High,Private,Positive,3,No,Postgraduate,Moderate,Female,70,Average Performer
2077,11,97,Medium,Medium,Yes,7,68,Low,Yes,0,Low,Medium,Private,Negative,2,No,High School,Moderate,Female,64,Average Performer
2078,17,96,Medium,Low,No,8,97,Low,Yes,0,Medium,Medium,Public,Negative,3,No,High School,Near,Female,67,Average Performer
2079,29,80,Medium,Low,No,5,85,High,Yes,0,High,High,Public,Neutral,2,No,High School,Moderate,Male,69,Average Performer
2080,25,74,Low,Medium,Yes,6,92,Low,Yes,4,Medium,Medium,Private,Positive,3,No,Postgraduate,Near,Male,70,Average Performer
2081,18,79,Medium,Medium,Yes,5,77,Low,Yes,1,Low,High,Public,Neutral,3,No,High School,Near,Male,65,Average Performer
2082,18,88,High,High,Yes,8,96,Low,Yes,1,Low,Medium,Public,Positive,3,No,High School,Far,Female,69,Average Performer
2083,18,95,High,Medium,Yes,7,87,High,Yes,5,Medium,Medium,Public,Neutral,2,No,College,Near,Male,74,Average Performer
2084,32,68,Low,Medium,Yes,7,54,Medium,Yes,1,Low,Medium,Private,Neutral,1,No,Postgraduate,Near,Male,66,Average Performer
2085,22,97,Medium,Medium,Yes,6,88,High,Yes,1,Low,Low,Private,Positive,4,No,College,Near,Male,72,Average Performer
2086,23,93,Medium,Low,Yes,8,51,High,No,0,Low,High,Private,Positive,1,No,High School,,Male,67,Average Performer
2087,26,99,Low,High,Yes,4,91,High,Yes,2,High,Low,Public,Neutral,4,No,Postgraduate,Moderate,Female,75,Top Performer
2088,21,95,Medium,Low,Yes,7,67,Medium,Yes,3,Medium,Medium,Public,Positive,2,No,College,Far,Female,70,Average Performer
2089,18,71,Low,Low,No,7,80,Medium,Yes,1,Medium,Low,Public,Neutral,4,No,Postgraduate,Moderate,Female,63,Average Performer
2090,19,64,Medium,Medium,No,4,87,High,Yes,2,Medium,Medium,Private,Positive,4,No,High School,Moderate,Male,65,Average Performer
2091,20,64,Medium,High,No,8,82,Medium,Yes,3,Medium,Low,Public,Negative,3,No,High School,Moderate,Female,64,Average Performer
2092,20,72,Medium,High,No,7,84,Low,Yes,2,Medium,High,Public,Negative,2,No,High School,Moderate,Female,65,Average Performer
2093,24,85,Medium,Medium,Yes,8,95,Medium,Yes,2,Medium,Medium,Public,Negative,4,No,High School,Near,Female,70,Average Performer
2094,20,92,Medium,Low,No,10,69,Medium,Yes,0,Low,Medium,Public,Positive,2,No,Postgraduate,Far,Male,67,Average Performer
2095,24,96,Medium,Medium,Yes,7,77,Low,No,0,Low,Medium,Public,Negative,2,Yes,High School,Near,Female,67,Average Performer
2096,20,85,Medium,High,No,8,59,Medium,Yes,1,Medium,Medium,Public,Positive,3,No,Postgraduate,Far,Female,68,Average Performer
2097,20,60,Medium,Medium,No,9,73,High,Yes,4,Medium,Medium,Public,Negative,4,No,College,Near,Male,65,Average Performer
2098,8,67,High,Medium,Yes,8,58,Low,Yes,2,Medium,Medium,Public,Positive,1,No,Postgraduate,Moderate,Female,61,Average Performer
2099,25,64,Medium,Low,Yes,6,82,Low,Yes,2,Low,Medium,Public,Negative,3,No,High School,Moderate,Female,63,Average Performer
2100,22,75,Medium,Low,Yes,5,66,Low,Yes,2,Low,Medium,Public,Positive,2,No,High School,Far,Male,80,Top Performer
2101,26,80,Medium,Medium,Yes,8,93,Medium,Yes,2,Low,Low,Public,Neutral,1,No,Postgraduate,Moderate,Male,69,Average Performer
2102,3,62,Medium,Low,No,6,67,Medium,Yes,1,Low,Medium,Public,Negative,3,No,High School,Near,Male,55,Average Performer
2103,33,74,Medium,Medium,No,9,64,Medium,Yes,2,Medium,Medium,Private,Neutral,4,No,Postgraduate,Near,Female,70,Average Performer
2104,19,67,Medium,Medium,Yes,6,75,High,Yes,1,Low,Medium,Public,Neutral,3,No,College,Near,Female,65,Average Performer
2105,27,86,Low,Medium,Yes,7,59,Low,Yes,1,Medium,Medium,Public,Neutral,3,No,High School,Near,Male,68,Average Performer
2106,14,79,Medium,Low,Yes,5,60,Medium,Yes,3,Low,Medium,Public,Negative,5,No,High School,Near,Male,64,Average Performer
2107,24,80,Medium,Medium,No,6,89,Medium,Yes,1,Low,High,Public,Neutral,3,No,College,Near,Male,69,Average Performer
2108,14,77,Low,High,No,6,75,Medium,Yes,1,Medium,High,Public,Neutral,4,Yes,High School,Near,Female,89,Top Performer
2109,16,98,Medium,Low,Yes,6,60,Medium,Yes,1,Medium,Medium,Private,Positive,3,No,High School,Far,Male,67,Average Performer
2110,31,69,Medium,Medium,No,7,52,Medium,No,2,High,Low,Public,Neutral,5,No,College,Far,Male,92,Top Performer
2111,19,81,High,High,No,6,73,Low,No,1,Low,High,Private,Positive,3,No,High School,Near,Female,67,Average Performer
2112,21,89,Low,Medium,Yes,10,87,Low,Yes,3,Medium,Medium,Public,Positive,3,No,College,Near,Male,70,Average Performer
2113,25,82,High,Low,No,8,68,Medium,Yes,1,Low,High,Public,Neutral,3,No,College,Near,Male,68,Average Performer
2114,23,97,Medium,Low,Yes,9,62,Medium,Yes,0,Low,Medium,Private,Positive,2,No,Postgraduate,Near,Male,70,Average Performer
2115,21,75,Medium,Medium,Yes,7,70,Low,Yes,3,Medium,Medium,Public,Positive,4,Yes,Postgraduate,Near,Male,67,Average Performer
2116,22,79,Medium,Medium,Yes,7,98,High,Yes,0,High,Medium,Public,Neutral,3,No,High School,Near,Male,69,Average Performer
2117,34,64,Medium,Medium,No,6,71,High,Yes,0,Low,High,Private,Negative,4,No,High School,Near,Female,67,Average Performer
2118,20,84,High,High,Yes,10,63,Medium,Yes,0,Low,Medium,Private,Positive,4,No,High School,Near,Female,69,Average Performer
2119,21,72,Medium,High,No,7,78,Low,No,0,High,Medium,Public,Neutral,1,Yes,High School,Near,Female,63,Average Performer
2120,26,66,Medium,Medium,No,6,91,Medium,Yes,3,Medium,,Public,Positive,3,No,College,Near,Female,69,Average Performer
2121,27,82,Medium,High,No,6,51,Low,Yes,1,Low,Medium,Public,Negative,3,No,High School,Moderate,Male,66,Average Performer
2122,27,81,Medium,Medium,No,8,78,Medium,Yes,0,Medium,Medium,Public,Positive,3,No,High School,Moderate,Male,68,Average Performer
2123,24,63,Medium,Medium,Yes,9,92,Medium,Yes,4,Medium,Medium,Private,Positive,4,No,Postgraduate,Near,Male,69,Average Performer
2124,13,88,High,Low,Yes,9,61,Low,Yes,4,Medium,Medium,Private,Negative,3,No,High School,Near,Female,66,Average Performer
2125,30,85,Medium,Medium,Yes,6,96,Low,Yes,1,Medium,Medium,Private,Neutral,4,No,High School,Near,Female,72,Average Performer
2126,13,68,Low,Medium,Yes,6,79,Medium,Yes,1,High,Medium,Private,Negative,3,No,College,Near,Male,62,Average Performer
2127,22,79,Medium,Medium,No,9,76,Medium,Yes,1,Low,Medium,Private,Positive,2,No,High School,Near,Male,67,Average Performer
2128,15,89,High,Low,No,10,98,Low,Yes,0,Low,Medium,Private,Positive,2,No,College,Near,Male,67,Average Performer
2129,20,81,High,High,Yes,7,56,Low,No,1,Medium,Medium,Private,Positive,3,No,High School,Near,Male,67,Average Performer
2130,22,76,Medium,Low,No,9,87,Low,Yes,2,Low,High,Public,Neutral,3,Yes,College,Near,Female,65,Average Performer
2131,22,73,High,Low,No,5,91,Medium,Yes,1,Medium,Medium,Public,Positive,3,No,Postgraduate,Moderate,Male,67,Average Performer
2132,23,84,Low,Low,No,6,74,Medium,No,3,Low,Medium,Public,Positive,1,No,High School,Near,Female,66,Average Performer
2133,30,98,Low,Low,Yes,5,50,High,Yes,0,Low,High,Public,Negative,2,No,College,Near,Male,70,Average Performer
2134,23,87,Low,High,No,8,76,Medium,Yes,2,High,Medium,Public,Positive,5,Yes,Postgraduate,Near,Female,71,Average Performer
2135,19,63,Low,High,Yes,7,58,Medium,Yes,2,Low,High,Private,Neutral,3,No,Postgraduate,Near,Female,64,Average Performer
2136,26,78,Low,High,Yes,7,78,Low,Yes,4,Medium,Medium,Private,Neutral,4,No,High School,Moderate,Female,69,Average Performer
2137,27,96,Medium,High,Yes,9,87,Low,No,0,Medium,High,Public,Positive,2,No,College,Moderate,Male,72,Average Performer
2138,13,64,Medium,Low,Yes,6,77,Medium,Yes,0,Low,High,Public,Neutral,4,No,High School,Near,Male,60,Average Performer
2139,24,100,Medium,Low,Yes,7,82,Low,Yes,1,Medium,High,Private,Positive,3,No,High School,Moderate,Male,71,Average Performer
2140,24,98,Medium,Medium,Yes,5,55,High,Yes,0,Medium,Medium,Public,Positive,3,No,High School,Moderate,Male,71,Average Performer
2141,18,63,High,High,No,9,55,Medium,Yes,2,High,High,Private,Positive,2,No,Postgraduate,Near,Female,66,Average Performer
2142,28,97,Medium,Medium,No,9,93,Low,Yes,3,Medium,High,Public,Neutral,3,No,High School,Near,Female,74,Average Performer
2143,19,75,Medium,Medium,No,8,52,High,Yes,0,Low,Medium,Public,Negative,4,No,Postgraduate,Moderate,Male,64,Average Performer
2144,21,94,Medium,Low,Yes,7,64,Low,Yes,2,Medium,Medium,Private,Neutral,2,No,High School,Near,Male,68,Average Performer
2145,19,77,High,Low,No,6,97,Low,Yes,4,Low,Medium,Public,Negative,2,No,High School,Near,Male,66,Average Performer
2146,20,78,Medium,Medium,No,5,73,Low,Yes,1,Low,Medium,Public,Negative,3,No,College,Near,Female,65,Average Performer
2147,13,85,Low,High,Yes,7,84,Medium,No,0,Low,Medium,Public,Neutral,5,No,High School,Moderate,Female,64,Average Performer
2148,11,91,Medium,Low,No,8,61,Medium,Yes,1,High,Medium,Private,Positive,3,No,Postgraduate,Far,Male,65,Average Performer
2149,30,61,High,High,No,10,64,Low,Yes,4,Medium,Medium,Public,Positive,2,No,Postgraduate,Moderate,Male,69,Average Performer
2150,15,84,Medium,High,Yes,6,75,Medium,Yes,2,Medium,Medium,Private,Positive,4,Yes,Postgraduate,,Female,68,Average Performer
2151,14,67,Medium,High,No,7,82,Low,Yes,1,Medium,Medium,Public,Neutral,3,No,High School,Far,Female,62,Average Performer
2152,7,74,Low,High,No,9,98,High,Yes,3,High,Low,Public,Neutral,2,No,High School,Moderate,Male,63,Average Performer
2153,16,74,High,Low,No,9,79,High,Yes,0,High,Medium,Public,Neutral,4,No,Postgraduate,Moderate,Female,65,Average Performer
2154,12,79,Low,High,No,6,55,Medium,Yes,1,Low,High,Private,Neutral,4,No,College,Far,Female,62,Average Performer
2155,30,73,Low,Medium,No,7,68,Medium,Yes,0,Low,High,Public,Positive,2,No,Postgraduate,Near,Male,67,Average Performer
2156,26,64,Low,High,No,6,62,Low,Yes,1,Low,Medium,Private,Positive,5,No,High School,Moderate,Male,64,Average Performer
2157,16,66,Medium,Low,No,6,63,Low,Yes,2,Medium,High,Public,Neutral,3,No,College,Moderate,Male,61,Average Performer
2158,34,61,Low,Medium,No,9,75,Medium,Yes,1,Low,Medium,Public,Neutral,2,No,College,Far,Male,65,Average Performer
2159,26,79,High,Low,No,7,66,Medium,Yes,1,High,Medium,Public,Positive,5,Yes,High School,Moderate,Male,67,Average Performer
2160,18,98,High,Low,No,7,64,Medium,Yes,0,Medium,Medium,Public,Positive,4,No,Postgraduate,Moderate,Male,70,Average Performer
2161,5,65,Medium,High,Yes,7,98,Low,Yes,1,Low,Low,Private,Positive,3,No,High School,Far,Male,59,Average Performer
2162,34,98,Medium,High,No,7,79,Medium,Yes,1,Low,Medium,Private,Neutral,4,No,College,Near,Male,75,Top Performer
2163,12,89,Low,Medium,Yes,7,63,Medium,Yes,4,Low,High,Public,Neutral,2,No,College,Near,Male,67,Average Performer
2164,10,85,Medium,Medium,Yes,6,64,Low,Yes,1,Medium,Medium,Public,Negative,3,No,College,Near,Male,64,Average Performer
2165,26,86,Medium,High,Yes,9,91,Medium,Yes,3,High,Medium,Public,Neutral,3,Yes,High School,Near,Female,72,Average Performer
2166,35,93,Medium,Medium,Yes,6,94,Medium,Yes,5,Medium,Medium,Public,Neutral,2,Yes,College,Near,Female,76,Top Performer
2167,28,64,Medium,High,Yes,6,84,Low,Yes,2,Medium,Medium,Private,Positive,2,No,Postgraduate,Near,Male,69,Average Performer
2168,23,80,Low,Medium,No,7,72,Low,Yes,0,Low,High,Public,Negative,5,No,High School,Near,Male,65,Average Performer
2169,24,88,High,Medium,No,10,88,Low,Yes,2,High,High,Public,Positive,1,No,Postgraduate,Far,Female,72,Average Performer
2170,25,83,Medium,High,Yes,6,97,Low,Yes,0,Low,Low,Public,Neutral,4,No,High School,Near,Male,69,Average Performer
2171,25,93,High,Medium,No,8,58,Medium,Yes,0,High,Medium,Private,Positive,4,No,High School,Moderate,Female,71,Average Performer
2172,22,63,High,Medium,No,7,93,High,Yes,0,Medium,Medium,Private,Neutral,2,No,High School,Far,Male,64,Average Performer
2173,21,88,High,High,Yes,7,92,High,Yes,2,Medium,Medium,Public,Positive,3,No,Postgraduate,Near,Female,74,Average Performer
2174,20,81,Medium,High,Yes,8,68,Medium,Yes,0,Medium,Medium,Public,Neutral,3,No,College,Near,Male,68,Average Performer
2175,15,75,Medium,High,Yes,4,65,High,Yes,1,Low,Low,Private,Positive,4,No,Postgraduate,Moderate,Female,66,Average Performer
2176,18,74,Medium,Medium,No,6,78,High,Yes,0,High,Medium,Public,Positive,2,No,High School,Moderate,Female,65,Average Performer
2177,10,85,High,Medium,Yes,8,64,Low,Yes,2,High,Medium,Public,Neutral,3,No,Postgraduate,Near,Female,67,Average Performer
2178,19,96,Medium,Medium,No,7,57,High,Yes,0,Low,Medium,Public,Positive,3,No,High School,Near,Female,69,Average Performer
2179,14,80,High,Low,Yes,7,98,High,Yes,2,Low,High,Private,Negative,2,No,High School,Near,Male,66,Average Performer
2180,13,93,Medium,High,Yes,8,75,Medium,Yes,1,Medium,Medium,Private,Positive,2,No,High School,Near,Male,69,Average Performer
2181,21,76,Medium,Medium,Yes,6,74,Medium,Yes,2,Medium,Medium,Private,Neutral,3,No,High School,Near,Male,67,Average Performer
2182,28,64,Medium,Medium,Yes,9,56,Medium,Yes,1,Low,Low,Public,Negative,2,No,College,Near,Male,64,Average Performer
2183,26,62,High,High,No,8,75,Medium,Yes,2,Medium,Medium,Public,Neutral,2,No,College,Moderate,Male,67,Average Performer
2184,11,62,Low,High,Yes,7,87,High,No,3,Low,High,Public,Positive,3,No,High School,Far,Female,61,Average Performer
2185,14,75,Medium,Low,Yes,8,62,Low,Yes,0,High,Medium,Public,Negative,2,No,High School,Moderate,Female,61,Average Performer
2186,26,73,Medium,Medium,Yes,9,68,High,Yes,4,Medium,Medium,Public,Neutral,2,No,High School,Far,Male,68,Average Performer
2187,14,89,Low,High,No,6,59,Low,Yes,2,Low,High,Public,Neutral,5,No,Postgraduate,Moderate,Male,66,Average Performer
2188,19,90,Medium,Medium,No,8,68,Low,Yes,0,High,Medium,Public,Negative,4,No,High School,Moderate,Male,66,Average Performer
2189,23,62,Medium,High,No,10,93,High,Yes,2,Low,,Public,Positive,4,No,College,Near,Female,68,Average Performer
2190,14,69,Low,High,No,8,62,High,Yes,1,Medium,High,Private,Neutral,2,No,High School,Near,Male,63,Average Performer
2191,21,71,Medium,Medium,Yes,7,51,Medium,Yes,3,Medium,High,Private,Neutral,3,No,Postgraduate,Moderate,Female,66,Average Performer
2192,12,82,High,Medium,Yes,10,77,High,Yes,0,Medium,Medium,Public,Neutral,4,No,College,Far,Female,66,Average Performer
2193,16,66,High,Medium,Yes,7,79,High,Yes,0,High,High,Private,Neutral,3,No,College,Near,Female,66,Average Performer
2194,22,65,Medium,Medium,Yes,9,66,High,Yes,2,Medium,Medium,Public,Negative,4,No,High School,Near,Male,65,Average Performer
2195,10,98,Medium,Medium,Yes,6,82,Medium,Yes,2,High,Medium,Public,Positive,2,No,College,Moderate,Male,69,Average Performer
2196,23,92,Medium,High,No,9,52,High,Yes,1,High,Medium,Private,Positive,2,No,High School,Near,Female,71,Average Performer
2197,20,67,High,High,No,6,67,High,Yes,1,Medium,High,Public,Positive,2,Yes,College,Near,Female,66,Average Performer
2198,23,76,Medium,Medium,Yes,7,57,High,Yes,1,Medium,Medium,Public,Negative,3,No,High School,Moderate,Female,66,Average Performer
2199,21,74,Medium,High,Yes,6,61,Low,No,0,Low,Medium,Private,Positive,4,No,High School,Near,Male,65,Average Performer
2200,28,92,Low,Medium,No,10,69,Medium,Yes,4,Low,Medium,Public,Neutral,4,No,High School,Moderate,Female,71,Average Performer
2201,21,80,Medium,High,No,7,75,High,Yes,3,Medium,High,Private,Neutral,2,No,High School,Far,Male,69,Average Performer
2202,17,65,Low,Low,Yes,5,55,Medium,Yes,2,Low,Medium,Public,Positive,3,No,High School,Near,Female,61,Average Performer
2203,21,90,High,Medium,Yes,7,55,High,Yes,1,Low,High,Public,Neutral,4,No,High School,Near,Female,70,Average Performer
2204,23,76,Medium,Medium,No,8,84,High,Yes,2,High,Medium,Public,Positive,4,No,College,Near,Female,70,Average Performer
2205,20,71,Medium,Medium,No,7,70,High,Yes,0,High,High,Public,Negative,4,No,High School,Near,Female,65,Average Performer
2206,20,75,Medium,Low,Yes,6,59,Medium,Yes,2,Medium,Medium,Public,Negative,1,No,Postgraduate,Moderate,Male,64,Average Performer
2207,16,80,High,High,Yes,9,62,Low,Yes,0,High,Medium,Public,Neutral,4,No,Postgraduate,Near,Female,68,Average Performer
2208,16,74,Low,Medium,Yes,9,86,Low,Yes,1,Low,Medium,Private,Neutral,2,No,High School,Near,Female,63,Average Performer
2209,12,70,Medium,High,No,5,53,Medium,Yes,2,Low,Medium,Private,Positive,3,No,College,Near,Male,63,Average Performer
2210,30,76,Medium,Medium,Yes,6,75,Low,Yes,3,High,Medium,Public,Positive,3,No,College,Near,Female,71,Average Performer
2211,13,61,High,Low,No,7,68,Low,No,1,Medium,Medium,Public,Neutral,2,No,High School,Near,Male,58,Average Performer
2212,16,91,Medium,Medium,Yes,6,91,Medium,Yes,1,Medium,Medium,Public,Neutral,2,No,High School,Moderate,Female,68,Average Performer
2213,16,67,Medium,High,No,8,90,High,Yes,1,High,Low,Public,Neutral,4,No,High School,Near,Male,65,Average Performer
2214,25,62,Medium,Medium,No,10,84,Low,Yes,2,Low,Medium,Public,Positive,3,No,College,Near,Female,65,Average Performer
2215,18,86,High,Low,Yes,6,69,Low,Yes,2,Medium,High,Public,Positive,2,No,High School,Near,Male,68,Average Performer
2216,27,91,Low,High,Yes,9,82,Medium,Yes,0,Low,Low,Public,Neutral,1,No,High School,Far,Male,69,Average Performer
2217,16,93,Medium,Medium,Yes,5,82,Low,Yes,5,High,Medium,Public,Positive,1,No,High School,Near,Male,71,Average Performer
2218,22,80,Low,Medium,No,8,67,Low,Yes,2,Low,Low,Private,Positive,2,No,Postgraduate,Moderate,Male,65,Average Performer
2219,15,68,Low,Medium,Yes,6,94,Low,Yes,0,Medium,High,Public,Neutral,5,No,Postgraduate,Near,Female,64,Average Performer
2220,33,89,Low,Medium,No,8,99,Medium,Yes,2,High,High,Private,Positive,4,No,College,Moderate,Male,75,Top Performer
2221,13,88,High,Medium,No,4,66,Low,Yes,1,Low,High,Public,Positive,4,No,High School,Near,Female,67,Average Performer
2222,22,70,Medium,High,Yes,5,90,High,Yes,1,Medium,High,Public,Neutral,3,No,College,Far,Female,68,Average Performer
2223,24,96,High,High,No,8,75,Low,Yes,1,Medium,Medium,Public,Positive,1,No,College,Moderate,Female,72,Average Performer
2224,22,64,Medium,Medium,No,6,73,High,Yes,3,Medium,Medium,Public,Positive,4,No,Postgraduate,Moderate,Female,67,Average Performer
2225,19,99,High,Medium,No,7,69,Medium,Yes,1,High,Medium,Public,Positive,3,No,High School,Near,Male,72,Average Performer
2226,19,94,Medium,Low,Yes,10,65,High,Yes,1,Low,High,Public,Negative,3,No,Postgraduate,Moderate,Male,69,Average Performer
2227,20,88,Low,Low,No,7,96,Low,Yes,0,High,High,Public,Positive,3,No,Postgraduate,Moderate,Male,68,Average Performer
2228,19,98,Medium,Medium,Yes,8,87,Medium,Yes,0,Medium,Medium,Private,Negative,6,No,High School,Near,Male,70,Average Performer
2229,26,89,Medium,Medium,No,6,72,High,Yes,1,Low,Medium,Public,Neutral,3,Yes,College,Near,Female,69,Average Performer
2230,33,68,Medium,Low,Yes,5,88,Medium,Yes,2,Low,Medium,Public,Negative,1,No,College,Moderate,Male,67,Average Performer
2231,17,78,Medium,Medium,No,7,86,Medium,No,0,Low,Low,Public,Neutral,3,No,College,Near,Female,63,Average Performer
2232,12,63,Medium,High,No,5,63,Low,Yes,4,Low,Medium,Private,Positive,2,No,High School,Moderate,Male,61,Average Performer
2233,19,76,Medium,High,Yes,6,59,Medium,Yes,1,Medium,Medium,Public,Neutral,3,No,High School,Near,Female,66,Average Performer
2234,35,90,High,Medium,Yes,7,92,Low,No,0,Low,Medium,Private,Neutral,4,No,High School,Near,Male,73,Average Performer
2235,15,75,Medium,High,Yes,7,91,High,Yes,0,Medium,High,Public,Neutral,3,No,College,Moderate,Male,67,Average Performer
2236,30,73,High,Medium,Yes,8,100,Medium,Yes,2,High,High,Public,Neutral,2,No,High School,Near,Female,72,Average Performer
2237,30,84,High,Medium,No,8,51,Low,Yes,1,Low,Medium,Public,Positive,4,Yes,Postgraduate,Far,Male,69,Average Performer
2238,17,95,Low,High,No,5,77,Medium,Yes,2,Medium,Medium,Public,Positive,4,No,High School,Moderate,Female,69,Average Performer
2239,23,62,Low,High,Yes,6,85,Medium,Yes,1,Low,Medium,Public,Negative,3,Yes,College,Moderate,Male,63,Average Performer
2240,30,75,Medium,Medium,Yes,4,79,Low,Yes,0,Medium,Medium,Public,Negative,4,No,High School,Moderate,Male,67,Average Performer
2241,18,66,Medium,Medium,No,6,86,Medium,Yes,0,High,Medium,Public,Positive,2,No,High School,Moderate,Female,63,Average Performer
2242,19,88,Medium,High,Yes,8,57,Low,No,1,Medium,Low,Private,Negative,4,No,College,Near,Male,66,Average Performer
2243,17,64,Medium,Medium,No,9,50,Medium,Yes,2,Low,High,Public,Positive,4,No,High School,Moderate,Female,62,Average Performer
2244,14,87,Medium,Medium,Yes,7,55,Medium,Yes,2,Low,High,Private,Positive,4,No,Postgraduate,Near,Male,68,Average Performer
2245,16,71,Medium,High,No,9,69,Medium,Yes,1,Low,Medium,Public,Neutral,4,No,Postgraduate,Near,Female,65,Average Performer
2246,13,68,Low,Low,Yes,8,66,Medium,Yes,0,Medium,Low,Public,Neutral,4,Yes,College,Near,Male,59,Average Performer
2247,20,97,High,Medium,Yes,7,94,High,Yes,1,Medium,Medium,Public,Negative,1,No,College,Moderate,Male,72,Average Performer
2248,15,61,Medium,High,Yes,6,54,Medium,Yes,0,High,High,Private,Neutral,2,No,Postgraduate,Near,Male,63,Average Performer
2249,21,78,Medium,Medium,No,4,72,Medium,Yes,1,Medium,High,Public,Neutral,4,No,Postgraduate,Near,Male,68,Average Performer
2250,11,61,Medium,Medium,Yes,9,98,High,Yes,0,Medium,High,Public,Negative,2,No,High School,Moderate,Male,61,Average Performer
2251,22,79,Low,Medium,No,7,75,Low,Yes,1,Low,High,Private,Neutral,3,No,High School,Near,Female,65,Average Performer
2252,25,80,Medium,Medium,Yes,9,57,Low,Yes,2,Low,High,Public,Positive,3,No,High School,Moderate,Female,68,Average Performer
2253,8,73,Low,Medium,Yes,6,65,High,Yes,1,Low,Medium,Public,Neutral,4,No,College,Moderate,Male,61,Average Performer
2254,22,65,Low,Low,Yes,10,81,Medium,Yes,1,Low,,Private,Neutral,3,No,Postgraduate,Near,Male,63,Average Performer
2255,27,75,Medium,Medium,Yes,7,51,High,Yes,1,Medium,Low,Public,Negative,2,No,Postgraduate,Near,Male,67,Average Performer
2256,13,87,Low,Medium,Yes,6,98,Low,Yes,0,High,High,Public,Positive,3,Yes,Postgraduate,Moderate,Male,66,Average Performer
2257,30,91,Medium,Medium,Yes,7,78,High,Yes,3,Medium,Medium,Private,Positive,2,No,Postgraduate,Near,Male,75,Top Performer
2258,23,81,Medium,Medium,No,7,85,Low,Yes,0,Medium,Medium,Public,Positive,4,No,High School,Near,Male,68,Average Performer
2259,16,84,Low,Medium,No,7,75,High,Yes,2,Medium,Medium,Public,Negative,3,No,High School,Near,Female,65,Average Performer
2260,20,68,Low,Medium,No,6,98,High,Yes,0,Low,High,Public,Negative,4,No,High School,Near,Female,64,Average Performer
2261,23,71,High,Medium,Yes,4,79,Medium,No,2,Low,Medium,Public,Positive,3,No,,Near,Male,67,Average Performer
2262,20,66,Low,Medium,Yes,6,83,Medium,Yes,2,Low,Medium,Private,Neutral,3,No,College,Near,Male,64,Average Performer
2263,23,70,Medium,High,Yes,9,93,Medium,Yes,0,Low,High,Public,Neutral,2,Yes,Postgraduate,Moderate,Female,67,Average Performer
2264,14,69,Medium,High,Yes,6,93,Low,No,2,Low,Medium,Private,Neutral,0,No,High School,Near,Male,63,Average Performer
2265,21,81,High,Medium,Yes,4,51,Medium,Yes,0,Medium,Medium,Private,Positive,2,No,College,Moderate,Female,67,Average Performer
2266,12,83,High,Low,Yes,5,64,Medium,Yes,1,High,Medium,Private,Negative,2,No,Postgraduate,Near,Female,65,Average Performer
2267,19,98,High,Low,Yes,7,62,High,Yes,1,Low,High,Public,Neutral,2,No,High School,Near,Female,70,Average Performer
2268,15,68,Medium,Medium,Yes,6,50,High,Yes,2,High,Low,Public,Neutral,3,No,High School,Moderate,Male,62,Average Performer
2269,16,86,High,Medium,Yes,7,94,Medium,Yes,2,Low,High,Public,Neutral,3,No,High School,Moderate,Female,69,Average Performer
2270,27,93,Medium,Low,Yes,6,66,Medium,Yes,2,Medium,Medium,Public,Negative,3,No,College,Moderate,Female,70,Average Performer
2271,27,82,Medium,Medium,Yes,9,67,Low,Yes,1,Low,High,Private,Neutral,2,No,High School,Moderate,Male,68,Average Performer
2272,24,70,Medium,High,No,8,55,Medium,Yes,4,Low,High,Public,Positive,4,No,Postgraduate,Moderate,Female,68,Average Performer
2273,13,71,Medium,Medium,Yes,10,99,Medium,Yes,0,Low,Medium,Public,Neutral,3,No,Postgraduate,Near,Male,64,Average Performer
2274,18,62,Low,High,Yes,6,91,High,No,4,Low,Medium,Private,Neutral,1,No,High School,Moderate,Male,63,Average Performer
2275,27,72,Low,Low,Yes,7,79,Medium,Yes,2,High,High,Public,Positive,2,No,Postgraduate,Moderate,Female,68,Average Performer
2276,21,90,High,Low,Yes,9,89,Low,Yes,1,Low,Low,Public,Neutral,2,No,High School,Far,Female,67,Average Performer
2277,34,62,High,Low,No,8,89,Low,Yes,3,Low,Medium,Private,Neutral,4,No,College,Moderate,Female,68,Average Performer
2278,22,69,Medium,High,Yes,6,83,Medium,Yes,1,Low,Medium,Public,Positive,2,No,College,Moderate,Female,66,Average Performer
2279,21,88,Medium,Medium,Yes,8,59,Low,No,2,Medium,Medium,Private,Negative,1,No,Postgraduate,Near,Male,67,Average Performer
2280,18,91,High,Medium,No,8,86,High,Yes,1,Medium,Medium,Public,Neutral,4,Yes,High School,Moderate,Male,69,Average Performer
2281,21,78,High,Medium,Yes,4,78,Medium,Yes,2,High,Medium,Private,Negative,3,No,,Far,Male,68,Average Performer
2282,19,88,Medium,High,No,6,86,Medium,Yes,4,Medium,Medium,Public,Positive,3,Yes,College,Moderate,Male,70,Average Performer
2283,24,76,Medium,Medium,No,7,77,Medium,Yes,3,Medium,Medium,Private,Negative,4,No,Postgraduate,Moderate,Female,68,Average Performer
2284,26,66,Low,Medium,Yes,9,98,Medium,Yes,2,Low,Medium,Public,Neutral,2,No,College,Near,Male,66,Average Performer
2285,15,76,Medium,High,Yes,8,81,Medium,Yes,2,Low,Medium,Private,Neutral,4,No,Postgraduate,Moderate,Female,67,Average Performer
2286,12,83,Medium,Medium,No,6,79,Medium,Yes,1,High,Low,Public,Neutral,4,No,High School,Moderate,Female,65,Average Performer
2287,9,98,Medium,Medium,No,6,92,Medium,Yes,0,Medium,Medium,Public,Neutral,5,No,High School,Moderate,Male,67,Average Performer
2288,23,63,Medium,Medium,No,8,69,High,Yes,2,Medium,Low,Public,Negative,4,Yes,High School,Near,Male,63,Average Performer
2289,13,80,Low,High,Yes,4,66,High,Yes,2,Low,Medium,Public,Negative,2,No,High School,Moderate,Female,64,Average Performer
2290,7,73,High,Medium,Yes,6,75,Medium,Yes,3,Low,Medium,Public,Neutral,3,No,College,Near,Female,64,Average Performer
2291,22,80,Low,Low,No,9,79,High,Yes,0,Medium,Medium,Private,Neutral,3,No,College,Moderate,Female,66,Average Performer
2292,35,61,Medium,High,Yes,7,61,Low,Yes,2,Medium,Medium,Private,Positive,4,Yes,High School,Near,Male,68,Average Performer
2293,20,73,High,Medium,Yes,6,84,High,Yes,0,Medium,Medium,Public,Positive,3,No,High School,Moderate,Male,67,Average Performer
2294,25,93,Medium,High,No,5,90,Low,Yes,1,Medium,Medium,Public,Positive,2,No,College,Near,Male,72,Average Performer
2295,20,82,Medium,Medium,Yes,8,79,Low,Yes,1,Low,Medium,Public,Positive,4,No,High School,Near,Male,67,Average Performer
2296,19,78,Medium,Medium,No,7,76,High,Yes,2,Medium,Low,Public,Neutral,3,No,College,Moderate,Female,66,Average Performer
2297,26,71,High,Low,No,7,65,Medium,Yes,1,Low,Medium,Public,Positive,3,No,College,Near,Female,66,Average Performer
2298,18,72,High,High,Yes,8,95,Medium,Yes,1,Medium,Medium,Public,Negative,4,No,High School,Moderate,Male,67,Average Performer
2299,22,75,Medium,Medium,No,7,88,Low,Yes,0,Low,Medium,Private,Neutral,3,No,Postgraduate,Far,Male,65,Average Performer
2300,22,93,High,Medium,No,7,74,Low,Yes,2,Medium,High,Public,Negative,3,No,College,Far,Male,70,Average Performer
2301,16,99,Low,Medium,Yes,5,83,Low,Yes,0,Low,High,Private,Neutral,4,No,Postgraduate,Near,Female,69,Average Performer
2302,26,78,High,High,Yes,5,67,Low,Yes,1,High,High,Private,Negative,3,No,High School,Moderate,Male,69,Average Performer
2303,19,76,High,Medium,Yes,8,53,Medium,Yes,1,Medium,Medium,Public,Negative,4,No,College,Near,Female,66,Average Performer
2304,15,94,Medium,Low,No,8,60,Medium,Yes,2,Medium,Medium,Public,Neutral,4,No,High School,Far,Male,66,Average Performer
2305,23,77,High,High,Yes,8,54,Medium,Yes,1,Low,Medium,Public,Negative,3,No,College,Moderate,Female,67,Average Performer
2306,15,82,Medium,High,Yes,6,75,Medium,Yes,1,Medium,Low,Public,Positive,3,No,High School,Near,Male,67,Average Performer
2307,20,69,Medium,Medium,Yes,8,81,High,Yes,2,Medium,Medium,Public,Positive,4,No,High School,Near,Male,67,Average Performer
2308,20,90,High,High,Yes,6,69,Medium,Yes,2,High,High,Public,Neutral,3,No,High School,Near,Female,72,Average Performer
2309,27,81,Medium,Low,Yes,9,77,Low,Yes,1,Medium,High,Public,Neutral,4,No,College,Moderate,Female,68,Average Performer
2310,23,92,Medium,Low,Yes,6,54,High,Yes,3,Medium,Medium,Public,Positive,2,Yes,Postgraduate,Near,Male,70,Average Performer
2311,20,91,Medium,Medium,Yes,6,88,Medium,Yes,1,Low,Medium,Public,Positive,4,No,High School,Moderate,Male,69,Average Performer
2312,25,69,High,Low,Yes,7,52,High,Yes,1,Low,Medium,Public,Positive,4,No,High School,Moderate,Male,65,Average Performer
2313,28,89,High,High,No,8,82,Medium,Yes,0,Medium,Medium,Public,Negative,3,No,Postgraduate,Far,Male,72,Average Performer
2314,23,92,Medium,High,No,7,72,Medium,Yes,0,Low,Medium,Public,Neutral,4,No,College,Far,Female,69,Average Performer
2315,20,74,Medium,Medium,Yes,7,59,Low,Yes,5,High,Medium,Public,Positive,4,No,High School,Near,Female,68,Average Performer
2316,12,67,High,High,No,6,76,High,Yes,1,Low,Medium,Public,Negative,2,No,High School,Moderate,Male,62,Average Performer
2317,14,60,Medium,Low,Yes,7,89,Low,Yes,2,Medium,Medium,Public,Neutral,3,No,High School,Moderate,Male,60,Average Performer
2318,18,78,High,Medium,Yes,7,71,Low,Yes,3,Medium,Medium,Public,Neutral,4,No,High School,Moderate,Male,67,Average Performer
2319,16,74,High,High,Yes,6,68,Low,Yes,2,Medium,Medium,Public,Neutral,4,No,College,Near,Male,67,Average Performer
2320,19,82,Medium,High,Yes,7,57,Medium,Yes,1,Medium,Medium,Public,Neutral,3,No,High School,Near,Male,67,Average Performer
2321,20,68,Medium,Medium,Yes,7,80,Low,Yes,0,Low,Medium,Private,Neutral,4,No,High School,Near,Female,63,Average Performer
2322,23,94,Medium,Low,Yes,10,91,High,Yes,1,Medium,Medium,Public,Neutral,3,No,High School,Near,Male,71,Average Performer
2323,20,70,Medium,Medium,Yes,6,78,High,Yes,0,Medium,Medium,Private,Positive,2,No,College,Near,Female,66,Average Performer
2324,23,69,Medium,Medium,Yes,6,58,High,Yes,0,Medium,Medium,Public,Neutral,1,No,Postgraduate,Near,Female,65,Average Performer
2325,20,79,High,Medium,Yes,7,83,High,Yes,2,Medium,Medium,Public,Positive,2,No,High School,Moderate,Female,69,Average Performer
2326,8,80,High,Low,No,6,52,High,Yes,2,Medium,Medium,Public,Positive,1,No,High School,Near,Female,63,Average Performer
2327,14,69,Medium,Medium,Yes,5,92,High,Yes,3,Low,Low,Public,Negative,2,No,Postgraduate,Moderate,Female,64,Average Performer
2328,19,71,High,High,No,5,96,High,Yes,2,Low,Medium,Private,Neutral,0,Yes,College,Near,Female,67,Average Performer
2329,13,67,Medium,Medium,Yes,6,80,High,Yes,1,Low,High,Public,Negative,2,No,High School,Moderate,Male,62,Average Performer
2330,24,89,Medium,Low,Yes,6,94,Low,Yes,2,Medium,Medium,Public,Neutral,2,No,High School,Far,Male,68,Average Performer
2331,29,91,Medium,High,No,5,54,Low,Yes,2,Low,,Public,Neutral,3,No,Postgraduate,Moderate,Male,71,Average Performer
2332,27,78,High,Medium,No,7,61,Medium,No,1,Low,Medium,Public,Negative,3,No,High School,Moderate,Female,66,Average Performer
2333,19,89,Medium,High,Yes,4,66,Low,Yes,1,Low,Medium,Public,Positive,1,No,Postgraduate,Near,Female,69,Average Performer
2334,29,89,Medium,Low,Yes,8,89,Low,Yes,1,Medium,High,Private,Neutral,4,No,High School,Moderate,Male,71,Average Performer
2335,21,66,Medium,Medium,Yes,6,74,Medium,Yes,2,Medium,High,Private,Neutral,4,No,High School,Near,Female,66,Average Performer
2336,18,99,Medium,Medium,No,6,67,Medium,Yes,5,Low,Medium,Public,Positive,3,No,Postgraduate,Near,Female,72,Average Performer
2337,16,93,Medium,Medium,Yes,8,58,Medium,Yes,1,High,High,Public,Positive,4,No,College,Near,Female,70,Average Performer
2338,18,68,Low,Medium,No,8,91,High,Yes,1,Low,High,Private,Neutral,3,No,Postgraduate,Near,Female,65,Average Performer
2339,18,67,High,Medium,No,6,51,Medium,Yes,0,Medium,High,Public,Positive,2,No,College,Near,Female,64,Average Performer
2340,21,65,Medium,Medium,Yes,8,67,Medium,Yes,1,Low,Medium,Public,Positive,2,No,College,Moderate,Male,63,Average Performer
2341,21,66,Medium,Medium,No,9,62,Low,No,3,Medium,Medium,Private,Positive,2,No,High School,Near,Male,63,Average Performer
2342,20,90,Low,Medium,No,5,56,Medium,No,3,Medium,Medium,Public,Positive,2,No,High School,Moderate,Male,66,Average Performer
2343,23,79,High,High,Yes,8,59,Low,Yes,1,Low,High,Public,Negative,4,No,College,Moderate,Male,68,Average Performer
2344,27,91,Medium,High,Yes,5,75,Low,Yes,1,High,High,Public,Neutral,4,No,College,Near,Male,74,Average Performer
2345,26,90,High,High,No,9,71,Low,Yes,0,High,Low,Private,Negative,2,No,College,Near,Female,71,Average Performer
2346,11,84,High,Medium,Yes,6,76,High,Yes,3,Low,High,Public,Negative,3,No,High School,Moderate,Female,67,Average Performer
2347,5,87,High,Low,No,6,86,Medium,Yes,2,Medium,High,Public,Positive,3,No,Postgraduate,Near,Female,66,Average Performer
2348,26,61,High,Medium,Yes,9,95,Medium,Yes,0,Medium,Medium,Private,Negative,6,No,College,Near,Male,67,Average Performer
2349,12,72,Low,High,Yes,8,56,High,Yes,3,Low,Medium,Public,Positive,1,Yes,High School,Moderate,Male,62,Average Performer
2350,19,86,Medium,Low,No,6,54,Low,Yes,1,High,High,Private,Positive,5,No,Postgraduate,Near,Male,68,Average Performer
2351,13,60,Medium,Medium,Yes,7,66,Medium,Yes,2,Low,Medium,Public,Positive,3,No,Postgraduate,Near,Male,62,Average Performer
2352,9,61,High,Medium,Yes,6,77,Low,No,1,High,Medium,Private,Neutral,2,No,High School,Near,Male,82,Top Performer
2353,23,94,High,Medium,No,5,55,High,Yes,2,Medium,Medium,Public,Positive,2,Yes,High School,Near,Male,70,Average Performer
2354,25,87,High,Medium,No,7,86,Medium,Yes,4,Medium,Low,Private,Negative,2,No,College,Near,Male,72,Average Performer
2355,17,71,Low,High,Yes,6,78,Low,Yes,0,Medium,Medium,Public,Positive,4,No,College,Near,Female,64,Average Performer
2356,4,88,Medium,High,No,6,87,Low,Yes,1,Medium,High,Public,Neutral,4,No,College,Near,Male,66,Average Performer
2357,17,92,Medium,Medium,Yes,9,68,High,Yes,0,Medium,Low,Private,Positive,3,No,College,Near,Female,68,Average Performer
2358,22,72,Low,Medium,No,6,70,Low,Yes,1,High,Medium,Public,Neutral,3,No,Postgraduate,Far,Male,64,Average Performer
2359,11,61,Low,Medium,Yes,7,90,High,Yes,0,Medium,High,Public,Neutral,3,No,High School,Near,Female,61,Average Performer
2360,21,97,Medium,Medium,Yes,9,63,Medium,Yes,0,Medium,Medium,Public,Positive,1,No,High School,Moderate,Male,69,Average Performer
2361,20,74,High,High,No,7,69,Low,Yes,2,High,High,Private,Neutral,2,No,College,Near,Male,68,Average Performer
2362,23,64,Medium,Medium,No,6,51,Medium,Yes,1,Medium,Medium,Public,Positive,5,No,College,Near,Male,64,Average Performer
2363,21,80,Medium,High,No,7,78,Medium,Yes,1,Low,High,Private,Negative,4,No,High School,Moderate,Female,67,Average Performer
2364,14,91,Medium,Medium,Yes,8,93,Medium,Yes,0,Medium,Medium,Public,Neutral,3,No,High School,Moderate,Male,67,Average Performer
2365,27,69,Medium,Medium,No,8,51,Medium,Yes,1,High,Medium,Public,Negative,2,No,High School,Near,Male,65,Average Performer
2366,19,71,High,Medium,Yes,10,81,Medium,Yes,2,Medium,High,Public,Positive,3,No,High School,Near,Female,68,Average Performer
2367,20,70,Medium,High,Yes,6,92,Medium,Yes,2,Medium,Low,Public,Positive,3,No,High School,Near,Male,67,Average Performer
2368,14,100,Low,Medium,No,7,75,Low,Yes,1,Low,,Public,Positive,3,No,Postgraduate,Moderate,Male,67,Average Performer
2369,17,68,Medium,High,Yes,5,66,Medium,Yes,1,High,Medium,Public,Negative,4,No,High School,Near,Male,64,Average Performer
2370,15,83,High,High,Yes,8,100,Medium,Yes,0,Medium,Medium,Public,Positive,3,No,College,Near,Female,70,Average Performer
2371,19,97,Medium,High,No,7,53,Medium,Yes,2,Low,Low,Private,Neutral,3,No,College,Moderate,Male,69,Average Performer
2372,30,66,Medium,High,No,7,61,Low,Yes,0,High,High,Private,Positive,2,No,High School,Far,Male,66,Average Performer
2373,12,99,Low,Medium,No,6,94,Medium,Yes,2,Medium,Medium,Public,Neutral,3,No,Postgraduate,Moderate,Male,69,Average Performer
2374,10,98,Low,Medium,Yes,6,65,Medium,Yes,1,Low,High,Private,Positive,2,No,High School,Near,Male,66,Average Performer
2375,29,95,High,Medium,Yes,7,91,Low,Yes,1,Low,Medium,Public,Neutral,3,No,High School,Moderate,Female,73,Average Performer
2376,19,69,Medium,Medium,Yes,6,67,Medium,No,4,High,High,Private,Positive,4,No,Postgraduate,Moderate,Male,66,Average Performer
2377,16,85,Medium,High,Yes,7,91,High,Yes,0,Medium,Medium,Public,Neutral,2,No,Postgraduate,Moderate,Male,69,Average Performer
2378,26,90,Medium,Low,Yes,7,84,Low,Yes,1,Medium,Medium,Public,Positive,3,No,High School,Moderate,Male,70,Average Performer
2379,16,99,High,Medium,Yes,5,73,High,Yes,1,Medium,Medium,Private,Positive,5,Yes,College,Far,Male,71,Average Performer
2380,31,67,Low,High,Yes,5,76,Medium,Yes,2,Medium,High,Public,Positive,4,No,College,Near,Male,70,Average Performer
2381,24,91,High,Low,Yes,6,59,Medium,Yes,0,Low,Medium,Private,Neutral,4,No,High School,Near,Male,69,Average Performer
2382,17,74,Medium,Medium,No,9,56,Medium,Yes,1,Medium,High,Private,Negative,3,No,High School,Moderate,Male,63,Average Performer
2383,33,67,High,Medium,Yes,6,86,Medium,Yes,4,Medium,High,Public,Positive,3,Yes,High School,Near,Female,71,Average Performer
2384,16,77,High,High,No,7,92,Low,Yes,2,Medium,Medium,Public,Negative,2,No,College,Near,Male,67,Average Performer
2385,24,92,Medium,Medium,Yes,5,86,High,Yes,3,Medium,High,Public,Neutral,2,No,High School,Near,Female,73,Average Performer
2386,22,79,Low,High,Yes,6,96,Medium,Yes,1,High,Medium,Public,Neutral,2,No,College,Moderate,Male,68,Average Performer
2387,28,82,Low,Medium,Yes,5,95,Medium,Yes,0,High,Low,Public,Neutral,3,No,High School,Near,Male,69,Average Performer
2388,29,100,High,High,Yes,8,89,Medium,Yes,2,Medium,Medium,Private,Neutral,3,No,High School,Moderate,Female,76,Top Performer
2389,20,76,Low,Medium,Yes,5,95,Medium,Yes,4,Low,High,Public,Positive,3,No,High School,Near,Male,68,Average Performer
2390,15,85,Medium,Medium,No,8,58,High,Yes,1,Low,Medium,Private,Negative,3,No,College,Near,Male,65,Average Performer
2391,23,75,Medium,Medium,Yes,8,87,Low,Yes,0,High,Low,Public,Positive,1,No,High School,Near,Female,66,Average Performer
2392,16,76,Medium,Low,No,7,88,High,Yes,0,Low,Medium,Public,Positive,2,No,Postgraduate,Near,Male,65,Average Performer
2393,32,88,Low,Medium,No,8,58,Low,Yes,3,Low,High,Private,Negative,3,No,High School,Moderate,Male,69,Average Performer
2394,21,98,High,Medium,Yes,10,95,Medium,Yes,0,Medium,Medium,Public,Neutral,1,No,High School,,Male,71,Average Performer
2395,18,82,High,Low,Yes,8,50,Medium,Yes,1,High,Medium,Public,Positive,3,No,High School,Moderate,Male,66,Average Performer
2396,21,91,Medium,High,No,5,72,Medium,Yes,3,Low,Medium,Public,Negative,3,Yes,High School,Near,Female,69,Average Performer
2397,12,64,Medium,Medium,No,9,51,Low,No,2,Low,Medium,Public,Neutral,4,No,College,Near,Male,59,Average Performer
2398,14,68,Medium,High,No,7,76,Medium,Yes,2,High,Medium,Public,Positive,3,No,High School,Near,Male,65,Average Performer
2399,27,80,High,High,No,10,71,High,Yes,4,Low,Low,Public,Neutral,2,No,College,Near,Male,72,Average Performer
2400,16,61,Medium,Low,Yes,6,81,Medium,Yes,0,Medium,Medium,Public,Negative,2,No,College,,Male,60,Average Performer
2401,14,70,Medium,Medium,Yes,9,88,Low,Yes,0,High,Medium,Private,Positive,4,No,College,Moderate,Female,64,Average Performer
2402,23,81,Medium,Medium,No,7,88,Low,Yes,1,Low,Medium,Public,Positive,4,No,Postgraduate,Near,Male,69,Average Performer
2403,27,61,High,High,Yes,10,86,Medium,Yes,3,Medium,High,Private,Positive,3,No,High School,Near,Female,70,Average Performer
2404,24,71,Medium,High,Yes,7,55,Low,Yes,2,High,Medium,Public,Positive,3,No,College,Far,Male,67,Average Performer
2405,26,81,Medium,Medium,No,10,71,Low,Yes,0,Medium,Medium,Private,Positive,5,Yes,High School,Near,Female,67,Average Performer
2406,15,83,Medium,Low,Yes,8,91,Medium,Yes,0,Low,Medium,Private,Neutral,3,No,College,Far,Male,64,Average Performer
2407,11,97,Medium,Medium,Yes,8,83,Low,Yes,4,Medium,High,Private,Negative,2,No,High School,Far,Male,68,Average Performer
2408,29,86,Medium,High,No,10,84,Low,Yes,1,Low,High,Private,Positive,4,No,High School,Near,Female,72,Average Performer
2409,18,77,Medium,High,Yes,6,61,Medium,Yes,1,Low,Medium,Private,Neutral,3,No,High School,Near,Female,65,Average Performer
2410,18,97,Medium,High,No,8,66,Low,Yes,2,Medium,Medium,Public,Neutral,2,No,College,Moderate,Male,70,Average Performer
2411,28,91,High,Medium,No,7,98,Low,Yes,2,Low,Medium,Private,Positive,5,No,Postgraduate,Near,Male,75,Top Performer
2412,23,68,Low,Low,Yes,7,92,Medium,No,3,Low,High,Private,Neutral,4,No,High School,Near,Male,65,Average Performer
2413,23,65,Medium,High,Yes,7,58,Low,Yes,1,Low,Medium,Public,Neutral,3,Yes,College,Moderate,Female,63,Average Performer
2414,33,87,Medium,High,No,8,77,Low,Yes,0,Low,Medium,Private,Positive,3,Yes,High School,Near,Male,71,Average Performer
2415,16,82,Medium,Low,Yes,8,75,Medium,Yes,2,Medium,Medium,Public,Positive,2,No,College,Near,Female,66,Average Performer
2416,26,92,Medium,Low,Yes,6,72,Medium,Yes,1,Low,Medium,Private,Neutral,3,No,High School,Moderate,Female,69,Average Performer
2417,20,90,High,Medium,No,7,74,Low,No,0,High,Low,Private,Positive,3,No,Postgraduate,Moderate,Female,68,Average Performer
2418,22,85,Medium,High,No,4,82,Medium,Yes,1,Medium,High,Public,Positive,2,No,Postgraduate,Near,Male,71,Average Performer
2419,29,99,High,Medium,Yes,8,98,High,No,5,Low,Low,Public,Neutral,2,No,Postgraduate,Near,Male,77,Top Performer
2420,23,81,High,Low,Yes,10,94,High,Yes,1,Medium,High,Public,Neutral,2,No,College,Near,Female,70,Average Performer
2421,23,65,Medium,Medium,No,7,94,Medium,Yes,1,High,Medium,Public,Negative,3,No,College,Near,Female,66,Average Performer
2422,26,93,High,Medium,No,5,85,Low,Yes,1,High,High,Public,Positive,3,No,College,Moderate,Female,73,Average Performer
2423,18,70,Medium,Medium,Yes,8,51,Medium,Yes,1,Low,Medium,Private,Negative,3,No,College,Moderate,Male,62,Average Performer
2424,15,91,Medium,Medium,No,6,72,Low,Yes,0,Medium,Medium,Public,Neutral,2,No,High School,Moderate,Female,65,Average Performer
2425,14,98,High,High,Yes,7,76,Medium,Yes,0,Low,Medium,Public,Neutral,2,No,Postgraduate,Near,Male,71,Average Performer
2426,8,88,Medium,Medium,Yes,8,92,High,Yes,1,Low,Medium,Public,Negative,4,No,College,Near,Male,66,Average Performer
2427,32,84,Low,Medium,Yes,8,96,Medium,Yes,1,Low,Medium,Public,Positive,3,No,High School,Near,Female,72,Average Performer
2428,13,78,Medium,Medium,Yes,9,73,Medium,Yes,0,Medium,High,Private,Negative,4,No,High School,Near,Male,64,Average Performer
2429,19,75,Medium,Medium,No,7,65,Low,Yes,0,Low,Low,Private,Neutral,4,No,High School,Near,Female,63,Average Performer
2430,18,74,Low,Medium,Yes,7,67,Low,Yes,0,Low,Medium,Public,Positive,3,No,High School,Near,Male,63,Average Performer
2431,22,85,High,Medium,No,8,79,High,Yes,5,Medium,High,Public,Neutral,2,No,High School,Near,Female,72,Average Performer
2432,25,90,Medium,Medium,Yes,7,64,Medium,Yes,2,Medium,High,Public,Positive,2,No,High School,Moderate,Male,71,Average Performer
2433,25,87,High,High,Yes,6,96,Low,No,3,Medium,Medium,Public,Positive,2,No,High School,Moderate,Female,72,Average Performer
2434,17,68,Medium,High,Yes,8,71,Medium,Yes,1,Medium,High,Private,Neutral,2,No,High School,Near,Male,65,Average Performer
2435,19,80,Medium,Medium,Yes,5,100,Medium,Yes,0,Medium,Medium,Public,Neutral,3,No,High School,Near,Female,67,Average Performer
2436,22,92,Low,High,Yes,7,55,Low,Yes,1,Low,Medium,Public,Positive,4,No,High School,Moderate,Female,68,Average Performer
2437,19,79,Medium,High,Yes,5,59,Medium,Yes,2,Low,Medium,Private,Neutral,2,No,Postgraduate,Far,Male,66,Average Performer
2438,30,81,Medium,High,No,6,76,Medium,Yes,0,High,Medium,Public,Positive,3,No,Postgraduate,Near,Male,72,Average Performer
2439,23,91,High,Medium,No,6,93,Medium,Yes,3,Low,Low,Public,Neutral,3,No,High School,Moderate,Female,71,Average Performer
2440,24,86,Medium,High,No,6,68,Low,Yes,3,Low,High,Public,Positive,3,Yes,College,Moderate,Female,70,Average Performer
2441,24,76,Medium,Medium,No,9,92,Medium,Yes,1,Medium,Low,Public,Neutral,3,No,Postgraduate,Near,Female,68,Average Performer
2442,27,96,Medium,High,No,9,71,Low,Yes,0,Low,Medium,Private,Positive,4,No,College,Near,Female,72,Average Performer
2443,21,67,Low,Medium,Yes,9,93,High,Yes,1,Low,High,Public,Neutral,3,No,College,Near,Male,66,Average Performer
2444,12,100,Medium,Medium,No,7,64,Medium,Yes,1,Medium,High,Public,Positive,6,No,High School,Near,Male,69,Average Performer
2445,22,65,Low,Medium,Yes,6,74,High,Yes,2,Medium,Medium,Public,Positive,1,No,College,Near,Male,65,Average Performer
2446,16,61,High,High,No,8,64,Medium,Yes,1,Low,High,Public,Positive,3,No,High School,Far,Male,62,Average Performer
2447,17,96,High,High,No,7,61,Low,Yes,1,Low,High,Public,Positive,1,No,College,Moderate,Female,69,Average Performer
2448,24,70,Medium,Medium,Yes,7,71,Medium,Yes,1,Medium,Low,Public,Negative,4,No,High School,Near,Male,65,Average Performer
2449,27,89,Medium,Low,No,4,67,Medium,Yes,2,Low,Low,Private,Neutral,4,No,College,Near,Female,69,Average Performer
2450,20,92,Low,High,Yes,8,89,Medium,Yes,1,Low,Medium,Public,Neutral,3,No,High School,Moderate,Female,69,Average Performer
2451,22,94,High,Medium,Yes,8,87,Medium,Yes,2,Low,,Private,Neutral,5,No,College,Near,Female,73,Average Performer
2452,30,100,High,Medium,Yes,7,68,Low,Yes,2,Medium,Medium,Private,Neutral,2,No,Postgraduate,Near,Female,75,Top Performer
2453,21,72,High,High,Yes,8,100,Medium,Yes,3,Low,High,Private,Positive,3,No,College,Far,Male,70,Average Performer
2454,36,88,Medium,High,No,8,99,High,Yes,0,Low,Medium,Private,Negative,3,No,College,Near,Female,74,Average Performer
2455,23,65,Medium,Medium,Yes,6,96,Medium,Yes,0,Low,Low,Public,Positive,3,No,High School,Near,Male,65,Average Performer
2456,9,76,Medium,Medium,No,7,79,Medium,Yes,1,Medium,Medium,Public,Negative,3,No,College,Near,Male,63,Average Performer
2457,25,94,High,High,No,5,71,Low,Yes,4,Medium,High,Public,Negative,4,No,College,Near,Female,74,Average Performer
2458,22,75,High,High,Yes,9,66,Low,Yes,0,Low,Medium,Private,Neutral,2,No,Postgraduate,Near,Male,67,Average Performer
2459,28,84,Medium,Medium,Yes,8,51,Medium,No,3,Medium,Medium,Public,Positive,4,No,Postgraduate,Near,Female,71,Average Performer
2460,24,80,High,Low,Yes,6,82,Medium,Yes,1,Low,High,Public,Neutral,3,No,College,Moderate,Female,68,Average Performer
2461,19,86,High,Medium,No,8,78,Medium,Yes,2,Medium,Medium,Public,Negative,4,No,College,Near,Female,69,Average Performer
2462,13,99,Medium,High,No,7,81,Medium,Yes,0,Medium,Medium,Public,Positive,4,No,Postgraduate,Near,Male,71,Average Performer
2463,19,62,High,Medium,Yes,6,79,Low,Yes,7,Medium,Medium,Public,Neutral,2,No,High School,Near,Female,66,Average Performer
2464,15,83,Medium,Medium,Yes,7,57,Low,Yes,0,Medium,Medium,Private,Positive,3,No,Postgraduate,Near,Male,65,Average Performer
2465,17,95,Medium,Low,Yes,8,85,Low,No,1,Low,High,Private,Negative,2,No,College,Moderate,Female,66,Average Performer
2466,24,79,Low,Low,Yes,8,68,High,Yes,2,Low,Medium,Private,Negative,2,No,High School,Near,Male,65,Average Performer
2467,30,63,Medium,Medium,No,10,76,Medium,Yes,1,Medium,Medium,Public,Neutral,4,No,Postgraduate,Moderate,Female,67,Average Performer
2468,22,82,High,Medium,No,7,68,High,Yes,2,Low,Medium,Private,Neutral,4,No,Postgraduate,Near,Male,70,Average Performer
2469,13,73,Medium,Medium,Yes,7,51,Medium,Yes,1,Low,Medium,Public,Positive,4,No,Postgraduate,Near,Male,63,Average Performer
2470,23,66,Low,Low,No,8,94,Low,Yes,1,Medium,High,Private,Neutral,3,No,Postgraduate,Moderate,Male,64,Average Performer
2471,27,94,Medium,Medium,Yes,7,57,Medium,Yes,1,Medium,Medium,Private,Neutral,1,No,High School,Near,Male,71,Average Performer
2472,16,81,Medium,High,Yes,6,79,Medium,Yes,2,Low,High,Public,Positive,3,No,College,Moderate,Female,68,Average Performer
2473,19,97,Medium,Low,No,6,94,Medium,Yes,2,High,Medium,Public,Neutral,4,No,Postgraduate,Near,Male,72,Average Performer
2474,20,92,Medium,High,Yes,4,61,Medium,Yes,2,High,Medium,Public,Neutral,4,No,College,Near,Male,71,Average Performer
2475,15,88,Low,Low,Yes,8,71,Medium,No,1,Low,Low,Private,Positive,2,No,Postgraduate,Moderate,Male,64,Average Performer
2476,24,60,High,Low,Yes,5,69,Medium,Yes,1,Medium,High,Public,Neutral,5,No,High School,Moderate,Male,64,Average Performer
2477,19,77,High,Medium,Yes,6,54,Low,Yes,3,High,Medium,Private,Negative,2,No,College,Moderate,Male,66,Average Performer
2478,23,68,Medium,High,Yes,7,71,High,Yes,3,Medium,,Public,Positive,3,No,High School,Moderate,Female,68,Average Performer
2479,15,96,High,Medium,No,7,74,Medium,Yes,2,Low,Low,Private,Positive,2,No,High School,Far,Male,68,Average Performer
2480,17,67,High,Medium,Yes,10,51,Medium,Yes,3,Low,Medium,Public,Positive,5,No,High School,Near,Male,65,Average Performer
2481,24,71,Medium,Medium,Yes,5,74,Medium,Yes,1,Medium,Medium,Private,Positive,3,No,High School,Near,Male,67,Average Performer
2482,18,81,Medium,Low,Yes,10,55,Low,Yes,3,Low,Medium,Public,Negative,2,No,High School,Near,Male,64,Average Performer
2483,30,71,High,Medium,Yes,9,95,High,No,1,Medium,Medium,Public,Neutral,4,No,College,Near,Male,70,Average Performer
2484,18,68,Medium,High,Yes,8,83,Low,Yes,1,Low,Medium,Public,Positive,2,No,College,Near,Male,65,Average Performer
2485,21,84,Medium,Low,No,9,53,Low,Yes,2,Medium,High,Public,Negative,3,No,High School,Moderate,Female,65,Average Performer
2486,26,64,High,Medium,No,8,91,High,Yes,1,Medium,Medium,Public,Positive,4,No,High School,Near,Male,68,Average Performer
2487,11,62,Medium,High,Yes,4,68,Medium,Yes,2,High,Medium,Public,Negative,3,No,High School,Moderate,Male,61,Average Performer
2488,9,75,High,Low,No,8,61,High,Yes,3,Medium,,Public,Neutral,3,No,High School,Near,Male,63,Average Performer
2489,11,89,Medium,Medium,Yes,5,63,Medium,Yes,0,Medium,Medium,Public,Neutral,2,No,College,Near,Female,65,Average Performer
2490,28,82,Medium,Medium,Yes,6,80,Medium,Yes,1,Low,Medium,Private,Neutral,5,No,High School,Far,Female,69,Average Performer
2491,17,77,Medium,Medium,No,7,54,Low,Yes,1,Low,High,Public,Positive,2,No,College,Near,Male,64,Average Performer
2492,35,83,Medium,Low,No,6,53,Medium,Yes,1,Low,Medium,Private,Neutral,2,No,High School,Near,Female,69,Average Performer
2493,17,75,High,Medium,Yes,8,81,Low,Yes,3,High,Medium,Public,Neutral,3,Yes,Postgraduate,Near,Male,67,Average Performer
2494,21,97,Medium,High,Yes,7,99,High,Yes,1,Medium,High,Public,Neutral,1,No,Postgraduate,Moderate,Male,74,Average Performer
2495,29,62,High,Medium,Yes,8,74,Medium,Yes,1,Low,Medium,Private,Negative,3,Yes,College,Near,Male,66,Average Performer
2496,32,87,Medium,High,Yes,7,71,Medium,Yes,0,High,Low,Public,Neutral,4,Yes,College,Near,Male,72,Average Performer
2497,32,96,Medium,Low,Yes,7,97,Low,Yes,1,Low,Medium,Public,Neutral,5,No,College,Moderate,Male,73,Average Performer
2498,27,92,High,Medium,No,6,62,High,Yes,0,Medium,High,Public,Positive,4,No,College,Near,Male,73,Average Performer
2499,26,67,Low,Medium,Yes,5,62,High,Yes,0,Medium,Medium,Public,Negative,2,No,High School,Moderate,Male,63,Average Performer
2500,24,72,High,Medium,Yes,7,95,Medium,Yes,3,Low,Medium,Public,Negative,2,No,Postgraduate,Near,Male,69,Average Performer
2501,25,89,Low,Low,Yes,6,82,High,Yes,2,Low,Medium,Public,Neutral,6,No,Postgraduate,Near,Male,71,Average Performer
2502,17,63,High,Medium,No,9,53,High,Yes,1,Low,High,Public,Neutral,4,No,College,Moderate,Male,63,Average Performer
2503,15,92,Medium,High,Yes,5,84,Medium,Yes,0,High,Low,Public,Positive,5,No,High School,Moderate,Female,69,Average Performer
2504,20,89,High,High,Yes,10,91,Low,Yes,3,Medium,Medium,Private,Neutral,3,No,College,Moderate,Male,72,Average Performer
2505,19,89,High,Low,Yes,7,64,Medium,Yes,2,Low,Medium,Public,Positive,4,Yes,Postgraduate,Moderate,Female,68,Average Performer
2506,17,64,Low,High,No,7,69,Medium,Yes,1,Medium,Medium,Public,Negative,3,No,High School,Near,Female,62,Average Performer
2507,24,89,Low,High,Yes,6,60,Medium,Yes,1,Low,Medium,Private,Neutral,2,No,High School,Near,Male,68,Average Performer
2508,26,87,Medium,Medium,Yes,8,82,High,Yes,1,Low,Medium,Public,Negative,2,No,Postgraduate,Near,Male,71,Average Performer
2509,21,93,Medium,Low,Yes,7,83,Low,No,1,High,High,Public,Neutral,3,Yes,High School,Moderate,Male,67,Average Performer
2510,29,62,Low,High,Yes,7,53,High,Yes,0,Low,Medium,Private,Positive,3,No,College,Moderate,Female,65,Average Performer
2511,13,61,Low,Medium,Yes,8,84,High,No,1,Medium,High,Public,Neutral,3,Yes,Postgraduate,Far,Male,60,Average Performer
2512,19,75,Medium,High,Yes,8,83,High,Yes,2,High,Medium,Public,Neutral,2,No,High School,Near,Male,68,Average Performer
2513,16,66,Low,Medium,Yes,9,52,Medium,Yes,1,Medium,Low,Public,Negative,3,Yes,High School,Near,Male,59,Average Performer
2514,9,82,High,Medium,No,8,78,Medium,Yes,0,High,Medium,Public,Neutral,0,No,,Moderate,Female,64,Average Performer
2515,20,97,High,Medium,Yes,6,81,High,Yes,2,Low,Low,Public,Neutral,3,No,High School,Moderate,Male,71,Average Performer
2516,19,76,High,High,No,4,72,Low,Yes,2,High,,Public,Neutral,2,No,College,Moderate,Female,68,Average Performer
2517,29,94,Low,Medium,Yes,7,95,Medium,No,2,Low,Medium,Public,Neutral,3,Yes,College,Moderate,Male,70,Average Performer
2518,24,60,Low,Low,No,7,66,Medium,Yes,1,Medium,High,Public,Neutral,4,No,College,Near,Female,62,Average Performer
2519,14,67,Medium,Medium,No,10,53,Medium,Yes,2,High,Medium,Public,Neutral,3,No,College,Near,Male,62,Average Performer
2520,31,61,High,Medium,No,7,84,Medium,Yes,2,Medium,Medium,Private,Neutral,3,No,High School,Near,Male,68,Average Performer
2521,27,73,Medium,Medium,No,8,80,Low,Yes,3,Medium,Medium,Private,Negative,3,No,High School,Near,Female,68,Average Performer
2522,23,96,Medium,Medium,Yes,8,99,High,Yes,3,Low,Low,Public,Positive,4,No,High School,Near,Female,74,Average Performer
2523,19,64,Low,Medium,No,8,62,Medium,Yes,0,High,Medium,Public,Positive,4,Yes,College,Near,Male,61,Average Performer
2524,14,84,Medium,Medium,Yes,8,70,Medium,Yes,1,Low,High,Public,Neutral,5,No,College,Near,Male,67,Average Performer
2525,18,78,Medium,Low,No,6,73,Medium,Yes,1,High,High,Public,Positive,2,No,High School,Moderate,Female,65,Average Performer
2526,27,98,Low,Medium,Yes,6,93,Low,No,5,High,High,Public,Positive,3,No,High School,Moderate,Female,101,Top Performer
2527,31,65,Medium,Low,Yes,7,71,Medium,Yes,1,Low,Medium,Public,Neutral,4,No,High School,Moderate,Male,65,Average Performer
2528,29,68,Medium,Medium,No,4,89,Medium,Yes,0,Medium,Medium,Private,Neutral,4,Yes,College,Near,Male,67,Average Performer
2529,17,61,Medium,High,Yes,7,58,Low,Yes,2,Low,Medium,Public,Positive,3,Yes,High School,Near,Female,61,Average Performer
2530,13,77,Medium,Medium,No,6,70,Medium,Yes,3,Medium,High,Public,Neutral,4,Yes,High School,Near,Male,64,Average Performer
2531,21,71,High,Low,No,7,58,High,Yes,1,Medium,High,Public,Positive,3,Yes,College,Far,Female,64,Average Performer
2532,9,95,Medium,Medium,Yes,7,97,Medium,Yes,1,Low,Low,Public,Neutral,2,No,College,Near,Male,67,Average Performer
2533,22,84,Medium,Medium,Yes,5,59,Medium,Yes,0,High,High,Private,Positive,3,No,College,Near,Female,69,Average Performer
2534,19,85,High,Medium,Yes,9,71,Low,Yes,1,Medium,High,Public,Positive,2,No,Postgraduate,Moderate,Female,69,Average Performer
2535,17,81,High,Medium,No,7,54,Medium,Yes,4,Low,Medium,Public,Positive,3,No,High School,Near,Female,67,Average Performer
2536,10,64,Medium,High,No,8,96,Medium,Yes,1,Medium,Medium,Public,Neutral,3,No,High School,Moderate,Male,62,Average Performer
2537,23,78,Low,High,No,7,81,Medium,Yes,0,Low,Medium,Private,Neutral,1,No,High School,Near,Male,66,Average Performer
2538,17,100,High,Medium,No,8,98,Low,Yes,0,Medium,High,Public,Positive,4,No,College,Near,Male,72,Average Performer
2539,13,93,Medium,Medium,Yes,5,52,Low,Yes,2,Medium,Medium,Public,Positive,3,No,College,Near,Female,67,Average Performer
2540,3,96,High,High,Yes,9,59,Medium,Yes,2,Low,Medium,Public,Negative,3,No,College,Moderate,Female,66,Average Performer
2541,20,93,Low,Low,Yes,8,69,Medium,Yes,2,Low,Medium,Public,Neutral,4,No,High School,Moderate,Male,67,Average Performer
2542,31,64,High,Low,Yes,7,81,Low,Yes,1,Medium,Medium,Public,Positive,4,No,High School,Near,Female,67,Average Performer
2543,30,69,Medium,Medium,Yes,7,66,Medium,Yes,0,Medium,Low,Public,Positive,4,No,Postgraduate,Near,Female,68,Average Performer
2544,17,60,High,Medium,Yes,9,86,Medium,Yes,0,Low,High,Public,Positive,2,No,High School,Near,Male,63,Average Performer
2545,16,72,Medium,High,No,6,58,Low,Yes,1,Medium,Medium,Public,Negative,2,No,High School,Far,Male,62,Average Performer
2546,23,64,High,Medium,Yes,5,80,Low,Yes,3,Medium,High,Public,Negative,2,Yes,College,Moderate,Female,65,Average Performer
2547,14,79,Medium,Medium,Yes,6,70,Medium,Yes,1,Low,Medium,Public,Positive,6,No,College,Moderate,Male,65,Average Performer
2548,22,87,Medium,High,Yes,7,75,Medium,Yes,0,Medium,High,Public,Positive,2,Yes,College,Near,Female,70,Average Performer
2549,25,95,Low,Medium,No,7,78,Medium,Yes,7,Low,Medium,Public,Positive,4,No,High School,Near,Male,73,Average Performer
2550,27,90,High,Medium,Yes,9,53,Medium,Yes,1,Medium,High,Public,Positive,2,No,Postgraduate,Near,Female,73,Average Performer
2551,19,98,Medium,Low,Yes,6,96,Medium,No,2,Low,Medium,Private,Negative,2,No,High School,Moderate,Male,68,Average Performer
2552,19,62,Medium,Low,No,6,89,High,Yes,3,Medium,Medium,Public,Positive,1,No,High School,Moderate,Male,63,Average Performer
2553,15,60,Medium,Low,Yes,5,72,High,Yes,2,High,High,Public,Positive,2,No,High School,Near,Male,62,Average Performer
2554,15,86,High,Medium,Yes,8,77,Medium,Yes,0,Medium,Medium,Public,Positive,3,No,Postgraduate,Near,Male,69,Average Performer
2555,19,72,Medium,High,No,5,52,Medium,Yes,2,Medium,Medium,Public,Neutral,3,No,Postgraduate,Near,Male,66,Average Performer
2556,22,70,Medium,High,Yes,8,75,High,Yes,0,Medium,Medium,Private,Positive,3,No,Postgraduate,Near,Male,68,Average Performer
2557,25,73,High,Medium,Yes,6,71,Low,Yes,0,Low,Medium,Private,Positive,3,No,College,Far,Female,67,Average Performer
2558,15,71,High,High,Yes,6,69,Low,Yes,2,Low,High,Private,Negative,4,No,College,Near,Female,65,Average Performer
2559,29,80,Low,Medium,Yes,10,91,High,No,1,High,Medium,Public,Positive,3,No,College,Moderate,Male,70,Average Performer
2560,18,78,Low,Medium,Yes,9,59,High,No,0,High,High,Private,Positive,1,No,High School,Moderate,Female,64,Average Performer
2561,20,80,Low,Low,Yes,7,59,High,Yes,2,Medium,High,Private,Neutral,3,No,High School,Moderate,Male,65,Average Performer
2562,16,87,Medium,Medium,No,5,76,High,Yes,1,Low,High,Private,Neutral,2,No,Postgraduate,Far,Female,67,Average Performer
2563,5,75,Medium,Low,Yes,10,84,Medium,Yes,0,High,Medium,Private,Neutral,4,No,Postgraduate,Moderate,Female,62,Average Performer
2564,25,70,Medium,Medium,Yes,7,51,High,Yes,3,Low,Medium,Public,Positive,4,No,High School,Moderate,Male,66,Average Performer
2565,24,67,High,High,Yes,7,77,Low,Yes,0,High,Medium,Public,Positive,2,No,College,Near,Female,68,Average Performer
2566,18,74,Medium,Low,No,8,65,High,Yes,0,Medium,High,Public,Positive,4,No,College,Moderate,Female,64,Average Performer
2567,20,90,High,Low,No,4,88,Medium,Yes,3,Low,Medium,Public,Negative,3,No,High School,Moderate,Male,69,Average Performer
2568,23,90,Medium,Medium,Yes,6,73,Low,No,1,High,Medium,Private,Positive,2,No,High School,Near,Female,69,Average Performer
2569,11,87,Medium,Medium,Yes,7,92,Medium,Yes,1,Medium,Medium,Public,Positive,5,No,High School,Moderate,Female,67,Average Performer
2570,17,69,Medium,Medium,Yes,7,70,Low,Yes,0,Low,High,Public,Neutral,3,Yes,College,Moderate,Male,61,Average Performer
2571,25,84,High,Medium,Yes,5,91,Low,Yes,1,Medium,Medium,Public,Positive,4,Yes,Postgraduate,Moderate,Female,70,Average Performer
2572,12,83,Low,Medium,Yes,7,86,Low,Yes,1,High,Medium,Public,Negative,4,No,College,Near,Female,65,Average Performer
2573,22,79,Medium,Medium,Yes,7,91,Low,Yes,0,Low,Medium,Public,Positive,4,Yes,College,Moderate,Male,66,Average Performer
2574,12,82,Low,Medium,Yes,10,91,Medium,Yes,3,Low,Medium,Public,Negative,3,No,Postgraduate,Near,Male,66,Average Performer
2575,23,80,Medium,High,Yes,9,74,Medium,Yes,4,Medium,Medium,Public,Negative,3,No,High School,Moderate,Male,69,Average Performer
2576,20,83,Medium,Medium,Yes,7,68,High,Yes,1,Medium,Medium,Public,Positive,1,No,High School,Near,Female,67,Average Performer
2577,10,89,High,High,Yes,7,88,Medium,Yes,2,High,Medium,Private,Positive,2,No,Postgraduate,Near,Female,71,Average Performer
2578,27,64,High,High,Yes,9,68,High,Yes,1,Low,High,Private,Neutral,4,No,High School,Near,Male,68,Average Performer
2579,16,90,Medium,Medium,No,7,54,High,No,2,Medium,Medium,Public,Positive,3,No,High School,Near,Female,67,Average Performer
2580,15,65,High,Medium,No,5,93,Low,Yes,2,Low,Medium,Public,Neutral,4,Yes,High School,Near,Female,63,Average Performer
2581,21,63,Medium,Medium,No,10,70,Low,Yes,1,High,High,Private,Positive,2,No,College,Near,Female,64,Average Performer
2582,27,99,High,Medium,Yes,6,57,Medium,Yes,3,Low,Medium,Public,Neutral,3,No,College,Moderate,Male,73,Average Performer
2583,14,98,Medium,Medium,Yes,10,82,High,Yes,1,Low,Medium,Private,Positive,3,No,High School,Moderate,Male,69,Average Performer
2584,20,62,High,Low,No,8,94,High,Yes,1,Medium,Medium,Public,Positive,3,No,High School,Near,Female,65,Average Performer
2585,23,78,High,Low,Yes,6,93,Medium,Yes,0,Medium,High,Private,Positive,5,No,Postgraduate,Near,Male,70,Average Performer
2586,24,67,High,Medium,Yes,4,78,Low,Yes,1,Low,High,Public,Positive,2,No,High School,Near,Female,67,Average Performer
2587,21,79,Medium,Low,Yes,8,54,High,Yes,3,Low,Medium,Public,Positive,3,No,Postgraduate,Moderate,Female,67,Average Performer
2588,18,93,Medium,High,Yes,5,85,Medium,Yes,0,Low,Medium,Public,Positive,3,No,High School,Near,Male,70,Average Performer
2589,15,98,High,Low,No,8,80,Low,No,2,High,High,Public,Negative,2,No,Postgraduate,Near,Female,69,Average Performer
2590,21,85,High,Medium,No,10,61,High,Yes,2,Medium,Medium,Public,Neutral,2,Yes,High School,Near,Male,68,Average Performer
2591,14,74,Medium,High,No,5,95,High,Yes,1,Low,High,Public,Positive,3,Yes,College,Near,Male,66,Average Performer
2592,2,84,Low,High,No,8,54,Low,Yes,3,Low,Low,Public,Positive,4,No,,Near,Male,62,Average Performer
2593,23,72,Medium,Medium,Yes,6,69,Low,Yes,2,High,Medium,Public,Positive,4,No,High School,Near,Male,67,Average Performer
2594,25,96,Medium,Low,Yes,9,55,High,Yes,2,Medium,High,Public,Neutral,4,No,High School,Moderate,Male,71,Average Performer
2595,6,95,High,Medium,Yes,7,96,Medium,Yes,4,Low,Medium,Public,Neutral,2,No,High School,Moderate,Female,68,Average Performer
2596,14,82,High,Medium,Yes,7,52,High,Yes,3,Low,Medium,Public,Negative,2,No,High School,Near,Female,66,Average Performer
2597,24,73,Low,Medium,Yes,9,71,High,Yes,0,Low,Medium,Public,Neutral,3,No,High School,Moderate,Male,64,Average Performer
2598,32,72,High,Medium,Yes,8,93,Low,Yes,1,Low,Medium,Private,Neutral,4,No,Postgraduate,Near,Female,71,Average Performer
2599,20,61,Low,Low,Yes,6,63,Medium,Yes,1,Medium,High,Public,Positive,4,No,College,Far,Male,61,Average Performer
2600,16,93,Medium,High,No,10,55,Medium,No,2,Low,Medium,Public,Neutral,2,No,College,Near,Male,67,Average Performer
2601,19,78,Medium,Low,Yes,5,56,Low,Yes,3,High,Medium,Public,Neutral,4,No,College,Moderate,Female,65,Average Performer
2602,28,73,High,Medium,Yes,7,70,Low,No,0,Low,Medium,Private,Negative,6,No,College,Moderate,Female,66,Average Performer
2603,16,79,High,High,Yes,6,71,Medium,Yes,2,Low,High,Public,Neutral,4,No,High School,Near,Female,68,Average Performer
2604,15,93,Medium,Medium,No,5,86,Medium,Yes,0,Low,Medium,Public,Neutral,2,No,College,Far,Male,66,Average Performer
2605,17,65,Medium,Medium,No,5,62,Medium,Yes,2,Medium,Medium,Public,Positive,4,No,High School,Near,Female,63,Average Performer
2606,14,94,Low,Low,Yes,7,85,Low,Yes,1,High,Medium,Public,Neutral,3,No,High School,Moderate,Female,66,Average Performer
2607,21,96,Medium,High,No,8,100,Medium,Yes,1,High,Medium,Private,Positive,2,No,College,Near,Female,73,Average Performer
2608,30,98,Medium,Low,Yes,9,93,Medium,Yes,1,Low,Low,Private,Positive,3,No,High School,Near,Male,88,Top Performer
2609,22,76,Medium,Medium,No,9,82,High,Yes,0,Medium,High,Private,Neutral,4,No,High School,Near,Male,67,Average Performer
2610,18,69,High,High,Yes,7,97,Medium,Yes,2,Medium,Medium,Public,Positive,2,No,College,Near,Female,69,Average Performer
2611,18,75,Medium,Low,Yes,6,100,High,Yes,2,Low,Medium,Public,Positive,3,No,High School,Near,Female,67,Average Performer
2612,11,73,Medium,High,Yes,9,79,Medium,Yes,1,Low,High,Public,Neutral,2,No,High School,Near,Male,64,Average Performer
2613,25,67,Medium,High,Yes,6,64,Medium,No,0,Low,Medium,Public,Neutral,2,No,High School,Moderate,Male,64,Average Performer
2614,20,84,Low,Medium,No,5,96,Low,Yes,1,Low,Medium,Public,Negative,2,No,High School,Near,Male,65,Average Performer
2615,19,79,Medium,Medium,No,8,92,High,Yes,1,Medium,High,Public,Positive,2,No,High School,Near,Male,68,Average Performer
2616,39,95,Medium,High,Yes,9,54,High,Yes,2,Medium,Medium,Private,Positive,3,No,High School,Moderate,Male,77,Top Performer
2617,22,61,Medium,Medium,Yes,6,97,High,Yes,0,Low,High,Public,Negative,2,Yes,High School,Near,Male,63,Average Performer
2618,15,86,High,High,Yes,10,68,Medium,Yes,0,High,Medium,Public,Neutral,5,No,College,Near,Male,69,Average Performer
2619,17,91,Medium,Medium,Yes,8,66,Medium,Yes,3,Medium,Low,Public,Positive,2,No,College,Near,Male,69,Average Performer
2620,27,90,Medium,Low,No,8,67,Medium,Yes,2,Medium,Medium,Public,Negative,3,No,Postgraduate,Near,Male,70,Average Performer
2621,21,95,High,Medium,Yes,6,66,High,Yes,1,Medium,High,Public,Positive,4,No,College,Near,Male,73,Average Performer
2622,11,89,Medium,Low,Yes,9,76,Medium,Yes,1,Medium,High,Public,Neutral,3,No,Postgraduate,Far,Male,66,Average Performer
2623,26,97,Medium,Low,No,5,79,High,Yes,2,Low,Low,Private,Positive,3,No,High School,Near,Female,71,Average Performer
2624,16,73,Medium,Low,Yes,6,71,Medium,Yes,2,High,High,Public,Positive,5,No,College,Near,Male,66,Average Performer
2625,31,80,Medium,Medium,Yes,6,71,High,Yes,2,Low,High,Public,Neutral,3,No,High School,Near,Female,71,Average Performer
2626,26,61,Medium,Low,Yes,5,87,Medium,Yes,3,High,High,Public,Positive,2,Yes,High School,Near,Male,66,Average Performer
2627,17,60,Medium,High,Yes,8,50,High,Yes,0,Low,High,Public,Positive,4,No,High School,Near,Female,63,Average Performer
2628,28,70,High,High,Yes,8,97,Medium,Yes,5,Low,Low,Public,Negative,5,Yes,High School,Near,Male,70,Average Performer
2629,20,64,High,Medium,Yes,8,86,Medium,Yes,1,Medium,Medium,Public,Neutral,2,No,Postgraduate,Near,Male,66,Average Performer
2630,25,70,Medium,Medium,No,7,85,Medium,Yes,1,Medium,Medium,Public,Negative,4,No,High School,Near,Male,66,Average Performer
2631,23,67,Medium,Medium,No,8,71,High,Yes,2,Medium,Medium,Public,Neutral,4,No,College,Moderate,Female,66,Average Performer
2632,15,61,Medium,Medium,No,7,98,Medium,Yes,1,Medium,Medium,Public,Neutral,3,No,High School,Near,Male,62,Average Performer
2633,16,96,Medium,Medium,No,6,50,High,Yes,1,Medium,High,Public,Positive,3,No,College,Near,Male,69,Average Performer
2634,26,60,Low,High,Yes,6,54,Low,Yes,1,Low,Medium,Private,Positive,1,No,Postgraduate,Moderate,Male,63,Average Performer
2635,18,89,Medium,Low,Yes,4,90,Low,Yes,1,High,Medium,Public,Positive,2,Yes,Postgraduate,Near,Female,68,Average Performer
2636,18,66,Medium,High,No,9,87,Medium,Yes,1,Medium,Low,Private,Positive,3,No,High School,Moderate,Male,64,Average Performer
2637,14,96,Low,High,Yes,9,64,High,Yes,2,Low,High,Public,Neutral,3,No,Postgraduate,Moderate,Male,69,Average Performer
2638,23,96,Low,Medium,Yes,10,80,Low,Yes,3,Low,High,Public,Positive,3,No,High School,Near,Male,71,Average Performer
2639,32,86,Medium,Medium,Yes,6,77,Medium,No,2,Medium,Low,Private,Negative,4,No,High School,Near,Male,71,Average Performer
2640,14,87,Medium,Medium,No,6,76,Medium,Yes,1,Low,Medium,Private,Positive,4,No,College,Far,Female,66,Average Performer
2641,20,60,Medium,Medium,Yes,4,80,Low,Yes,2,High,Medium,Private,Positive,3,Yes,College,Moderate,Male,63,Average Performer
2642,28,99,Low,Medium,Yes,8,100,Low,Yes,0,Medium,Medium,Public,Positive,2,No,High School,Far,Male,72,Average Performer
2643,20,95,Medium,Medium,Yes,8,99,Low,No,1,Low,Medium,Private,Neutral,3,No,College,Near,Female,70,Average Performer
2644,23,96,Medium,Low,No,9,99,Medium,Yes,0,High,Medium,Private,Neutral,2,No,College,Near,Female,71,Average Performer
2645,14,86,Low,Low,Yes,6,77,Medium,Yes,3,High,Medium,Private,Neutral,3,No,High School,Far,Male,65,Average Performer
2646,23,74,Medium,Low,Yes,8,66,Low,Yes,0,High,Medium,Public,Negative,4,No,Postgraduate,Near,Female,65,Average Performer
2647,19,96,Low,Medium,No,6,78,High,Yes,1,Low,Low,Public,Positive,2,No,High School,Far,Male,67,Average Performer
2648,26,72,High,Medium,No,9,81,High,Yes,0,Medium,High,Public,Neutral,3,No,High School,Near,Male,68,Average Performer
2649,27,83,Medium,Medium,Yes,8,66,Medium,Yes,3,Medium,Medium,Public,Positive,4,No,College,Far,Female,70,Average Performer
2650,36,64,Medium,Medium,Yes,5,82,Medium,Yes,2,Medium,High,Private,Positive,2,No,High School,Near,Female,70,Average Performer
2651,23,97,Low,High,Yes,7,81,Low,Yes,2,Medium,High,Public,Neutral,3,No,High School,Near,Male,72,Average Performer
2652,22,66,Medium,High,No,4,95,Medium,Yes,1,Low,Low,Public,Neutral,5,No,College,Moderate,Male,65,Average Performer
2653,21,69,Medium,Medium,Yes,5,62,High,Yes,2,Low,Medium,Public,Positive,3,No,High School,Near,Male,65,Average Performer
2654,18,82,High,Medium,Yes,5,85,High,Yes,3,Medium,High,Private,Neutral,4,No,Postgraduate,Near,Male,71,Average Performer
2655,22,91,High,High,Yes,6,73,Low,Yes,3,High,Medium,Public,Positive,4,No,Postgraduate,Near,Male,74,Average Performer
2656,18,85,Low,Medium,No,7,56,Low,Yes,0,Low,Medium,Private,Positive,4,No,High School,Moderate,Male,64,Average Performer
2657,21,69,Medium,Medium,No,7,66,High,Yes,1,Medium,Medium,Private,Neutral,4,No,High School,Far,Female,64,Average Performer
2658,28,60,Medium,High,Yes,7,53,Low,Yes,3,Low,Medium,Private,Neutral,3,No,High School,Near,Female,65,Average Performer
2659,14,90,Low,Medium,Yes,7,66,Medium,Yes,1,Medium,Medium,Public,Neutral,5,No,College,Near,Male,67,Average Performer
2660,27,99,High,Medium,No,7,53,Low,Yes,2,Low,High,Public,Neutral,3,No,College,Near,Male,73,Average Performer
2661,28,92,Low,High,No,5,96,High,Yes,1,Medium,Low,Public,Neutral,3,No,College,Moderate,Male,72,Average Performer
2662,19,78,Medium,Medium,No,7,55,Low,Yes,0,Medium,Medium,Public,Positive,3,No,College,Near,Male,65,Average Performer
2663,7,96,Medium,High,No,9,91,Medium,Yes,0,Low,Medium,Public,Neutral,4,No,College,Near,Male,67,Average Performer
2664,16,76,Medium,Medium,Yes,7,95,Low,Yes,2,Medium,Medium,Public,Negative,3,No,High School,,Female,66,Average Performer
2665,28,81,High,Medium,Yes,8,73,Low,Yes,0,Medium,High,Public,Negative,3,No,Postgraduate,Near,Male,70,Average Performer
2666,20,79,High,Medium,No,8,53,Medium,Yes,2,Medium,Medium,Private,Neutral,3,No,High School,Moderate,Female,66,Average Performer
2667,14,78,High,High,Yes,8,80,Low,Yes,1,Medium,Medium,Public,Neutral,1,No,High School,Near,Female,66,Average Performer
2668,17,91,Medium,Low,Yes,7,62,Low,Yes,3,High,Medium,Public,Negative,3,No,Postgraduate,Near,Male,68,Average Performer
2669,25,81,Low,Medium,Yes,8,59,Low,Yes,3,Low,Medium,Public,Positive,4,No,College,Near,Male,68,Average Performer
2670,23,73,High,High,No,8,78,Low,Yes,0,High,Medium,Public,Neutral,4,No,High School,Moderate,Female,67,Average Performer
2671,19,70,High,Medium,Yes,8,68,High,No,1,Low,Medium,Public,Positive,3,No,College,Near,Female,65,Average Performer
2672,18,62,Medium,Low,Yes,8,87,Medium,Yes,4,Low,Medium,Public,Positive,4,No,College,Near,Female,64,Average Performer
2673,18,83,High,Medium,No,5,80,High,Yes,1,High,High,Public,Positive,2,No,College,Near,Male,70,Average Performer
2674,14,69,Low,Medium,No,5,91,Medium,Yes,0,High,Medium,Public,Positive,3,No,College,Moderate,Male,63,Average Performer
2675,30,66,Medium,High,No,6,53,Low,No,2,Low,Medium,Public,Positive,2,No,High School,Near,Male,65,Average Performer
2676,18,86,Low,Medium,Yes,9,62,Medium,Yes,4,Medium,Medium,Public,Negative,2,Yes,Postgraduate,Near,Female,67,Average Performer
2677,27,87,Medium,Medium,Yes,7,78,Low,Yes,3,Low,Medium,Private,Negative,5,No,High School,Near,Female,71,Average Performer
2678,29,90,High,Medium,Yes,7,94,Medium,Yes,1,Low,Low,Private,Neutral,4,No,High School,Near,Female,73,Average Performer
2679,26,80,Medium,Medium,No,4,91,Low,Yes,1,Low,Medium,Private,Neutral,3,No,High School,Far,Male,67,Average Performer
2680,17,96,High,Medium,Yes,7,84,Medium,Yes,2,Low,High,Private,Positive,3,No,College,Near,Female,72,Average Performer
2681,22,97,Medium,Medium,No,7,79,High,Yes,2,Medium,High,Public,Positive,0,No,High School,Far,Male,71,Average Performer
2682,20,92,Medium,High,Yes,4,82,High,Yes,0,Medium,Medium,Public,Neutral,4,No,Postgraduate,Near,Male,72,Average Performer
2683,15,85,High,High,Yes,7,61,Medium,Yes,1,Medium,High,Public,Negative,3,No,High School,Near,Male,68,Average Performer
2684,22,72,Low,Low,Yes,5,80,Medium,Yes,2,Low,High,Public,Neutral,3,No,College,Near,Female,65,Average Performer
2685,13,99,High,Medium,No,6,75,Low,Yes,1,Medium,Medium,Public,Positive,4,Yes,College,Far,Female,68,Average Performer
2686,27,71,Medium,Low,No,8,69,Medium,Yes,1,High,Medium,Public,Positive,4,No,College,Near,Male,67,Average Performer
2687,17,68,Medium,Medium,No,7,94,High,Yes,1,High,Medium,Private,Neutral,4,No,College,Moderate,Female,66,Average Performer
2688,21,78,Medium,Low,Yes,6,91,Medium,Yes,0,Medium,Low,Private,Neutral,1,Yes,High School,Near,Male,64,Average Performer
2689,22,62,High,Medium,No,6,54,Medium,Yes,3,Low,Medium,Private,Neutral,3,No,Postgraduate,Near,Male,65,Average Performer
2690,18,99,Medium,Medium,No,6,99,Medium,Yes,0,Low,Medium,Public,Neutral,3,No,High School,Moderate,Male,69,Average Performer
2691,24,84,Medium,Medium,Yes,7,61,Medium,Yes,2,Medium,Medium,Public,Positive,2,No,High School,Far,Male,68,Average Performer
2692,17,82,High,High,No,5,61,Medium,Yes,3,Medium,Medium,Public,Neutral,4,No,Postgraduate,Near,Male,69,Average Performer
2693,25,86,Medium,Medium,Yes,9,97,Low,Yes,1,High,Medium,Private,Neutral,3,No,High School,Moderate,Male,70,Average Performer
2694,12,80,High,Medium,No,5,72,Medium,Yes,1,High,Medium,Private,Positive,4,Yes,High School,Near,Female,65,Average Performer
2695,21,61,Medium,Medium,No,4,90,Low,Yes,2,Medium,Low,Public,Neutral,3,No,High School,Near,Male,63,Average Performer
2696,32,84,Low,Medium,Yes,8,64,Medium,Yes,1,Low,High,Private,Positive,3,No,College,Near,Female,71,Average Performer
2697,14,89,Medium,High,Yes,6,94,Low,Yes,0,Low,Medium,Private,Neutral,2,No,Postgraduate,Near,Male,68,Average Performer
2698,16,77,Medium,Medium,Yes,7,92,High,Yes,5,Low,High,Public,Positive,3,No,Postgraduate,Near,Female,70,Average Performer
2699,23,90,Medium,High,Yes,8,76,High,Yes,2,Medium,Low,Public,Positive,3,No,High School,Near,Female,72,Average Performer
2700,21,69,Medium,Medium,Yes,6,85,Medium,Yes,3,Low,Low,Public,Neutral,1,No,College,Far,Female,64,Average Performer
2701,22,69,Low,Medium,No,7,98,Low,Yes,0,Low,Medium,Public,Positive,2,No,Postgraduate,Moderate,Male,64,Average Performer
2702,23,66,Medium,Low,Yes,8,73,High,Yes,2,High,Medium,Public,Positive,2,No,College,Near,Female,66,Average Performer
2703,24,75,Medium,High,Yes,9,75,High,Yes,0,Medium,High,Public,Positive,3,No,College,Far,Male,69,Average Performer
2704,27,94,Medium,Low,No,6,86,Medium,Yes,2,Medium,Medium,Private,Neutral,2,No,High School,Near,Female,71,Average Performer
2705,22,93,Medium,High,Yes,6,69,High,Yes,0,High,Low,Public,Negative,3,Yes,High School,Near,Male,69,Average Performer
2706,19,75,High,Medium,No,8,98,Low,Yes,1,Low,Medium,Public,Neutral,3,No,Postgraduate,Moderate,Male,67,Average Performer
2707,24,84,Low,Medium,Yes,7,52,Medium,Yes,0,Low,High,Public,Neutral,3,No,High School,Near,Male,66,Average Performer
2708,31,89,Medium,Medium,No,7,70,Medium,Yes,2,Low,High,Public,Positive,2,No,High School,Moderate,Female,71,Average Performer
2709,19,70,Medium,Low,Yes,9,86,Low,Yes,2,High,Medium,Public,Neutral,2,Yes,High School,Near,Male,63,Average Performer
2710,14,67,Medium,Low,No,4,71,Medium,Yes,0,High,Medium,Public,Neutral,4,No,College,Near,Female,62,Average Performer
2711,27,99,Medium,High,No,5,63,Medium,Yes,0,Medium,High,Public,Neutral,4,No,High School,Near,Female,73,Average Performer
2712,19,85,High,Medium,No,4,71,Low,Yes,1,Medium,High,Public,Negative,3,No,High School,Far,Female,66,Average Performer
2713,7,99,High,Medium,Yes,9,94,Medium,Yes,3,High,High,Public,Positive,2,No,Postgraduate,Moderate,Male,72,Average Performer
2714,25,74,High,Low,Yes,8,77,Low,Yes,1,Low,Medium,Public,Neutral,2,No,Postgraduate,Moderate,Female,67,Average Performer
2715,17,88,Low,Low,No,5,67,Medium,No,0,Medium,High,Public,Neutral,3,No,Postgraduate,Near,Male,65,Average Performer
2716,19,69,Medium,Medium,Yes,7,84,Medium,Yes,2,Medium,Medium,Public,Neutral,4,No,High School,Near,Male,66,Average Performer
2717,22,70,High,Medium,Yes,7,81,Low,Yes,3,Medium,Medium,Public,Neutral,2,No,Postgraduate,Moderate,Female,68,Average Performer
2718,21,80,Medium,High,Yes,4,78,Medium,Yes,1,Medium,High,Private,Neutral,4,No,High School,Near,Female,69,Average Performer
2719,24,73,High,Medium,Yes,7,70,Medium,Yes,0,High,Medium,Public,Negative,3,No,Postgraduate,Near,Female,68,Average Performer
2720,17,67,Medium,High,Yes,5,54,Medium,Yes,0,Low,Medium,Public,Negative,2,No,High School,Moderate,Male,61,Average Performer
2721,23,71,High,Low,Yes,8,81,Medium,Yes,3,Medium,High,Private,Positive,2,No,High School,Near,Male,68,Average Performer
2722,18,61,High,Low,Yes,5,71,Low,Yes,3,High,High,Private,Neutral,3,No,College,Near,Male,64,Average Performer
2723,24,88,Medium,Low,Yes,7,71,Low,No,1,Low,High,Public,Neutral,3,No,College,Moderate,Male,67,Average Performer
2724,24,80,Low,High,Yes,9,62,High,Yes,3,High,Low,Public,Neutral,3,No,High School,Moderate,Male,68,Average Performer
2725,14,64,Medium,High,No,8,62,Low,Yes,1,Medium,High,Public,Positive,4,Yes,High School,Moderate,Male,61,Average Performer
2726,27,67,High,Low,No,8,89,Low,Yes,1,Low,Low,Public,Positive,3,No,Postgraduate,Near,Female,66,Average Performer
2727,17,64,High,Low,Yes,7,74,Low,Yes,2,Medium,Low,Public,Positive,2,No,Postgraduate,Near,Female,64,Average Performer
2728,25,85,Low,Medium,No,5,55,Low,Yes,3,High,Medium,Public,Negative,3,No,High School,Moderate,Female,67,Average Performer
2729,22,64,Medium,High,No,6,52,Low,Yes,2,High,Medium,Private,Negative,4,No,College,Moderate,Female,64,Average Performer
2730,31,90,High,High,No,7,61,Low,Yes,0,Low,Medium,Public,Positive,3,No,High School,Near,Male,72,Average Performer
2731,19,61,Medium,Medium,No,7,74,Low,Yes,2,High,Medium,Public,Negative,3,No,Postgraduate,Far,Male,62,Average Performer
2732,18,70,High,Medium,Yes,5,81,Low,Yes,2,Low,Medium,Private,Negative,2,No,High School,Far,Female,63,Average Performer
2733,20,96,High,High,No,8,57,Low,Yes,1,Low,Medium,Private,Neutral,4,No,High School,Near,Male,70,Average Performer
2734,18,89,High,Medium,No,5,72,Low,Yes,3,Medium,Medium,Public,Positive,3,No,College,Moderate,Male,69,Average Performer
2735,25,63,Low,Medium,Yes,9,54,Medium,Yes,3,Medium,Low,Public,Positive,2,No,High School,Near,Male,64,Average Performer
2736,10,93,Low,Medium,No,7,52,Medium,Yes,2,Medium,Medium,Public,Positive,3,No,Postgraduate,Near,Male,66,Average Performer
2737,14,80,Low,Medium,Yes,8,93,Medium,Yes,3,Low,High,Private,Positive,4,No,High School,Near,Female,67,Average Performer
2738,14,94,High,High,Yes,8,83,Medium,Yes,4,Medium,Low,Public,Negative,5,Yes,Postgraduate,Near,Female,71,Average Performer
2739,26,84,Medium,High,Yes,10,89,Medium,Yes,0,Low,High,Private,Positive,1,No,High School,Far,Female,70,Average Performer
2740,30,87,Low,Medium,No,7,59,Medium,Yes,2,Medium,Medium,Public,Neutral,3,No,High School,Moderate,Male,69,Average Performer
2741,19,100,Medium,Low,No,6,66,High,Yes,0,Low,Medium,Public,Neutral,3,No,,Moderate,Male,68,Average Performer
2742,19,69,Medium,High,Yes,6,72,Medium,No,1,Low,Medium,Public,Neutral,1,No,College,Near,Female,64,Average Performer
2743,20,85,High,Medium,Yes,9,83,Low,Yes,3,Medium,Medium,Public,Positive,3,Yes,College,Near,Male,70,Average Performer
2744,27,78,High,Low,Yes,5,77,Medium,Yes,0,Medium,Low,Private,Neutral,3,No,Postgraduate,Near,Male,69,Average Performer
2745,14,62,Medium,Medium,Yes,6,78,Medium,Yes,0,High,,Public,Positive,2,No,College,Near,Female,63,Average Performer
2746,21,61,Low,Medium,No,7,58,Medium,Yes,1,Medium,Low,Public,Negative,3,No,High School,Near,Female,60,Average Performer
2747,26,65,High,Low,No,7,74,Medium,Yes,2,Low,Medium,Public,Negative,4,No,High School,Near,Female,65,Average Performer
2748,23,86,Medium,Medium,No,8,91,Medium,Yes,0,Low,Medium,Public,Negative,0,No,High School,Near,Male,67,Average Performer
2749,21,83,Medium,Low,No,5,75,Low,Yes,1,Medium,Medium,Public,Negative,4,No,College,Near,Male,66,Average Performer
2750,26,82,Low,High,No,7,60,Medium,No,3,Low,Medium,Public,Neutral,3,No,Postgraduate,Near,Female,68,Average Performer
2751,4,61,Low,High,Yes,7,71,High,Yes,0,Low,Low,Public,Positive,1,No,Postgraduate,Near,Male,58,Average Performer
2752,24,79,Low,High,Yes,5,88,Medium,Yes,0,Medium,Medium,Public,Neutral,3,No,High School,Moderate,Female,67,Average Performer
2753,16,97,Medium,Medium,Yes,8,57,Low,Yes,0,Medium,Medium,Public,Positive,4,Yes,,Near,Male,68,Average Performer
2754,9,76,Medium,Medium,Yes,7,79,Medium,Yes,1,Low,Medium,Public,Neutral,3,No,High School,Near,Female,62,Average Performer
2755,23,85,Low,High,No,7,98,High,No,2,Low,Medium,Public,Negative,3,No,Postgraduate,Moderate,Female,69,Average Performer
2756,28,91,Medium,High,Yes,6,69,High,Yes,1,Medium,High,Private,Neutral,4,No,High School,Far,Male,73,Average Performer
2757,19,91,High,Low,No,6,52,Medium,Yes,2,Low,Medium,Public,Negative,4,Yes,High School,Moderate,Male,66,Average Performer
2758,26,81,Low,Medium,Yes,5,82,Medium,Yes,0,Medium,Medium,Public,Negative,5,Yes,Postgraduate,Near,Female,67,Average Performer
2759,30,94,Medium,Medium,No,8,52,Medium,Yes,1,Medium,Low,Public,Neutral,4,No,High School,Near,Female,71,Average Performer
2760,28,76,Medium,Medium,Yes,9,60,Medium,Yes,1,Low,Medium,Public,Neutral,2,No,High School,Far,Male,66,Average Performer
2761,30,96,High,Medium,Yes,10,52,Medium,Yes,0,High,High,Public,Positive,4,No,College,Moderate,Female,74,Average Performer
2762,24,70,Medium,High,No,8,59,Low,Yes,2,Low,High,Public,Positive,5,No,High School,Near,Male,67,Average Performer
2763,20,71,High,Medium,No,6,93,High,Yes,2,Medium,High,Public,Negative,2,No,Postgraduate,Near,Male,68,Average Performer
2764,10,62,Medium,Medium,No,6,87,High,Yes,2,Low,High,Public,Neutral,3,No,High School,Near,Male,61,Average Performer
2765,19,92,Medium,High,No,8,67,Medium,Yes,2,Medium,Medium,Private,Negative,2,No,High School,,Female,69,Average Performer
2766,15,77,Low,Medium,Yes,7,95,Low,Yes,4,Low,Medium,Public,Positive,4,No,High School,Moderate,Male,65,Average Performer
2767,33,69,Medium,High,Yes,7,83,Medium,Yes,2,Medium,Low,Public,Neutral,2,No,Postgraduate,Near,Male,71,Average Performer
2768,19,69,Medium,Low,No,7,72,Medium,Yes,1,Low,Low,Public,Positive,2,No,High School,Far,Female,61,Average Performer
2769,21,96,Medium,High,Yes,9,53,Medium,Yes,0,Low,High,Public,Neutral,3,No,College,Near,Male,70,Average Performer
2770,23,93,Medium,Low,No,6,87,Medium,Yes,2,Medium,Medium,Private,Neutral,3,No,High School,Moderate,Male,70,Average Performer
2771,20,82,Medium,High,Yes,9,69,Low,Yes,1,Medium,Medium,Public,Positive,3,No,College,Near,Male,69,Average Performer
2772,30,85,High,Low,Yes,7,65,High,Yes,2,Low,Medium,Public,Negative,3,No,High School,Near,Female,70,Average Performer
2773,16,79,High,Medium,Yes,6,64,Medium,Yes,4,Low,Low,Public,Positive,4,Yes,College,Near,Male,67,Average Performer
2774,21,76,Low,Medium,No,6,50,Low,Yes,2,Low,Medium,Public,Negative,4,No,Postgraduate,Moderate,Female,63,Average Performer
2775,16,97,Medium,Medium,No,7,87,Medium,Yes,1,High,Medium,Public,Neutral,3,No,High School,Near,Female,70,Average Performer
2776,12,65,Medium,Medium,No,8,57,Medium,Yes,1,High,High,Private,Positive,5,Yes,High School,Near,Female,61,Average Performer
2777,16,77,Low,High,Yes,6,76,Low,Yes,1,Low,Medium,Public,Neutral,1,No,Postgraduate,Moderate,Female,64,Average Performer
2778,20,74,Medium,Medium,Yes,8,51,High,Yes,2,Medium,Medium,Public,Negative,3,No,College,Near,Male,65,Average Performer
2779,17,80,Medium,Medium,No,6,81,Medium,Yes,1,Medium,High,Public,Neutral,1,No,College,Far,Male,65,Average Performer
2780,16,78,Medium,Low,Yes,7,68,High,Yes,3,Low,High,Private,Positive,3,No,Postgraduate,Far,Female,66,Average Performer
2781,12,81,High,High,Yes,5,82,Low,Yes,1,Medium,High,Public,Positive,3,No,High School,Far,Female,66,Average Performer
2782,20,66,Low,Medium,Yes,8,54,Medium,Yes,2,Medium,Low,Public,Positive,2,No,Postgraduate,Near,Male,63,Average Performer
2783,11,81,Low,High,Yes,7,63,Medium,Yes,3,Medium,Medium,Public,Neutral,2,No,Postgraduate,Near,Male,66,Average Performer
2784,25,70,Medium,Medium,Yes,9,56,High,Yes,0,Low,Medium,Public,Positive,1,No,High School,Far,Male,64,Average Performer
2785,20,67,High,Low,No,8,82,Medium,Yes,3,Low,High,Public,Neutral,4,Yes,High School,Near,Male,65,Average Performer
2786,11,63,High,Medium,No,7,55,Low,Yes,3,High,Medium,Private,Positive,1,No,Postgraduate,Near,Male,62,Average Performer
2787,18,91,Low,High,Yes,9,81,High,Yes,4,High,Medium,Public,Neutral,5,No,High School,Moderate,Male,71,Average Performer
2788,15,77,Medium,Medium,Yes,8,57,Low,Yes,1,Low,Medium,Public,Neutral,2,No,College,Near,Male,63,Average Performer
2789,22,85,Medium,High,No,9,97,High,Yes,0,Medium,High,Public,Negative,3,No,College,Moderate,Male,70,Average Performer
2790,28,89,Medium,Low,Yes,6,71,Low,Yes,2,Low,Medium,Private,Neutral,4,No,College,Moderate,Male,70,Average Performer
2791,9,87,Medium,Medium,No,8,56,Medium,Yes,1,Medium,High,Public,Positive,3,No,College,Moderate,Female,65,Average Performer
2792,21,79,High,High,Yes,8,52,Medium,Yes,1,Low,,Public,Neutral,3,Yes,High School,Near,Female,66,Average Performer
2793,19,76,Medium,Low,Yes,5,66,Medium,Yes,2,Medium,Medium,Private,Positive,4,No,College,Near,Female,66,Average Performer
2794,24,75,Medium,Low,No,9,95,High,Yes,0,Medium,High,Public,Positive,2,No,College,Near,Male,68,Average Performer
2795,21,86,High,High,No,5,57,Medium,Yes,1,Low,Medium,Private,Negative,3,No,High School,Near,Male,68,Average Performer
2796,15,80,High,Medium,Yes,5,90,Medium,Yes,4,Medium,High,Private,Neutral,3,No,High School,Near,Female,69,Average Performer
2797,18,94,Medium,Medium,Yes,4,71,Medium,Yes,3,High,Low,Public,Positive,3,No,College,Near,Female,71,Average Performer
2798,15,95,Medium,Medium,Yes,8,90,Low,Yes,2,Low,,Private,Negative,1,No,Postgraduate,Near,Male,69,Average Performer
2799,26,67,Medium,High,Yes,5,94,Medium,Yes,0,Medium,Medium,Public,Positive,2,No,College,Near,Male,68,Average Performer
2800,20,65,Medium,High,Yes,6,100,Medium,Yes,2,Low,High,Public,Neutral,5,No,High School,Moderate,Male,67,Average Performer
2801,31,85,High,Medium,No,8,53,Medium,Yes,2,Low,High,Public,Positive,3,No,High School,Near,Male,72,Average Performer
2802,20,72,High,Medium,Yes,7,90,High,Yes,2,Medium,Medium,Public,Neutral,3,No,High School,Near,Male,68,Average Performer
2803,16,61,High,Medium,Yes,6,53,Low,Yes,0,High,Medium,Public,Positive,4,Yes,High School,Moderate,Female,60,Average Performer
2804,11,96,Medium,High,No,5,66,High,Yes,2,Low,Medium,Public,Neutral,4,No,High School,Moderate,Male,68,Average Performer
2805,9,69,High,Medium,Yes,7,82,High,Yes,1,High,High,Public,Positive,2,No,High School,Near,Female,65,Average Performer
2806,10,97,Low,High,No,8,72,High,Yes,0,Low,Medium,Public,Neutral,3,No,Postgraduate,Moderate,Female,67,Average Performer
2807,22,89,Low,Medium,No,8,78,Low,Yes,4,High,Medium,Private,Positive,3,No,High School,Near,Female,70,Average Performer
2808,23,91,Medium,Low,Yes,10,98,High,Yes,0,Low,High,Private,Negative,3,No,High School,Near,Female,70,Average Performer
2809,11,68,Medium,Medium,No,6,91,Low,Yes,3,Low,High,Public,Negative,2,No,College,Far,Female,61,Average Performer
2810,25,69,High,Low,Yes,5,68,Medium,Yes,2,High,High,Public,Positive,4,No,College,Far,Male,68,Average Performer
2811,17,81,Medium,High,No,7,80,High,Yes,1,Low,Medium,Public,Negative,3,No,Postgraduate,Near,Female,67,Average Performer
2812,21,67,Medium,High,No,7,52,Medium,Yes,3,Low,Medium,Public,Negative,3,Yes,High School,Moderate,Female,62,Average Performer
2813,30,72,Medium,Low,No,7,73,Medium,Yes,0,High,Medium,Public,Neutral,4,No,High School,Moderate,Male,66,Average Performer
2814,25,73,High,Medium,Yes,6,80,Medium,Yes,3,High,Medium,Public,Positive,2,No,High School,Far,Female,69,Average Performer
2815,18,66,Medium,High,Yes,4,86,Medium,Yes,2,Medium,Medium,Public,Negative,4,No,College,Near,Female,66,Average Performer
2816,15,68,Medium,Medium,Yes,5,95,Medium,Yes,0,High,Medium,Public,Negative,5,No,College,Near,Female,64,Average Performer
2817,7,92,High,Medium,No,8,64,High,Yes,1,Low,Low,Public,Neutral,4,No,Postgraduate,Near,Male,66,Average Performer
2818,16,67,Medium,Medium,No,7,95,Low,Yes,2,Medium,Medium,Public,Neutral,5,Yes,High School,Near,Male,63,Average Performer
2819,19,61,Low,High,Yes,8,83,Low,Yes,1,Medium,Medium,Private,Negative,3,No,High School,Near,Male,62,Average Performer
2820,14,85,Medium,Medium,Yes,8,54,Low,Yes,1,High,Medium,Private,Negative,4,No,Postgraduate,Moderate,Male,65,Average Performer
2821,19,99,Low,High,No,8,69,Low,Yes,0,High,Medium,Private,Negative,2,No,High School,Moderate,Male,68,Average Performer
2822,20,73,High,High,Yes,8,74,Low,Yes,1,Low,Low,Private,Negative,4,No,High School,Moderate,Male,65,Average Performer
2823,19,65,Medium,High,Yes,7,68,Low,Yes,1,Low,Low,Public,Neutral,4,No,College,Near,Female,63,Average Performer
2824,16,83,High,High,Yes,7,56,Medium,Yes,3,Medium,Medium,Public,Negative,2,No,High School,Near,Male,68,Average Performer
2825,21,96,Medium,High,Yes,4,78,Low,Yes,2,High,Medium,Private,Positive,2,No,High School,Near,Male,72,Average Performer
2826,23,91,High,Low,No,6,57,Medium,Yes,2,Low,Medium,Private,Positive,3,No,High School,Near,Male,69,Average Performer
2827,13,85,Low,Medium,No,6,96,Low,Yes,1,Low,High,Public,Positive,5,No,Postgraduate,Far,Male,66,Average Performer
2828,28,73,Low,Low,Yes,7,93,High,Yes,2,Low,High,Private,Neutral,3,No,College,Near,Male,68,Average Performer
2829,19,82,Low,Low,No,6,74,Medium,Yes,1,Medium,High,Public,Neutral,2,No,High School,Moderate,Male,64,Average Performer
2830,20,64,Medium,Low,Yes,8,53,Low,Yes,1,Low,Medium,Public,Positive,2,No,High School,Near,Male,61,Average Performer
2831,24,87,Low,Medium,No,6,78,High,Yes,0,Low,Low,Public,Neutral,2,Yes,Postgraduate,Near,Male,67,Average Performer
2832,21,89,Medium,Low,Yes,9,80,Medium,Yes,0,Medium,Low,Public,Neutral,3,No,Postgraduate,Moderate,Male,68,Average Performer
2833,26,99,Medium,Medium,No,6,94,High,Yes,2,Medium,Medium,Public,Positive,3,No,High School,Near,Male,74,Average Performer
2834,22,70,Medium,High,Yes,6,53,Medium,Yes,3,Medium,High,Public,Positive,2,No,High School,Near,Female,67,Average Performer
2835,16,61,Medium,High,Yes,6,85,Medium,Yes,2,Medium,Medium,Private,Positive,3,No,High School,Near,Male,64,Average Performer
2836,22,82,Low,High,No,6,78,Medium,Yes,3,Medium,High,Public,Neutral,3,No,High School,Moderate,Male,69,Average Performer
2837,13,88,High,Medium,Yes,9,59,Medium,Yes,0,Low,Medium,Private,Negative,3,Yes,High School,Far,Female,63,Average Performer
2838,21,92,Medium,Medium,No,7,56,Medium,Yes,0,Low,Medium,Private,Neutral,4,No,High School,Moderate,Female,67,Average Performer
2839,20,68,High,Medium,Yes,7,85,Medium,Yes,1,Medium,Medium,Public,Neutral,3,No,College,Far,Male,65,Average Performer
2840,19,70,Medium,Medium,Yes,6,67,Medium,Yes,5,Medium,Low,Public,Positive,4,No,Postgraduate,Moderate,Female,67,Average Performer
2841,19,81,High,Medium,No,7,100,Medium,Yes,1,Low,Medium,Private,Negative,5,No,Postgraduate,Moderate,Female,68,Average Performer
2842,9,73,Medium,Low,Yes,7,95,Medium,No,3,Low,Medium,Private,Negative,3,No,Postgraduate,Near,Male,62,Average Performer
2843,17,94,High,Medium,Yes,7,78,Medium,Yes,1,Low,High,Public,Neutral,3,No,College,Near,Female,70,Average Performer
2844,21,79,Low,High,Yes,7,82,Medium,Yes,1,High,Medium,Public,Negative,3,No,High School,Near,Female,67,Average Performer
2845,21,92,High,High,Yes,9,58,Medium,Yes,2,High,Medium,Public,Neutral,5,No,High School,Moderate,Female,89,Top Performer
2846,14,83,High,Medium,Yes,7,95,Low,Yes,1,Low,Medium,Private,Neutral,2,Yes,High School,Near,Female,65,Average Performer
2847,28,91,Low,Medium,Yes,5,73,Medium,No,2,Medium,Medium,Public,Neutral,2,No,High School,Near,Female,69,Average Performer
2848,15,73,Medium,Medium,No,7,76,High,Yes,2,Low,Medium,Public,Positive,4,No,High School,Far,Female,64,Average Performer
2849,26,93,High,Low,No,6,94,Medium,Yes,6,High,Medium,Private,Negative,4,No,High School,Near,Female,74,Average Performer
2850,23,71,Medium,High,No,8,50,Medium,Yes,0,High,Medium,Public,Positive,2,No,High School,Far,Female,64,Average Performer
2851,16,82,Low,High,No,7,75,Medium,Yes,0,Low,Medium,Public,Negative,2,No,Postgraduate,Moderate,Female,64,Average Performer
2852,31,69,Medium,Low,Yes,9,81,Medium,Yes,2,Medium,Medium,Private,Negative,2,No,College,Near,Male,67,Average Performer
2853,13,79,Low,Low,Yes,6,58,High,Yes,2,Medium,Medium,Public,Positive,4,No,College,Moderate,Male,63,Average Performer
2854,26,73,High,Medium,Yes,7,53,Low,Yes,3,Medium,High,Private,Neutral,5,No,High School,Moderate,Female,68,Average Performer
2855,26,71,Low,Medium,Yes,5,77,Low,Yes,0,Medium,Medium,Public,Neutral,5,No,Postgraduate,Near,Male,66,Average Performer
2856,16,99,Low,High,Yes,7,77,High,Yes,0,Low,Medium,Public,Neutral,3,Yes,High School,Moderate,Female,68,Average Performer
2857,28,66,Medium,High,No,5,67,Medium,Yes,1,High,Medium,Private,Positive,1,No,Postgraduate,Moderate,Female,68,Average Performer
2858,18,91,Medium,Medium,No,7,94,Medium,Yes,3,Low,Medium,Private,Neutral,2,No,High School,Near,Female,69,Average Performer
2859,22,99,High,Low,No,7,65,Medium,Yes,3,Low,Low,Public,Neutral,3,No,Postgraduate,Near,Female,71,Average Performer
2860,22,61,Low,High,Yes,7,76,Medium,Yes,1,High,Medium,Public,Positive,3,No,College,Near,Female,65,Average Performer
2861,19,88,Low,Medium,Yes,8,59,Medium,Yes,2,Medium,Medium,Private,Neutral,4,No,High School,Near,Male,67,Average Performer
2862,25,70,Medium,Medium,No,7,51,Medium,Yes,1,High,Medium,Public,Negative,4,No,College,Near,Female,65,Average Performer
2863,25,62,High,Medium,No,5,71,Medium,Yes,0,Low,High,Private,Positive,4,No,High School,Moderate,Male,65,Average Performer
2864,10,76,Medium,Low,No,6,76,Medium,Yes,1,High,High,Public,Negative,2,No,Postgraduate,Near,Male,80,Top Performer
2865,28,97,Medium,Medium,Yes,7,88,High,Yes,2,Medium,Medium,Public,Neutral,2,No,High School,Moderate,Male,74,Average Performer
2866,10,60,Medium,Medium,No,7,72,Low,No,3,Medium,Low,Public,Positive,3,No,High School,Near,Male,59,Average Performer
2867,26,84,Medium,Medium,No,7,64,Low,Yes,2,High,High,Public,Neutral,3,No,High School,Near,Male,69,Average Performer
2868,27,80,Medium,Low,Yes,9,80,Medium,Yes,0,High,Medium,Public,Neutral,2,Yes,High School,Moderate,Male,66,Average Performer
2869,13,95,Medium,Medium,Yes,7,69,Medium,Yes,1,Low,Low,Public,Positive,2,Yes,Postgraduate,Moderate,Female,66,Average Performer
2870,18,63,High,High,No,8,62,Medium,Yes,2,High,Medium,Public,Positive,4,No,High School,Near,Female,65,Average Performer
2871,13,87,High,Medium,Yes,4,96,Low,Yes,3,Low,Low,Public,Neutral,3,Yes,College,Near,Male,67,Average Performer
2872,19,87,High,High,No,8,77,Low,Yes,3,Low,Medium,Private,Neutral,4,No,High School,Moderate,Male,69,Average Performer
2873,18,87,Medium,Low,Yes,10,60,High,Yes,2,Medium,Medium,Public,Positive,3,No,High School,Near,Female,68,Average Performer
2874,25,98,Medium,Medium,Yes,9,84,Medium,Yes,1,Medium,High,Private,Neutral,2,No,Postgraduate,Near,Female,73,Average Performer
2875,28,93,Low,High,Yes,6,90,Medium,Yes,1,Low,Medium,Public,Positive,2,Yes,High School,Near,Female,71,Average Performer
2876,28,62,High,Medium,Yes,10,88,Medium,Yes,0,Low,High,Public,Positive,2,Yes,Postgraduate,Moderate,Male,67,Average Performer
2877,17,79,Medium,Medium,Yes,7,80,Low,Yes,1,High,High,Public,Positive,3,No,College,Near,Female,67,Average Performer
2878,19,76,High,Low,No,7,76,Medium,Yes,0,High,High,Public,Neutral,2,No,Postgraduate,Near,Male,66,Average Performer
2879,10,72,Medium,Low,No,7,89,Medium,Yes,3,Medium,Medium,Public,Negative,4,No,College,Near,Female,63,Average Performer
2880,15,78,High,High,No,7,85,Medium,No,1,High,Medium,Public,Negative,1,No,High School,Far,Male,65,Average Performer
2881,26,75,Medium,Low,Yes,4,79,Medium,Yes,2,High,Medium,Public,Negative,1,No,College,Near,Male,67,Average Performer
2882,30,77,Medium,Low,Yes,8,83,Medium,Yes,1,Low,Low,Public,Positive,3,No,College,Near,Male,69,Average Performer
2883,13,99,Medium,Medium,Yes,7,58,Medium,Yes,1,Low,Medium,Public,Neutral,2,No,High School,Near,Male,67,Average Performer
2884,16,64,High,Medium,Yes,7,51,High,Yes,4,High,High,Public,Neutral,3,No,College,Near,Male,66,Average Performer
2885,20,97,High,High,Yes,7,97,Low,Yes,2,Medium,High,Private,Neutral,4,No,High School,Moderate,Female,74,Average Performer
2886,22,79,High,Medium,No,6,97,Medium,No,2,High,,Public,Positive,2,No,College,Moderate,Female,69,Average Performer
2887,15,85,Low,Medium,Yes,7,89,High,Yes,0,Medium,Medium,Public,Negative,4,No,College,Moderate,Female,66,Average Performer
2888,23,93,High,Low,Yes,9,69,Low,Yes,0,Medium,Medium,Private,Positive,3,Yes,Postgraduate,Moderate,Male,69,Average Performer
2889,17,74,Medium,Medium,Yes,8,58,Low,Yes,1,High,Medium,Public,Neutral,2,No,College,Far,Male,63,Average Performer
2890,20,77,Medium,Low,Yes,7,68,Medium,No,0,Medium,High,Private,Positive,3,No,College,Near,Female,65,Average Performer
2891,23,76,Low,Medium,No,7,86,Low,No,1,Low,Medium,Private,Positive,4,No,College,Far,Male,64,Average Performer
2892,20,75,Low,Medium,No,7,67,High,Yes,0,Medium,Medium,Private,Neutral,4,No,High School,Near,Male,64,Average Performer
2893,17,97,Low,High,Yes,6,90,Low,Yes,2,Medium,Low,Public,Negative,2,No,High School,Moderate,Male,69,Average Performer
2894,19,93,High,High,No,7,84,Medium,Yes,5,Low,High,Public,Negative,3,No,High School,Near,Female,73,Average Performer
2895,19,64,Medium,Medium,Yes,8,81,High,Yes,1,Medium,Medium,Public,Negative,3,Yes,High School,Moderate,Male,62,Average Performer
2896,18,64,Low,Low,Yes,7,97,Low,Yes,2,Medium,Low,Private,Neutral,4,No,College,Near,Male,62,Average Performer
2897,18,77,Medium,Medium,Yes,6,95,High,Yes,0,Medium,High,Private,Positive,2,No,Postgraduate,Moderate,Female,68,Average Performer
2898,30,64,Medium,Medium,No,7,86,Low,Yes,1,Medium,Medium,Private,Positive,3,No,Postgraduate,Far,Female,66,Average Performer
2899,23,85,Low,High,Yes,8,60,High,Yes,2,Medium,Medium,Public,Positive,1,Yes,College,Moderate,Female,68,Average Performer
2900,18,66,Low,High,Yes,5,97,Medium,Yes,4,Medium,Medium,Public,Neutral,4,No,High School,Moderate,Male,66,Average Performer
2901,24,81,Low,Medium,Yes,6,61,Low,Yes,3,Medium,Medium,Public,Positive,3,No,Postgraduate,Near,Male,69,Average Performer
2902,18,60,Medium,Medium,Yes,5,69,Medium,Yes,0,Medium,Medium,Public,Neutral,2,No,Postgraduate,Near,Female,62,Average Performer
2903,27,73,Low,Medium,No,7,91,Medium,Yes,2,High,Medium,Public,Neutral,4,No,College,Far,Female,68,Average Performer
2904,22,87,Medium,Medium,No,8,60,Low,Yes,2,Medium,High,Public,Negative,2,No,College,Moderate,Male,67,Average Performer
2905,19,79,Low,Medium,No,9,82,Medium,Yes,1,Low,Medium,Private,Neutral,4,No,High School,Near,Male,65,Average Performer
2906,23,99,Low,Medium,No,9,73,Medium,Yes,0,Low,Medium,Public,Negative,4,No,College,Near,Male,69,Average Performer
2907,11,95,Medium,Medium,No,6,81,High,Yes,2,Low,Low,Public,Positive,3,No,High School,Near,Male,67,Average Performer
2908,13,74,Low,Low,Yes,7,98,High,Yes,0,Medium,Medium,Public,Positive,3,No,Postgraduate,Near,Female,64,Average Performer
2909,13,62,Low,Medium,Yes,6,90,Medium,No,3,High,High,Private,Neutral,3,Yes,Postgraduate,Near,Female,62,Average Performer
2910,21,94,Medium,Medium,Yes,9,65,Low,Yes,5,High,High,Private,Neutral,3,Yes,High School,Near,Male,71,Average Performer
2911,30,96,Medium,High,Yes,9,53,Medium,No,0,Medium,Medium,Private,Neutral,3,No,High School,Near,Male,72,Average Performer
2912,33,93,High,High,Yes,7,98,Low,Yes,0,Medium,Medium,Public,Negative,2,Yes,High School,Near,Female,74,Average Performer
2913,24,65,Low,High,No,6,79,Low,Yes,1,Medium,High,Public,Neutral,2,No,Postgraduate,Near,Male,66,Average Performer
2914,23,100,High,Low,Yes,4,59,Medium,Yes,2,Medium,Medium,Public,Positive,4,No,High School,Near,Female,72,Average Performer
2915,9,70,High,Medium,No,5,81,Medium,Yes,1,High,High,Private,Neutral,4,No,Postgraduate,Near,Female,65,Average Performer
2916,17,89,High,Medium,Yes,4,52,High,Yes,0,Low,Medium,Public,Positive,3,No,College,Far,Female,67,Average Performer
2917,15,96,Medium,High,Yes,5,59,High,Yes,2,Medium,High,Private,Neutral,2,No,High School,Near,Male,70,Average Performer
2918,16,69,High,Medium,Yes,10,82,Medium,Yes,0,Low,High,Public,Negative,1,Yes,High School,Moderate,Male,62,Average Performer
2919,19,96,Low,Low,Yes,5,70,High,Yes,0,Low,Medium,Public,Positive,2,No,High School,Far,Male,66,Average Performer
2920,17,72,Low,Medium,Yes,5,66,Medium,Yes,2,High,High,Public,Negative,3,No,College,Near,Male,65,Average Performer
2921,8,99,Low,High,Yes,6,83,High,Yes,2,Medium,High,Public,Positive,4,Yes,Postgraduate,Near,Male,70,Average Performer
2922,24,71,High,High,Yes,10,93,Low,Yes,2,Medium,Medium,Private,Positive,2,Yes,College,Near,Female,69,Average Performer
2923,14,98,Medium,Medium,Yes,7,84,Low,Yes,3,High,Medium,Public,Neutral,3,No,High School,Near,Female,70,Average Performer
2924,21,62,High,High,No,8,73,Medium,Yes,2,High,Medium,Private,Negative,2,No,College,Near,Female,66,Average Performer
2925,32,88,Medium,Low,Yes,7,83,Low,Yes,1,Low,High,Private,Positive,4,No,Postgraduate,Near,Male,73,Average Performer
2926,14,81,High,Medium,No,4,85,Low,Yes,3,Medium,High,Public,Positive,4,No,Postgraduate,Moderate,Female,69,Average Performer
2927,5,79,High,High,Yes,9,89,Low,Yes,3,Medium,Medium,Private,Neutral,3,No,College,Near,Female,66,Average Performer
2928,18,69,High,Medium,Yes,8,65,Medium,Yes,4,Medium,Medium,Public,Neutral,4,No,High School,Far,Male,65,Average Performer
2929,27,88,Medium,Low,No,7,56,High,Yes,2,Low,Medium,Public,Neutral,4,No,Postgraduate,Near,Female,70,Average Performer
2930,32,68,High,High,No,10,84,Medium,Yes,0,Medium,High,Private,Positive,2,No,Postgraduate,Far,Male,70,Average Performer
2931,13,82,High,Medium,No,6,56,High,Yes,2,Low,High,Public,Neutral,4,No,Postgraduate,Near,Male,67,Average Performer
2932,23,70,Medium,High,Yes,7,73,High,Yes,1,Low,Medium,Private,Positive,3,No,Postgraduate,Near,Male,68,Average Performer
2933,17,98,Medium,Low,Yes,6,62,Low,Yes,1,Medium,Medium,Private,Neutral,2,No,College,Near,Female,68,Average Performer
2934,19,61,High,Medium,No,9,67,Medium,Yes,0,Low,Medium,Public,Negative,2,No,College,Far,Female,61,Average Performer
2935,36,68,Medium,Medium,Yes,8,74,High,Yes,2,Medium,Medium,Public,Negative,3,No,High School,Near,Male,70,Average Performer
2936,11,70,High,High,No,7,95,High,Yes,0,Low,High,Public,Negative,5,No,College,Moderate,Male,65,Average Performer
2937,22,77,Low,Medium,Yes,5,84,Medium,No,3,High,Medium,Public,Positive,2,No,High School,Moderate,Male,66,Average Performer
2938,23,69,Medium,Medium,Yes,6,59,Medium,Yes,3,High,Medium,Public,Neutral,3,No,Postgraduate,Moderate,Male,67,Average Performer
2939,27,80,Low,Low,Yes,5,94,High,Yes,3,High,Medium,Public,Negative,3,No,High School,Near,Male,69,Average Performer
2940,21,95,Medium,High,No,9,75,Medium,Yes,1,Low,Medium,Public,Neutral,2,No,College,Far,Male,69,Average Performer
2941,22,88,Medium,Medium,Yes,5,60,Low,Yes,1,Low,Medium,Public,Neutral,2,No,High School,Moderate,Male,67,Average Performer
2942,18,83,High,Low,No,9,76,Medium,Yes,0,Medium,Low,Private,Neutral,4,No,High School,Near,Female,66,Average Performer
2943,22,64,Low,Medium,Yes,9,60,Medium,Yes,1,High,High,Private,Neutral,2,No,High School,Near,Male,63,Average Performer
2944,18,88,High,Medium,No,6,68,Low,Yes,0,Medium,High,Public,Neutral,4,No,High School,Far,Female,67,Average Performer
2945,24,67,High,Low,Yes,6,90,Medium,Yes,0,Low,Medium,Public,Neutral,1,No,College,Far,Male,64,Average Performer
2946,18,91,Medium,Low,No,6,83,Medium,Yes,2,Low,Medium,Private,Neutral,4,No,High School,Near,Male,68,Average Performer
2947,22,70,Medium,High,Yes,8,74,Low,Yes,2,Low,High,Public,Negative,2,No,,Moderate,Male,65,Average Performer
2948,20,77,Medium,Low,No,9,61,Medium,Yes,2,Medium,Medium,Public,Neutral,3,No,High School,Near,Male,65,Average Performer
2949,27,74,Medium,Low,Yes,9,64,High,No,1,Low,Medium,Public,Neutral,3,No,High School,Near,Male,65,Average Performer
2950,20,94,Low,Medium,Yes,6,99,Medium,Yes,0,Medium,Medium,Public,Negative,4,No,College,Near,Female,70,Average Performer
2951,9,65,Medium,High,Yes,9,67,Medium,Yes,1,High,Medium,Public,Neutral,3,No,High School,Near,Female,62,Average Performer
2952,28,83,High,Low,No,9,81,Medium,Yes,0,Low,Medium,Public,Neutral,4,No,High School,Moderate,Male,68,Average Performer
2953,15,66,Low,High,Yes,7,75,Low,Yes,0,High,High,Public,Negative,3,No,College,Near,Male,62,Average Performer
2954,16,88,Medium,High,Yes,7,51,Medium,Yes,0,Medium,Medium,Public,Positive,3,No,College,Near,Female,68,Average Performer
2955,16,96,High,Medium,Yes,9,97,Medium,Yes,0,Medium,High,Private,Neutral,5,No,College,Near,Male,72,Average Performer
2956,28,77,High,Medium,Yes,9,54,Low,Yes,1,High,Medium,Public,Positive,3,No,Postgraduate,Near,Female,70,Average Performer
2957,7,80,High,Medium,No,9,83,Low,No,3,Medium,Medium,Public,Neutral,3,No,High School,Far,Female,62,Average Performer
2958,39,97,High,High,Yes,10,91,Medium,Yes,2,Low,Medium,Public,Positive,3,No,High School,Moderate,Female,79,Top Performer
2959,26,81,Medium,High,Yes,8,87,Medium,Yes,2,High,High,Public,Neutral,1,No,Postgraduate,Near,Male,73,Average Performer
2960,21,80,High,High,Yes,7,90,High,Yes,1,Low,Low,Public,Negative,2,No,College,Far,Male,68,Average Performer
2961,20,83,High,Medium,Yes,9,87,Low,Yes,0,High,Medium,Public,Neutral,2,No,High School,Near,Male,68,Average Performer
2962,22,88,Medium,Medium,Yes,10,72,Medium,Yes,2,Low,High,Public,Neutral,2,No,High School,Moderate,Female,69,Average Performer
2963,23,64,Medium,Low,Yes,6,95,High,Yes,1,Low,Medium,Public,Positive,2,Yes,College,Far,Female,63,Average Performer
2964,24,93,Medium,Medium,Yes,7,96,Medium,No,5,High,Medium,Public,Negative,4,No,Postgraduate,Near,Female,74,Average Performer
2965,23,77,Medium,Medium,Yes,5,72,Medium,Yes,2,High,High,Public,Negative,5,No,College,Moderate,Female,69,Average Performer
2966,21,63,Medium,Low,No,8,74,Medium,Yes,0,Low,Medium,Public,Negative,3,No,High School,Near,Female,61,Average Performer
2967,19,91,Medium,Low,Yes,8,74,Low,Yes,4,Medium,Medium,Public,Neutral,2,Yes,Postgraduate,Near,Female,69,Average Performer
2968,19,75,Medium,Low,No,6,64,High,Yes,2,Low,Medium,Public,Neutral,3,No,High School,Near,Female,64,Average Performer
2969,19,64,Medium,Medium,Yes,9,56,Low,Yes,2,Low,Medium,Public,Positive,4,No,Postgraduate,Far,Female,63,Average Performer
2970,27,85,Low,High,No,6,63,Low,Yes,1,Low,Medium,Public,Negative,2,No,College,Near,Male,68,Average Performer
2971,24,95,High,Medium,Yes,6,92,Medium,Yes,2,Low,Medium,Public,Neutral,3,No,High School,Far,Male,72,Average Performer
2972,2,96,Low,High,Yes,9,77,Medium,Yes,3,Medium,,Public,Neutral,2,No,High School,Far,Female,65,Average Performer
2973,24,98,Low,Low,No,6,93,Low,No,2,Low,Low,Public,Positive,4,No,College,Near,Male,69,Average Performer
2974,21,95,Medium,Low,No,5,87,Low,Yes,2,Medium,Medium,Private,Neutral,4,No,High School,Near,Male,70,Average Performer
2975,20,60,Medium,Medium,Yes,8,67,Low,Yes,1,Medium,Medium,Public,Neutral,4,No,Postgraduate,Moderate,Female,63,Average Performer
2976,18,75,Low,Medium,Yes,7,59,Low,Yes,0,Medium,Medium,Public,Positive,2,Yes,High School,Near,Female,62,Average Performer
2977,27,93,Medium,Medium,Yes,9,78,Low,Yes,1,Low,Medium,Public,Positive,2,No,Postgraduate,Near,Female,72,Average Performer
2978,26,75,High,High,No,8,97,Medium,Yes,1,Low,Medium,Public,Neutral,4,No,High School,Far,Male,69,Average Performer
2979,15,84,Medium,Medium,No,4,92,Low,Yes,2,Medium,Medium,Public,Negative,3,No,High School,Moderate,Female,66,Average Performer
2980,22,84,Medium,Medium,Yes,9,88,Medium,Yes,2,Low,High,Private,Neutral,4,No,Postgraduate,Near,Male,71,Average Performer
2981,14,75,Low,Low,No,10,88,Medium,Yes,2,Low,Medium,Private,Negative,3,No,College,Moderate,Female,62,Average Performer
2982,12,96,Medium,Low,Yes,9,76,Medium,Yes,2,Medium,High,Public,Positive,2,No,High School,Near,Male,68,Average Performer
2983,16,80,High,Low,No,9,58,Low,Yes,0,Medium,Medium,Public,Neutral,2,No,High School,Near,Female,63,Average Performer
2984,25,79,Medium,Medium,Yes,7,64,Medium,Yes,0,Low,Medium,Public,Neutral,3,No,College,Far,Female,66,Average Performer
2985,26,100,High,Medium,Yes,6,79,High,Yes,1,Medium,High,Public,Positive,3,No,College,Moderate,Male,75,Top Performer
2986,23,80,Medium,Low,Yes,7,66,High,Yes,1,High,High,Private,Positive,4,No,College,Near,Female,69,Average Performer
2987,24,67,High,Medium,No,8,89,Medium,Yes,2,High,Low,Private,Positive,3,No,High School,Near,Female,68,Average Performer
2988,23,81,High,Medium,No,8,69,Medium,Yes,5,Medium,Medium,Public,Negative,2,No,High School,Moderate,Male,69,Average Performer
2989,16,93,High,Low,No,6,56,Medium,Yes,2,Low,Medium,Public,Positive,4,No,High School,Near,Male,67,Average Performer
2990,23,91,High,Medium,Yes,6,89,Medium,Yes,3,Medium,Medium,Private,Negative,3,No,Postgraduate,Near,Male,73,Average Performer
2991,25,92,Medium,High,Yes,5,85,Low,Yes,1,Low,Medium,Public,Negative,1,No,College,Near,Male,71,Average Performer
2992,25,88,High,Medium,Yes,8,63,Medium,Yes,2,High,Medium,Public,Positive,3,No,High School,Moderate,Female,71,Average Performer
2993,27,70,Medium,Medium,No,6,99,High,Yes,2,Low,Medium,Private,Neutral,2,No,High School,Near,Female,68,Average Performer
2994,24,94,High,Low,No,7,70,Medium,Yes,1,High,Medium,Public,Neutral,1,No,High School,Near,Male,70,Average Performer
2995,22,96,Low,High,Yes,10,84,Low,Yes,1,High,High,Public,Negative,3,No,High School,Near,Male,71,Average Performer
2996,26,68,Medium,High,No,8,96,High,Yes,1,Medium,High,Public,Neutral,2,No,High School,Near,Male,69,Average Performer
2997,20,65,High,Medium,No,7,58,Medium,No,3,Low,Medium,Private,Neutral,4,No,High School,Near,Male,63,Average Performer
2998,15,99,Low,Medium,Yes,8,94,Medium,Yes,2,Medium,Medium,Private,Neutral,3,No,Postgraduate,Near,Male,71,Average Performer
2999,19,95,Medium,Medium,Yes,9,85,Medium,No,2,Low,Medium,Public,Negative,3,No,College,Near,Male,69,Average Performer
3000,16,96,High,Medium,Yes,5,58,Medium,Yes,2,High,Low,Public,Positive,5,No,Postgraduate,Moderate,Male,71,Average Performer
3001,16,95,Medium,Low,No,6,83,Low,Yes,2,Low,High,Private,Neutral,3,No,High School,Near,Female,68,Average Performer
3002,19,82,Medium,Medium,No,7,94,Medium,Yes,1,Medium,Medium,Public,Positive,3,No,High School,Near,Female,68,Average Performer
3003,15,86,Medium,Low,No,6,90,Medium,Yes,0,Medium,High,Public,Neutral,3,No,Postgraduate,Far,Male,66,Average Performer
3004,18,82,Medium,Medium,No,7,88,Medium,Yes,3,Low,Medium,Public,Negative,3,No,College,Moderate,Female,67,Average Performer
3005,9,62,Low,High,Yes,5,58,Low,Yes,0,Medium,High,Private,Positive,5,No,College,Moderate,Female,59,Average Performer
3006,21,90,Low,Medium,No,8,60,Medium,Yes,1,Low,Medium,Public,Negative,2,No,College,Near,Female,66,Average Performer
3007,20,80,Low,Low,No,6,77,Low,Yes,0,Medium,High,Private,Negative,3,No,High School,Near,Male,64,Average Performer
3008,15,86,Medium,Medium,No,7,79,Medium,Yes,1,Low,Medium,Public,Neutral,3,Yes,High School,Moderate,Female,64,Average Performer
3009,24,80,Medium,High,Yes,7,97,Medium,Yes,0,Low,High,Private,Neutral,4,No,High School,Moderate,Female,69,Average Performer
3010,26,80,High,Low,No,8,73,High,Yes,1,Medium,Medium,Public,Neutral,3,No,High School,Near,Male,69,Average Performer
3011,10,67,Medium,Medium,No,4,65,Medium,No,3,Medium,Medium,Public,Positive,3,No,High School,Near,Male,61,Average Performer
3012,15,71,High,High,No,8,60,Medium,Yes,0,Low,High,Private,Negative,3,No,High School,Far,Female,62,Average Performer
3013,15,66,Low,Medium,No,7,53,Medium,Yes,2,Medium,High,Public,Negative,3,No,College,Near,Female,61,Average Performer
3014,14,68,Medium,Medium,Yes,8,53,High,Yes,1,Medium,High,Private,Positive,2,No,College,Near,Female,63,Average Performer
3015,25,99,Medium,Low,No,5,79,Low,Yes,2,Low,Medium,Public,Positive,4,No,College,Near,Female,71,Average Performer
3016,19,66,High,High,Yes,8,59,Medium,Yes,1,Medium,Low,Public,Positive,2,No,Postgraduate,Moderate,Female,65,Average Performer
3017,18,71,High,High,Yes,9,93,Medium,Yes,1,Low,High,Private,Neutral,4,No,College,Moderate,Male,68,Average Performer
3018,8,84,High,High,No,7,80,Medium,Yes,1,High,High,Public,Positive,4,No,High School,Moderate,Male,67,Average Performer
3019,24,84,Low,High,Yes,6,93,High,Yes,2,Low,Medium,Public,Neutral,1,No,High School,Near,Female,70,Average Performer
3020,13,66,High,Medium,Yes,6,71,Medium,Yes,3,Medium,Medium,Public,Neutral,3,No,High School,Near,Male,64,Average Performer
3021,20,92,Medium,High,No,8,80,High,Yes,0,Medium,Medium,Private,Neutral,3,No,College,Near,Male,71,Average Performer
3022,22,91,High,Medium,Yes,8,76,Low,Yes,2,Medium,Medium,Public,Neutral,3,No,College,Moderate,Female,71,Average Performer
3023,28,69,Medium,High,No,8,99,Low,Yes,0,High,Medium,Private,Negative,3,No,High School,Moderate,Female,67,Average Performer
3024,12,72,Medium,Low,Yes,7,90,Medium,Yes,0,High,Medium,Public,Positive,3,No,Postgraduate,Far,Male,63,Average Performer
3025,2,98,Low,High,Yes,7,80,High,Yes,2,Low,High,Public,Neutral,1,No,High School,Near,Male,66,Average Performer
3026,21,93,Medium,Low,Yes,7,80,Medium,Yes,3,High,Medium,Public,Neutral,1,No,High School,Moderate,Male,70,Average Performer
3027,31,88,Medium,Low,No,6,62,Medium,Yes,2,Low,Medium,Private,Positive,4,No,High School,Near,Male,70,Average Performer
3028,27,63,Low,Medium,Yes,8,87,Medium,Yes,3,Low,High,Private,Positive,3,No,High School,Near,Female,67,Average Performer
3029,21,77,Low,Medium,No,7,99,High,Yes,3,Medium,High,Public,Neutral,3,No,Postgraduate,Near,Male,69,Average Performer
3030,17,82,High,Low,No,9,56,Low,Yes,3,High,Medium,Public,Positive,2,No,High School,Near,Female,66,Average Performer
3031,25,67,Medium,High,No,9,82,Medium,Yes,1,Medium,Medium,Public,Positive,3,No,Postgraduate,Far,Female,67,Average Performer
3032,14,78,High,Medium,Yes,7,76,Medium,Yes,0,High,Medium,Public,Negative,2,Yes,College,Near,Female,65,Average Performer
3033,23,84,High,High,Yes,8,93,Medium,Yes,1,High,Medium,Public,Positive,3,No,Postgraduate,Far,Male,72,Average Performer
3034,23,73,High,High,No,6,50,Medium,Yes,1,Medium,Medium,Public,Positive,3,No,College,Near,Male,68,Average Performer
3035,26,91,High,Medium,Yes,7,57,Low,Yes,3,Medium,Medium,Public,Negative,3,No,College,Near,Male,72,Average Performer
3036,37,94,High,Medium,Yes,8,52,High,Yes,1,Low,Medium,Private,Positive,3,No,Postgraduate,Near,Male,76,Top Performer
3037,22,73,Medium,Low,Yes,5,58,Medium,Yes,4,Low,Medium,Public,Positive,3,Yes,College,Near,Female,65,Average Performer
3038,17,94,Low,Medium,No,8,85,Medium,Yes,1,Medium,Low,Public,Positive,4,No,High School,Near,Male,68,Average Performer
3039,20,64,Medium,Medium,Yes,6,57,Medium,Yes,3,Low,High,Public,Neutral,4,No,College,Near,Female,65,Average Performer
3040,9,94,Medium,Medium,Yes,6,81,Low,Yes,0,Low,High,Public,Positive,3,No,High School,Near,Male,66,Average Performer
3041,16,66,Low,Medium,No,6,93,Medium,Yes,7,Low,Medium,Public,Negative,2,No,High School,Far,Male,63,Average Performer
3042,18,63,Medium,Low,No,7,52,Medium,Yes,2,High,High,Public,Positive,3,No,Postgraduate,Moderate,Female,63,Average Performer
3043,17,86,Medium,Medium,Yes,5,51,Medium,Yes,2,Low,Medium,Private,Neutral,2,No,Postgraduate,Moderate,Male,66,Average Performer
3044,21,79,High,Low,Yes,8,99,Medium,Yes,2,Low,High,Public,Positive,4,No,High School,Near,Male,69,Average Performer
3045,15,96,Medium,High,Yes,7,84,High,Yes,3,Medium,Low,Public,Positive,1,No,Postgraduate,Near,Male,72,Average Performer
3046,27,75,Medium,Low,Yes,10,57,Medium,Yes,3,High,Low,Public,Negative,3,No,High School,Near,Male,66,Average Performer
3047,20,71,Medium,Medium,Yes,7,65,Medium,No,2,Medium,Medium,Public,Negative,4,No,High School,Moderate,Female,64,Average Performer
3048,20,80,Medium,Low,Yes,8,99,Low,Yes,0,Low,High,Private,Positive,3,No,High School,,Male,67,Average Performer
3049,18,78,High,High,Yes,6,61,Low,Yes,1,Low,Medium,Private,Positive,5,No,High School,Near,Male,67,Average Performer
3050,21,74,Low,Medium,Yes,5,88,Medium,Yes,1,Medium,High,Public,Neutral,1,No,College,Near,Male,66,Average Performer
3051,25,88,Medium,Low,Yes,8,62,Low,Yes,2,Low,Medium,Public,Neutral,2,No,High School,Near,Female,68,Average Performer
3052,15,90,Medium,Medium,No,5,70,Medium,Yes,0,Medium,Medium,Private,Neutral,2,No,High School,Moderate,Male,65,Average Performer
3053,16,94,Medium,High,Yes,8,94,High,Yes,2,Low,High,Private,Negative,3,No,High School,Near,Male,71,Average Performer
3054,18,99,Medium,High,Yes,10,51,Medium,Yes,1,Medium,Low,Public,Neutral,4,No,Postgraduate,Near,Male,71,Average Performer
3055,12,71,Medium,Medium,Yes,8,65,Medium,Yes,1,Medium,High,Private,Neutral,2,No,High School,Moderate,Male,62,Average Performer
3056,15,89,Medium,High,Yes,8,74,Low,Yes,2,Medium,High,Public,Positive,2,No,College,Near,Male,69,Average Performer
3057,17,76,Medium,Low,No,7,81,Low,Yes,4,High,Medium,Private,Neutral,2,No,High School,Near,Male,65,Average Performer
3058,25,87,High,Low,No,6,51,Low,Yes,3,Medium,Medium,Public,Neutral,3,No,Postgraduate,Near,Male,70,Average Performer
3059,22,79,Medium,Medium,Yes,7,71,Medium,Yes,2,Low,,Private,Neutral,2,No,College,Moderate,Male,66,Average Performer
3060,21,100,Medium,Medium,No,6,67,Medium,Yes,0,High,Medium,Public,Positive,3,No,High School,Far,Male,70,Average Performer
3061,25,89,Medium,High,No,5,51,Low,Yes,2,Medium,High,Private,Negative,2,No,Postgraduate,Moderate,Female,70,Average Performer
3062,19,98,Low,High,Yes,7,68,Medium,Yes,1,Low,Medium,Private,Neutral,4,No,High School,Moderate,Female,69,Average Performer
3063,22,93,High,Low,Yes,9,97,Medium,Yes,2,Medium,Medium,Public,Neutral,3,Yes,High School,Near,Male,71,Average Performer
3064,19,96,Medium,Medium,No,5,64,Medium,Yes,1,Medium,Medium,Public,Neutral,3,No,High School,Near,Male,69,Average Performer
3065,22,93,High,Medium,No,9,79,Medium,Yes,2,Medium,High,Public,Positive,2,No,Postgraduate,Near,Female,73,Average Performer
3066,17,78,Medium,Medium,Yes,9,65,Low,Yes,1,Medium,High,Public,Neutral,4,No,High School,Moderate,Female,65,Average Performer
3067,5,70,High,High,Yes,8,55,Medium,Yes,3,Low,Medium,Public,Neutral,3,No,High School,Near,Male,62,Average Performer
3068,19,75,Medium,High,No,8,64,Medium,Yes,2,High,Low,Public,Negative,5,No,Postgraduate,Moderate,Female,67,Average Performer
3069,29,61,Low,Medium,Yes,7,74,High,Yes,1,Medium,Medium,Public,Neutral,3,No,Postgraduate,Moderate,Male,65,Average Performer
3070,26,81,Low,Medium,No,7,65,Low,Yes,1,Medium,Medium,Public,Neutral,3,No,High School,Far,Male,65,Average Performer
3071,26,80,Medium,High,Yes,6,81,Medium,Yes,0,Medium,Medium,Public,Neutral,2,No,College,Near,Female,70,Average Performer
3072,27,81,Medium,Medium,Yes,7,97,Low,Yes,1,Medium,Medium,Public,Neutral,2,No,College,Near,Female,70,Average Performer
3073,21,99,Medium,High,Yes,7,53,Medium,Yes,0,Medium,Low,Public,Neutral,4,No,Postgraduate,Near,Female,71,Average Performer
3074,21,96,High,Low,No,10,86,Low,Yes,1,Low,High,Public,Neutral,3,No,College,Near,Male,71,Average Performer
3075,16,66,Medium,Medium,Yes,8,50,Low,Yes,1,Medium,High,Public,Neutral,4,No,High School,Moderate,Male,62,Average Performer
3076,18,75,Medium,Low,No,7,50,Medium,Yes,4,Low,Medium,Public,Positive,2,No,Postgraduate,Near,Female,65,Average Performer
3077,24,77,High,Medium,Yes,7,57,Medium,Yes,3,Medium,High,Public,Positive,2,No,College,Far,Male,84,Top Performer
3078,27,74,Medium,Medium,Yes,6,74,Medium,Yes,2,Medium,High,Public,Neutral,2,No,College,Far,Male,68,Average Performer
3079,19,92,High,Medium,Yes,6,52,Medium,Yes,3,High,Medium,Public,Positive,1,No,High School,Near,Male,70,Average Performer
3080,17,81,Medium,High,No,8,86,Medium,Yes,1,Medium,Medium,Private,Neutral,3,No,Postgraduate,Near,Male,68,Average Performer
3081,20,83,Medium,Medium,No,6,51,Medium,Yes,2,Low,High,Public,Negative,4,No,Postgraduate,Near,Male,67,Average Performer
3082,24,94,Low,Medium,Yes,6,75,Low,Yes,1,Low,High,Public,Negative,4,No,High School,Near,Female,69,Average Performer
3083,11,92,High,High,Yes,6,84,Medium,Yes,2,Low,Low,Public,Negative,1,No,High School,Near,Female,68,Average Performer
3084,6,65,High,High,No,6,62,Medium,No,3,Low,Low,Public,Neutral,1,No,High School,Near,Male,59,Average Performer
3085,17,89,High,Low,Yes,9,79,Medium,No,0,Medium,Medium,Public,Positive,2,No,College,Near,Female,67,Average Performer
3086,13,77,Medium,High,Yes,7,63,Low,Yes,0,High,Low,Public,Positive,1,No,High School,Moderate,Male,63,Average Performer
3087,17,72,High,High,Yes,7,61,Low,Yes,1,Medium,Medium,Public,Negative,4,No,High School,Near,Female,65,Average Performer
3088,19,62,Medium,Medium,No,7,91,Low,Yes,1,Low,Medium,Public,Positive,3,No,College,Near,Male,63,Average Performer
3089,17,79,Medium,Medium,No,7,67,Low,Yes,1,Low,Medium,Private,Positive,3,No,High School,Near,Female,64,Average Performer
3090,29,74,High,Medium,Yes,6,91,High,Yes,3,Low,High,Public,Positive,4,No,College,Far,Female,72,Average Performer
3091,22,70,Low,Medium,Yes,5,61,High,Yes,1,Low,Medium,Public,Negative,3,No,College,Moderate,Male,63,Average Performer
3092,22,88,Medium,Medium,No,9,68,Medium,No,2,Medium,Medium,Public,Neutral,2,Yes,High School,Near,Male,66,Average Performer
3093,24,91,Medium,Medium,Yes,8,55,Low,Yes,0,Medium,Low,Private,Neutral,2,No,College,Moderate,Female,67,Average Performer
3094,13,70,High,High,Yes,8,75,High,Yes,1,High,Medium,Public,Positive,2,Yes,Postgraduate,Moderate,Male,66,Average Performer
3095,26,62,Medium,Medium,Yes,8,69,Medium,Yes,2,Medium,High,Public,Positive,3,No,College,Moderate,Female,66,Average Performer
3096,20,94,Medium,Medium,Yes,10,50,Low,Yes,1,Low,High,Private,Negative,4,Yes,Postgraduate,Near,Female,68,Average Performer
3097,24,60,High,High,No,6,73,Medium,Yes,1,Low,Medium,Private,Positive,5,No,Postgraduate,Moderate,Male,66,Average Performer
3098,14,97,Medium,Medium,Yes,5,54,Medium,Yes,3,Medium,Medium,Public,Negative,2,No,College,Near,Female,68,Average Performer
3099,11,85,Medium,Medium,Yes,8,92,Low,Yes,2,Medium,Medium,Public,Negative,4,No,High School,Far,Female,65,Average Performer
3100,25,73,Medium,Medium,Yes,5,75,Low,Yes,0,Medium,Medium,Private,Positive,2,No,College,Near,Female,67,Average Performer
3101,22,70,High,Low,No,7,85,Medium,Yes,0,High,Medium,Private,Negative,3,No,High School,Far,Male,64,Average Performer
3102,15,60,Low,High,No,7,91,Low,Yes,0,Low,Medium,Private,Negative,2,No,College,Far,Male,59,Average Performer
3103,15,69,Medium,Medium,Yes,8,53,Low,No,0,High,Medium,Private,Negative,3,No,High School,Near,Male,60,Average Performer
3104,27,66,Low,High,No,6,67,Low,Yes,1,High,High,Public,Negative,4,No,College,Far,Female,65,Average Performer
3105,13,84,Medium,Medium,Yes,9,51,High,Yes,0,Low,Medium,Public,Negative,4,No,High School,Near,Female,64,Average Performer
3106,30,67,Medium,High,No,6,52,Medium,Yes,1,Low,Medium,Public,Neutral,1,No,High School,Near,Female,66,Average Performer
3107,15,81,Medium,Medium,Yes,8,52,Medium,Yes,0,Medium,Medium,Public,Neutral,2,No,Postgraduate,Near,Male,65,Average Performer
3108,24,84,Medium,Medium,Yes,6,74,Medium,Yes,2,Medium,High,Public,Positive,2,No,High School,Far,Male,69,Average Performer
3109,18,72,High,High,Yes,8,73,Medium,Yes,0,Medium,Medium,Private,Positive,4,Yes,High School,Near,Female,66,Average Performer
3110,24,61,High,Medium,Yes,5,53,Medium,Yes,1,Low,High,Private,Neutral,5,No,College,,Female,65,Average Performer
3111,17,61,High,Medium,No,7,63,Low,Yes,1,Medium,Medium,Public,Positive,4,No,College,Moderate,Female,62,Average Performer
3112,19,61,Medium,Low,No,9,62,Medium,Yes,2,Medium,Medium,Public,Neutral,2,No,High School,Far,Female,60,Average Performer
3113,20,90,Low,Medium,No,7,65,Low,No,4,Low,High,Public,Positive,4,No,College,Moderate,Female,68,Average Performer
3114,14,73,Medium,High,Yes,9,82,Medium,Yes,1,Medium,Medium,Public,Negative,3,No,High School,Near,Female,64,Average Performer
3115,24,92,High,High,No,7,85,High,Yes,0,Medium,Medium,Public,Positive,3,No,College,Near,Female,73,Average Performer
3116,17,77,Medium,Medium,Yes,6,67,Low,Yes,1,Low,Medium,Public,Positive,1,No,College,Near,Male,64,Average Performer
3117,19,78,High,High,No,7,89,Medium,Yes,2,Medium,Medium,Public,Neutral,4,No,,Moderate,Female,69,Average Performer
3118,14,81,Low,Medium,No,8,71,Low,Yes,1,Low,High,Public,Neutral,3,Yes,Postgraduate,Near,Female,63,Average Performer
3119,5,89,Medium,Medium,Yes,4,76,High,Yes,2,Medium,Medium,Public,Neutral,3,No,College,Near,Male,65,Average Performer
3120,19,71,Medium,Medium,No,8,57,Medium,Yes,2,Medium,High,Public,Positive,4,No,High School,Moderate,Male,65,Average Performer
3121,34,65,Medium,Medium,Yes,6,62,High,Yes,0,Medium,High,Public,Negative,3,No,High School,Near,Male,67,Average Performer
3122,25,82,Medium,Medium,Yes,5,86,Medium,No,0,Low,Low,Public,Positive,4,No,High School,Near,Male,67,Average Performer
3123,20,73,Medium,Medium,No,8,99,Low,Yes,1,Medium,Medium,Private,Positive,3,No,High School,Near,Male,66,Average Performer
3124,18,78,Medium,High,Yes,9,85,High,Yes,1,Low,High,Private,Negative,2,No,Postgraduate,Near,Male,68,Average Performer
3125,20,86,Medium,Low,Yes,7,53,Medium,Yes,1,Low,High,Public,Negative,2,No,High School,Near,Male,65,Average Performer
3126,23,80,Low,Low,Yes,5,57,Medium,Yes,1,Low,Medium,Public,Neutral,4,No,Postgraduate,Near,Male,66,Average Performer
3127,13,85,High,Low,Yes,6,72,Medium,Yes,2,Low,Medium,Public,Positive,1,No,College,Moderate,Female,66,Average Performer
3128,27,82,Medium,Medium,Yes,6,87,Low,No,2,Low,High,Public,Positive,2,No,High School,Near,Male,69,Average Performer
3129,24,90,Medium,Medium,No,7,58,Medium,Yes,2,Low,Medium,Private,Neutral,2,No,Postgraduate,Near,Male,70,Average Performer
3130,24,88,Medium,Low,Yes,7,88,Medium,Yes,2,Medium,High,Private,Neutral,2,No,Postgraduate,Moderate,Male,71,Average Performer
3131,23,81,High,Medium,No,8,78,High,Yes,4,Low,Low,Public,Positive,3,No,High School,Moderate,Male,70,Average Performer
3132,20,87,Medium,Medium,No,8,89,Low,Yes,2,Medium,Medium,Public,Neutral,3,No,High School,Moderate,Male,68,Average Performer
3133,24,95,High,High,Yes,8,78,Medium,Yes,2,Low,High,Public,Negative,2,No,Postgraduate,Far,Female,73,Average Performer
3134,24,77,Medium,High,No,8,80,High,Yes,1,Low,High,Public,Positive,2,Yes,High School,Moderate,Female,68,Average Performer
3135,18,77,Medium,Medium,Yes,7,62,Low,Yes,2,High,Medium,Private,Neutral,4,No,College,Near,Male,66,Average Performer
3136,17,91,Medium,Low,Yes,10,86,Low,Yes,1,Medium,Medium,Public,Neutral,3,Yes,Postgraduate,Moderate,Female,67,Average Performer
3137,21,83,Medium,Low,Yes,8,92,Low,Yes,2,Medium,Medium,Private,Negative,4,Yes,High School,Near,Male,66,Average Performer
3138,29,63,Medium,High,Yes,8,94,Medium,Yes,0,Medium,High,Private,Positive,2,No,Postgraduate,Near,Female,69,Average Performer
3139,13,96,Medium,Medium,No,10,51,Medium,Yes,1,Low,Low,Public,Positive,3,No,Postgraduate,Near,Female,67,Average Performer
3140,11,61,Medium,Low,Yes,7,81,High,Yes,5,Medium,Low,Public,Positive,4,Yes,High School,Near,Male,61,Average Performer
3141,21,90,Medium,Medium,No,6,99,Medium,Yes,2,Low,Medium,Private,Negative,3,No,College,Near,Female,70,Average Performer
3142,20,90,High,High,No,9,79,Medium,Yes,2,Low,Medium,Public,Negative,2,No,High School,Near,Female,70,Average Performer
3143,21,98,Medium,Medium,Yes,9,59,High,No,3,Medium,Medium,Public,Neutral,3,Yes,College,Near,Female,70,Average Performer
3144,21,62,Medium,Medium,No,7,94,Low,Yes,1,Low,High,Private,Positive,3,No,College,Moderate,Female,64,Average Performer
3145,19,84,High,Medium,No,10,63,Medium,Yes,0,Low,Medium,Public,Negative,3,No,College,Far,Female,65,Average Performer
3146,29,77,Medium,Medium,No,7,52,Medium,Yes,5,Low,Medium,Public,Positive,4,No,College,Near,Female,70,Average Performer
3147,10,73,Low,High,Yes,8,72,Low,Yes,1,Low,High,Public,Positive,2,No,College,Moderate,Female,62,Average Performer
3148,15,64,High,High,Yes,9,55,High,Yes,1,Medium,Low,Public,Neutral,3,No,College,Near,Female,64,Average Performer
3149,19,83,Medium,High,Yes,7,56,Medium,Yes,1,Medium,Low,Private,Positive,3,No,College,Far,Female,67,Average Performer
3150,10,79,High,Medium,No,8,73,High,No,1,Low,Low,Public,Neutral,4,No,High School,Near,Female,63,Average Performer
3151,19,64,Low,Medium,Yes,9,81,High,Yes,0,Medium,High,Public,Neutral,3,Yes,High School,Near,Male,62,Average Performer
3152,30,84,Low,Medium,No,6,95,Medium,Yes,2,High,High,Public,Negative,2,No,College,Near,Male,72,Average Performer
3153,20,90,Low,Medium,No,6,85,High,No,3,Low,High,Private,Neutral,2,No,College,Near,Male,69,Average Performer
3154,21,91,Medium,High,Yes,9,92,Medium,Yes,5,Low,Medium,Private,Negative,2,No,High School,Near,Male,72,Average Performer
3155,12,96,Low,Medium,Yes,7,71,High,Yes,2,Medium,Medium,Private,Positive,2,No,College,Near,Male,68,Average Performer
3156,16,76,Low,Medium,No,6,66,Low,Yes,1,Medium,Medium,Private,Neutral,3,No,Postgraduate,Near,Female,64,Average Performer
3157,18,98,High,High,Yes,7,80,Low,Yes,3,Low,Medium,Private,Neutral,1,No,College,Near,Female,72,Average Performer
3158,18,95,High,High,Yes,8,85,Low,Yes,2,Low,High,Public,Positive,3,No,College,Near,Female,73,Average Performer
3159,28,72,High,Medium,Yes,5,78,Low,No,5,Medium,Low,Private,Negative,2,No,College,Far,Male,67,Average Performer
3160,23,66,High,Low,Yes,8,63,Medium,Yes,0,Low,Medium,Public,Negative,4,No,College,Near,Female,64,Average Performer
3161,13,77,Medium,Medium,Yes,8,68,Low,Yes,3,High,Medium,Private,Neutral,3,No,High School,Near,Female,65,Average Performer
3162,21,76,High,High,Yes,9,72,Low,Yes,1,Low,High,Public,Neutral,3,No,High School,Moderate,Female,67,Average Performer
3163,23,83,Medium,Medium,Yes,7,51,Low,Yes,3,Medium,High,Public,Neutral,2,No,College,Moderate,Male,68,Average Performer
3164,27,83,Medium,High,Yes,9,94,Medium,Yes,2,Low,High,Public,Positive,2,No,High School,,Male,72,Average Performer
3165,29,90,High,Low,Yes,7,76,Low,Yes,1,Medium,Low,Public,Positive,3,No,High School,Moderate,Female,71,Average Performer
3166,14,80,Medium,Medium,Yes,7,88,Medium,Yes,1,Medium,Medium,Private,Neutral,3,No,High School,Near,Male,66,Average Performer
3167,15,64,High,Medium,No,7,59,Low,Yes,0,Low,Medium,Public,Neutral,3,Yes,High School,Near,Female,59,Average Performer
3168,12,94,Medium,Medium,Yes,10,78,Medium,Yes,1,Medium,High,Public,Neutral,2,No,High School,Near,Female,68,Average Performer
3169,19,72,Low,High,Yes,5,96,Low,No,3,Low,Low,Public,Positive,2,No,High School,Moderate,Female,64,Average Performer
3170,23,99,Low,Medium,No,8,61,Low,Yes,2,High,High,Private,Positive,3,Yes,High School,Near,Female,70,Average Performer
3171,26,65,Low,Medium,Yes,7,67,Medium,Yes,4,High,Medium,Private,Negative,3,No,High School,Moderate,Female,65,Average Performer
3172,20,98,High,Medium,Yes,7,69,High,No,2,High,High,Public,Negative,2,No,College,Near,Female,72,Average Performer
3173,18,64,High,High,No,8,69,Medium,Yes,3,High,Medium,Public,Positive,3,No,College,Moderate,Male,66,Average Performer
3174,21,69,Medium,Medium,Yes,9,80,High,Yes,2,Medium,High,Public,Positive,5,No,College,Near,Male,68,Average Performer
3175,15,62,Medium,High,No,8,70,Medium,Yes,1,Low,Medium,Private,Positive,3,No,College,Near,Male,62,Average Performer
3176,33,88,Medium,Low,No,9,84,Medium,Yes,1,Low,Medium,Public,Negative,3,No,High School,Near,Male,70,Average Performer
3177,10,94,High,Medium,Yes,7,74,High,Yes,3,High,Medium,Public,Positive,3,No,College,Moderate,Male,70,Average Performer
3178,21,77,Medium,Low,Yes,7,58,Medium,Yes,0,Low,High,Public,Negative,3,No,College,Near,Male,64,Average Performer
3179,32,97,High,Low,Yes,5,97,Low,Yes,1,Low,High,Public,Positive,5,No,College,Moderate,Female,76,Top Performer
3180,20,84,Medium,Medium,Yes,10,62,High,Yes,1,Medium,Medium,Public,Neutral,2,No,College,Moderate,Male,67,Average Performer
3181,19,85,High,High,No,7,78,Low,Yes,2,Low,High,Private,Negative,3,No,College,Near,Male,69,Average Performer
3182,18,94,Medium,Low,Yes,7,53,Medium,Yes,4,Medium,High,Public,Positive,3,No,High School,Far,Female,68,Average Performer
3183,19,72,Medium,Medium,Yes,8,96,Low,Yes,1,Medium,High,Public,Positive,2,No,Postgraduate,Moderate,Female,67,Average Performer
3184,28,74,Medium,Medium,Yes,9,96,Low,Yes,0,High,High,Private,Neutral,3,No,High School,Near,Female,69,Average Performer
3185,7,96,High,Medium,Yes,6,68,Medium,Yes,2,Low,High,Public,Neutral,1,No,High School,Near,Female,67,Average Performer
3186,29,96,High,High,Yes,9,56,Low,Yes,0,Low,High,Private,Neutral,4,No,High School,Near,Male,73,Average Performer
3187,11,99,Medium,High,Yes,7,88,High,No,4,Medium,Low,Private,Neutral,3,No,College,Near,Male,71,Average Performer
3188,18,96,Medium,Low,No,9,63,Medium,Yes,4,Low,Medium,Private,Neutral,3,No,Postgraduate,Near,Male,70,Average Performer
3189,17,65,High,Medium,Yes,6,85,Medium,Yes,1,Low,Medium,Private,Neutral,3,No,,Near,Male,65,Average Performer
3190,24,93,High,Medium,Yes,8,96,Medium,Yes,0,Medium,Medium,Public,Positive,1,No,Postgraduate,Moderate,Male,73,Average Performer
3191,10,76,Medium,Medium,Yes,7,80,Medium,Yes,1,Low,High,Public,Positive,4,No,Postgraduate,Near,Female,65,Average Performer
3192,23,100,Low,Medium,Yes,5,93,Medium,Yes,4,Low,Medium,Private,Neutral,3,No,Postgraduate,Moderate,Male,73,Average Performer
3193,32,79,Low,High,Yes,5,61,Medium,Yes,0,Low,High,Public,Positive,3,No,College,Near,Male,70,Average Performer
3194,12,82,High,Medium,Yes,6,96,High,Yes,0,Low,Low,Private,Positive,4,Yes,College,Near,Male,66,Average Performer
3195,21,81,Low,Medium,Yes,8,61,High,Yes,3,Medium,Low,Public,Negative,5,No,High School,Moderate,Female,66,Average Performer
3196,16,73,Medium,Medium,Yes,4,61,Low,Yes,4,Low,High,Private,Neutral,5,No,High School,Moderate,Male,64,Average Performer
3197,23,63,Medium,Medium,Yes,8,94,High,Yes,2,Medium,Medium,Public,Neutral,5,No,Postgraduate,Near,Male,68,Average Performer
3198,20,96,Medium,Medium,No,7,78,Medium,Yes,1,High,High,Public,Neutral,2,No,High School,Near,Male,70,Average Performer
3199,16,92,Medium,Medium,Yes,4,90,High,Yes,6,High,Medium,Private,Neutral,3,No,High School,Near,Male,72,Average Performer
3200,23,66,Medium,High,No,6,90,Medium,Yes,2,Low,Medium,Public,Neutral,3,No,High School,Near,Male,66,Average Performer
3201,31,91,Medium,Medium,Yes,6,82,Medium,Yes,2,Medium,High,Public,Positive,3,No,High School,Near,Male,74,Average Performer
3202,19,85,High,Medium,No,7,59,Low,Yes,0,Medium,High,Private,Negative,4,No,College,Moderate,Male,67,Average Performer
3203,24,76,High,High,Yes,9,85,Medium,Yes,2,Low,Medium,Private,Positive,2,No,Postgraduate,Near,Female,71,Average Performer
3204,12,70,Low,High,Yes,9,53,Medium,Yes,2,Low,Medium,Public,Neutral,2,Yes,High School,Near,Male,60,Average Performer
3205,14,94,Low,Medium,No,6,60,Medium,Yes,3,High,Medium,Public,Neutral,3,No,College,,Female,68,Average Performer
3206,23,88,Medium,Medium,No,6,82,Medium,Yes,0,Medium,Medium,Private,Negative,3,No,College,Near,Male,69,Average Performer
3207,29,82,High,High,No,5,95,Medium,Yes,2,Medium,High,Public,Neutral,3,No,College,Near,Male,74,Average Performer
3208,22,84,High,Medium,Yes,6,89,Medium,Yes,2,Medium,Medium,Public,Neutral,3,No,High School,Near,Male,71,Average Performer
3209,18,64,High,Medium,Yes,6,67,High,Yes,0,Low,Medium,Private,Negative,4,No,College,Near,Male,63,Average Performer
3210,20,79,High,Low,Yes,7,91,High,No,2,Low,Medium,Private,Negative,4,Yes,College,Moderate,Male,66,Average Performer
3211,12,68,Medium,High,No,7,98,Medium,Yes,1,Medium,High,Private,Neutral,4,No,High School,Near,Male,65,Average Performer
3212,24,68,Low,Low,No,6,67,High,No,0,Low,High,Private,Positive,3,Yes,High School,Far,Female,60,Average Performer
3213,25,86,Medium,Low,Yes,6,59,Medium,Yes,3,Low,Medium,Public,Positive,3,No,High School,Near,Female,69,Average Performer
3214,17,96,High,Medium,No,6,60,Medium,Yes,1,Low,Medium,Public,Neutral,3,No,College,Near,Female,69,Average Performer
3215,17,76,Medium,High,Yes,6,70,Low,Yes,2,High,Medium,Public,Neutral,4,No,Postgraduate,Moderate,Male,67,Average Performer
3216,22,68,High,Medium,Yes,9,53,High,Yes,1,Medium,Medium,Public,Neutral,2,No,High School,Moderate,Female,65,Average Performer
3217,17,86,High,High,Yes,8,74,Medium,Yes,1,Low,High,Private,Neutral,4,No,College,Near,Male,70,Average Performer
3218,20,95,High,Medium,Yes,8,87,Low,Yes,0,Low,Medium,Private,Positive,3,No,Postgraduate,Moderate,Female,71,Average Performer
3219,33,90,Low,Medium,Yes,9,77,Medium,Yes,3,Medium,High,Public,Negative,6,Yes,Postgraduate,Moderate,Male,73,Average Performer
3220,19,95,Low,High,Yes,8,99,Medium,Yes,0,Low,Medium,Public,Neutral,2,No,Postgraduate,Moderate,Male,70,Average Performer
3221,18,81,High,Low,Yes,9,73,High,Yes,1,Medium,High,Public,Neutral,2,No,High School,Near,Female,67,Average Performer
3222,16,90,Low,High,Yes,8,51,Medium,Yes,1,High,Medium,Public,Neutral,5,No,High School,Moderate,Female,67,Average Performer
3223,24,66,Low,High,No,7,74,Medium,Yes,0,High,High,Public,Neutral,2,No,College,Moderate,Male,65,Average Performer
3224,19,74,High,High,Yes,6,96,Medium,Yes,2,High,Medium,Public,Neutral,3,No,College,,Male,69,Average Performer
3225,16,76,High,High,Yes,6,55,Medium,No,1,Low,,Public,Positive,1,No,Postgraduate,,Male,65,Average Performer
3226,28,80,Medium,High,Yes,8,61,Low,Yes,1,Low,Medium,Private,Negative,3,No,College,Far,Female,68,Average Performer
3227,29,97,High,Medium,No,7,86,Medium,Yes,0,Medium,Medium,Public,Positive,3,No,College,Near,Female,74,Average Performer
3228,16,95,Low,Medium,Yes,5,65,High,Yes,0,Medium,Medium,Private,Neutral,3,No,College,Near,Female,68,Average Performer
3229,9,65,Medium,Medium,No,4,88,Low,Yes,1,Low,Medium,Public,Positive,3,No,College,Near,Male,61,Average Performer
3230,26,67,Medium,Low,Yes,10,71,High,Yes,3,Low,Medium,Public,Neutral,3,No,Postgraduate,Near,Male,67,Average Performer
3231,16,74,High,High,Yes,6,90,Medium,Yes,1,Low,Medium,Private,Negative,4,Yes,High School,Near,Female,66,Average Performer
3232,25,72,Low,Low,Yes,6,78,Low,Yes,8,Medium,High,Public,Positive,4,No,High School,Near,Male,69,Average Performer
3233,8,85,Medium,Low,Yes,9,54,Low,Yes,1,Low,High,Private,Positive,3,No,High School,Near,Male,62,Average Performer
3234,25,96,Medium,High,Yes,5,69,Low,Yes,0,Low,Medium,Public,Neutral,4,No,High School,Moderate,Male,71,Average Performer
3235,13,98,High,High,Yes,8,67,Medium,Yes,1,Medium,Medium,Private,Positive,4,No,Postgraduate,Moderate,Female,71,Average Performer
3236,24,86,Medium,High,Yes,10,91,Low,Yes,0,Low,High,Private,Positive,4,No,College,Near,Female,72,Average Performer
3237,20,94,Medium,High,Yes,10,81,Low,Yes,1,Medium,High,Public,Neutral,5,Yes,High School,Far,Female,69,Average Performer
3238,14,81,Low,Medium,No,6,89,Medium,No,6,Low,High,Private,Neutral,3,No,College,Near,Female,67,Average Performer
3239,18,68,Medium,High,No,7,69,Medium,Yes,1,Low,High,Public,Neutral,4,Yes,High School,Moderate,Female,63,Average Performer
3240,24,81,Medium,Medium,Yes,6,85,Medium,No,1,Medium,High,Public,Neutral,4,No,College,Moderate,Male,68,Average Performer
3241,21,82,High,High,Yes,7,53,Low,Yes,0,High,Medium,Public,Positive,2,No,Postgraduate,Near,Male,69,Average Performer
3242,24,90,Medium,Low,Yes,9,52,Low,Yes,0,Low,Medium,Public,Negative,3,Yes,College,Near,Female,65,Average Performer
3243,32,69,High,High,Yes,5,64,Medium,Yes,0,Medium,Medium,Public,Negative,3,No,Postgraduate,Near,Female,70,Average Performer
3244,11,75,Medium,Medium,No,8,89,Medium,Yes,2,High,High,Private,Positive,4,No,College,Moderate,Male,65,Average Performer
3245,30,75,Medium,Medium,No,7,77,Medium,Yes,0,Low,Medium,Public,Positive,2,No,High School,Moderate,Male,67,Average Performer
3246,21,98,Medium,High,Yes,9,70,Medium,Yes,0,Low,High,Public,Positive,1,No,College,Near,Male,72,Average Performer
3247,15,78,Medium,High,Yes,9,95,High,Yes,1,High,High,Public,Positive,3,No,High School,Near,Male,69,Average Performer
3248,12,90,High,High,Yes,6,75,Low,No,2,Medium,Medium,Public,Neutral,3,No,Postgraduate,Near,Male,69,Average Performer
3249,19,90,High,Low,No,7,81,Medium,Yes,4,High,High,Public,Neutral,4,Yes,College,Near,Female,71,Average Performer
3250,26,71,Medium,Low,Yes,8,99,Medium,Yes,1,Medium,High,Public,Positive,3,No,High School,Far,Male,67,Average Performer
3251,19,83,Low,Low,No,8,76,Low,Yes,3,Low,Low,Public,Neutral,3,No,Postgraduate,Near,Female,65,Average Performer
3252,29,96,Low,Low,No,4,89,Medium,Yes,2,Low,High,Public,Neutral,2,No,High School,Far,Female,70,Average Performer
3253,11,79,Medium,Medium,No,8,71,Low,Yes,1,Medium,Medium,Private,Positive,2,No,College,Moderate,Female,63,Average Performer
3254,20,98,High,High,Yes,9,52,Medium,Yes,0,Medium,Medium,Private,Positive,3,No,College,Far,Male,71,Average Performer
3255,12,69,High,Medium,Yes,7,92,Low,Yes,1,Medium,Medium,Public,Neutral,3,No,College,Near,Female,64,Average Performer
3256,22,63,Medium,High,Yes,8,97,High,Yes,5,Medium,Medium,Private,Neutral,3,No,High School,Near,Male,69,Average Performer
3257,25,96,Low,Medium,No,9,72,Low,Yes,0,Low,Medium,Private,Positive,3,No,High School,Near,Male,69,Average Performer
3258,17,94,Medium,Medium,Yes,7,75,Medium,Yes,1,Low,High,Public,Positive,3,No,Postgraduate,Moderate,Male,70,Average Performer
3259,4,100,High,Low,No,8,71,Low,Yes,2,Low,Medium,Private,Negative,4,No,High School,Moderate,Female,64,Average Performer
3260,21,87,Medium,High,No,7,100,Low,Yes,1,Low,Medium,Public,Positive,3,No,High School,Near,Male,70,Average Performer
3261,23,97,Medium,High,No,7,95,Medium,Yes,0,Medium,High,Private,Positive,4,No,Postgraduate,Moderate,Female,74,Average Performer
3262,22,93,Medium,Medium,Yes,6,52,Medium,Yes,1,Low,Medium,Public,Negative,3,No,College,Near,Female,69,Average Performer
3263,27,94,Low,Medium,Yes,7,89,Medium,Yes,3,Low,Medium,Private,Positive,2,No,College,Near,Female,73,Average Performer
3264,14,83,Medium,Medium,Yes,10,80,Medium,Yes,1,Medium,High,Private,Neutral,3,Yes,College,Near,Female,66,Average Performer
3265,24,75,High,High,Yes,6,51,High,No,1,Medium,High,Public,Negative,3,No,High School,Near,Male,67,Average Performer
3266,27,97,High,High,No,8,72,Medium,Yes,6,Low,Medium,Public,Neutral,2,No,College,Near,Female,76,Top Performer
3267,9,77,Medium,Medium,No,7,57,Low,Yes,2,Medium,Low,Public,Negative,3,No,High School,Near,Male,61,Average Performer
3268,22,82,Low,Medium,Yes,9,94,High,Yes,0,Medium,Medium,Public,Positive,4,No,High School,Moderate,Female,68,Average Performer
3269,17,78,Medium,Low,Yes,9,51,High,Yes,1,Low,Medium,Private,Neutral,3,No,High School,Moderate,Male,63,Average Performer
3270,20,83,High,Low,Yes,6,94,Medium,Yes,1,Low,Medium,Public,Neutral,2,No,High School,Near,Male,67,Average Performer
3271,22,79,Low,Low,Yes,6,97,Low,Yes,3,High,Medium,Public,Negative,3,No,High School,Moderate,Male,66,Average Performer
3272,17,62,High,Low,Yes,6,54,Low,Yes,2,Medium,High,Public,Neutral,3,No,College,Near,Male,62,Average Performer
3273,16,95,High,Low,Yes,6,86,Medium,Yes,0,Low,High,Private,Neutral,3,No,High School,Near,Male,69,Average Performer
3274,20,78,Medium,Medium,No,6,77,Medium,Yes,3,Medium,Medium,Private,Positive,3,No,High School,Moderate,Male,67,Average Performer
3275,13,84,Medium,Medium,No,8,98,Low,No,2,Medium,Medium,Public,Positive,2,No,College,Moderate,Female,66,Average Performer
3276,13,66,High,Medium,Yes,6,90,Medium,Yes,2,Low,Medium,Public,Positive,3,Yes,High School,Moderate,Male,63,Average Performer
3277,24,60,Medium,Medium,No,6,85,Low,Yes,1,High,Medium,Public,Neutral,2,No,Postgraduate,Moderate,Male,64,Average Performer
3278,13,70,Low,Medium,Yes,6,96,High,Yes,2,Medium,Medium,Private,Negative,5,No,Postgraduate,Moderate,Male,64,Average Performer
3279,24,88,Low,Medium,No,8,58,Medium,Yes,1,Low,High,Public,Negative,3,No,High School,Near,Male,67,Average Performer
3280,23,64,Low,Medium,Yes,7,69,High,Yes,4,High,Medium,Public,Positive,3,No,High School,Moderate,Male,66,Average Performer
3281,10,96,High,High,Yes,7,92,Medium,Yes,1,Low,Low,Public,Neutral,1,No,High School,Near,Female,68,Average Performer
3282,16,69,Medium,High,Yes,6,55,Medium,Yes,1,Medium,High,Public,Negative,1,No,High School,Moderate,Male,62,Average Performer
3283,27,68,Medium,Medium,Yes,5,97,Low,Yes,1,Medium,Medium,Public,Negative,4,No,College,Near,Male,68,Average Performer
3284,14,67,High,Low,No,9,87,Medium,Yes,1,Medium,Medium,Private,Positive,3,No,High School,Near,Male,63,Average Performer
3285,17,61,Medium,High,No,7,72,Low,Yes,1,Medium,High,Public,Neutral,2,No,High School,Moderate,Male,62,Average Performer
3286,23,91,High,High,No,10,67,High,Yes,2,Low,Medium,Public,Positive,2,No,College,Near,Male,72,Average Performer
3287,25,95,Medium,Low,No,8,57,Low,Yes,4,Low,Medium,Public,Neutral,3,No,High School,Moderate,Female,69,Average Performer
3288,18,85,Medium,Low,Yes,10,55,High,Yes,3,Medium,High,Public,Neutral,3,No,High School,Near,Male,67,Average Performer
3289,16,68,Medium,High,Yes,8,71,Medium,Yes,1,High,High,Private,Neutral,3,No,High School,Moderate,Male,65,Average Performer
3290,29,71,High,Medium,No,7,92,Low,Yes,1,Low,Medium,Public,Positive,3,No,High School,Near,Female,69,Average Performer
3291,30,79,High,High,Yes,6,77,Medium,Yes,1,Low,Medium,Public,Positive,2,No,High School,Near,Male,72,Average Performer
3292,26,98,Low,Medium,Yes,6,73,Medium,Yes,2,Low,Low,Public,Negative,3,No,High School,Near,Female,70,Average Performer
3293,21,70,High,High,No,9,66,Medium,Yes,1,Medium,Low,Public,Neutral,4,No,College,Moderate,Male,91,Top Performer
3294,15,89,High,Low,Yes,7,58,Low,Yes,2,Low,Medium,Public,Negative,3,No,High School,Moderate,Male,65,Average Performer
3295,15,78,Low,Medium,Yes,8,100,Low,Yes,0,Low,Medium,Public,Negative,3,Yes,High School,Near,Female,62,Average Performer
3296,23,72,Low,High,Yes,8,51,Medium,Yes,2,Low,Medium,Private,Positive,3,No,College,Far,Male,65,Average Performer
3297,23,78,Medium,Medium,Yes,8,66,Medium,Yes,1,Medium,High,Public,Neutral,1,No,College,Moderate,Female,67,Average Performer
3298,28,63,Medium,Low,No,6,88,High,Yes,4,Medium,High,Public,Neutral,4,No,High School,Far,Male,67,Average Performer
3299,24,92,Medium,High,No,9,76,Medium,Yes,2,High,Medium,Public,Positive,2,No,High School,Near,Female,72,Average Performer
3300,11,70,Medium,Low,Yes,7,66,Low,Yes,1,Medium,High,Public,Negative,3,No,High School,Near,Female,60,Average Performer
3301,26,89,Medium,Low,No,7,100,Low,Yes,0,Medium,Low,Public,Neutral,3,No,High School,Near,Female,69,Average Performer
3302,14,63,Medium,Medium,No,8,81,Low,Yes,0,Medium,Low,Private,Positive,5,No,High School,Near,Female,61,Average Performer
3303,18,98,Low,Medium,Yes,7,65,Medium,Yes,1,High,Medium,Private,Neutral,4,No,Postgraduate,Near,Female,70,Average Performer
3304,22,68,Medium,High,No,4,92,High,Yes,2,High,Medium,Public,Neutral,3,No,High School,Near,Male,68,Average Performer
3305,32,95,Medium,High,Yes,9,58,Medium,Yes,2,Medium,Medium,Private,Positive,4,No,High School,Near,Male,75,Top Performer
3306,39,92,Medium,Medium,No,9,73,Medium,Yes,1,Medium,Medium,Public,Negative,4,No,Postgraduate,Moderate,Male,75,Top Performer
3307,24,99,High,Medium,No,4,92,Low,Yes,2,High,Medium,Private,Neutral,3,No,High School,Far,Male,72,Average Performer
3308,19,79,Low,Medium,Yes,5,99,High,Yes,1,Low,Medium,Private,Negative,4,No,College,Moderate,Female,66,Average Performer
3309,23,89,Low,High,No,10,69,Low,Yes,5,Medium,Medium,Public,Neutral,4,No,High School,Near,Male,71,Average Performer
3310,25,75,Low,High,No,7,57,High,Yes,4,Low,High,Public,Positive,5,No,College,Near,Male,70,Average Performer
3311,18,67,Medium,High,Yes,7,78,Low,Yes,2,Medium,Medium,Public,Negative,3,Yes,High School,Near,Female,63,Average Performer
3312,31,78,High,High,Yes,6,97,Low,Yes,0,Medium,High,Public,Neutral,3,No,High School,Near,Male,72,Average Performer
3313,21,67,Medium,Medium,Yes,5,83,Medium,Yes,1,Low,High,Private,Neutral,5,No,High School,Near,Male,65,Average Performer
3314,23,99,Medium,Medium,Yes,7,80,Low,Yes,3,Low,Low,Private,Neutral,2,No,High School,Near,Male,71,Average Performer
3315,24,64,Medium,Medium,Yes,8,65,Medium,Yes,0,Medium,Medium,Public,Positive,3,No,College,Near,Female,65,Average Performer
3316,23,84,Medium,Low,Yes,7,80,Medium,Yes,1,Medium,High,Private,Positive,3,No,College,Moderate,Female,69,Average Performer
3317,25,85,Medium,Low,Yes,8,94,Medium,Yes,3,Medium,High,Public,Positive,3,No,High School,Moderate,Male,71,Average Performer
3318,16,82,Medium,High,Yes,10,69,Medium,Yes,2,Low,Medium,Public,Positive,4,No,College,Near,Male,68,Average Performer
3319,17,86,Low,Medium,No,6,62,Low,Yes,2,Medium,High,Public,Positive,4,No,High School,Near,Female,66,Average Performer
3320,13,65,High,Medium,No,7,74,Low,Yes,0,High,Medium,Public,Neutral,2,Yes,High School,Moderate,Male,60,Average Performer
3321,23,82,Medium,Medium,No,9,69,Medium,Yes,0,High,Medium,Public,Positive,3,No,High School,Near,Female,68,Average Performer
3322,25,71,Medium,High,Yes,6,73,Medium,Yes,1,Low,Medium,Private,Neutral,4,No,High School,Near,Female,67,Average Performer
3323,23,98,Medium,Low,No,7,55,Medium,Yes,3,High,High,Private,Neutral,4,No,High School,Near,Male,71,Average Performer
3324,30,90,High,Medium,No,10,67,High,Yes,2,Medium,Medium,Private,Neutral,6,No,High School,Near,Male,74,Average Performer
3325,20,99,Low,Medium,No,6,91,Medium,Yes,2,Medium,Low,Public,Negative,4,No,High School,Near,Male,70,Average Performer
3326,24,62,Low,High,No,9,70,Low,Yes,2,Low,Medium,Public,Positive,2,No,College,Moderate,Female,63,Average Performer
3327,13,71,Medium,Medium,No,7,98,Medium,Yes,0,Medium,Medium,Public,Positive,3,No,College,Near,Male,64,Average Performer
3328,18,68,Medium,High,Yes,10,85,High,Yes,3,Low,Medium,Public,Neutral,3,No,High School,Near,Male,66,Average Performer
3329,24,60,Medium,Medium,Yes,5,68,Medium,Yes,0,Medium,Low,Public,Neutral,3,No,Postgraduate,Near,Female,64,Average Performer
3330,25,70,High,High,Yes,7,63,Medium,Yes,1,Medium,High,Private,Positive,3,No,College,Moderate,Male,69,Average Performer
3331,18,87,Medium,High,Yes,5,84,Medium,Yes,2,Medium,Low,Private,Positive,4,No,Postgraduate,Near,Male,71,Average Performer
3332,20,69,High,Medium,No,6,65,Medium,Yes,1,Low,Medium,Public,Neutral,2,No,High School,Near,Female,64,Average Performer
3333,11,80,Medium,Medium,Yes,6,96,Low,Yes,1,Low,High,Public,Neutral,3,No,High School,Near,Male,65,Average Performer
3334,18,96,High,Medium,No,7,56,Low,Yes,2,Medium,Medium,Private,Neutral,1,No,College,Near,Female,69,Average Performer
3335,25,88,Medium,High,No,5,51,Medium,Yes,1,Medium,Low,Public,Neutral,1,No,High School,Near,Female,68,Average Performer
3336,23,76,Medium,Medium,Yes,7,61,Medium,Yes,3,Medium,Low,Public,Positive,4,No,High School,Near,Male,68,Average Performer
3337,23,75,High,Medium,Yes,8,80,High,Yes,0,Low,High,Private,Neutral,4,No,High School,Moderate,Female,68,Average Performer
3338,20,78,Low,Medium,Yes,5,92,Low,Yes,1,Medium,Medium,Public,Positive,3,No,High School,Far,Male,65,Average Performer
3339,20,67,High,High,No,6,59,Low,Yes,1,Medium,Medium,Private,Negative,4,No,College,Near,Female,65,Average Performer
3340,16,85,Medium,Low,No,10,79,Low,Yes,1,High,Medium,Private,Neutral,3,No,College,Near,Male,66,Average Performer
3341,24,75,High,Low,No,7,57,Medium,Yes,0,Medium,Medium,Public,Neutral,1,No,Postgraduate,Near,Male,66,Average Performer
3342,23,94,Medium,Low,Yes,4,78,Medium,Yes,2,High,High,Public,Neutral,4,No,High School,Moderate,Male,71,Average Performer
3343,23,90,High,Medium,Yes,5,51,Medium,Yes,0,Low,High,Public,Negative,1,No,High School,Near,Male,68,Average Performer
3344,17,84,Low,Medium,Yes,7,78,Low,Yes,0,High,High,Public,Neutral,5,Yes,College,Moderate,Female,65,Average Performer
3345,7,75,Medium,High,Yes,7,76,Medium,Yes,0,Medium,Low,Private,Positive,4,No,College,Moderate,Female,63,Average Performer
3346,27,68,High,Medium,No,6,52,Medium,Yes,1,Medium,Low,Private,Neutral,5,No,Postgraduate,Far,Female,66,Average Performer
3347,17,91,High,Low,Yes,10,84,Medium,Yes,7,Low,High,Public,Neutral,4,Yes,College,Moderate,Male,71,Average Performer
3348,15,79,Low,Medium,Yes,10,79,Medium,Yes,2,Low,Medium,Private,Neutral,4,No,College,Moderate,Male,65,Average Performer
3349,24,69,Medium,High,Yes,7,81,Low,Yes,3,Medium,Medium,Private,Neutral,4,No,High School,Near,Female,68,Average Performer
3350,18,68,Medium,Medium,Yes,8,76,High,Yes,2,High,Medium,Public,Neutral,3,No,Postgraduate,Near,Male,66,Average Performer
3351,26,67,Low,High,No,8,86,Medium,Yes,2,Low,Medium,Public,Negative,2,Yes,High School,Near,Female,64,Average Performer
3352,24,91,Medium,Low,Yes,9,76,High,Yes,1,Low,Low,Public,Positive,4,No,College,Near,Female,70,Average Performer
3353,24,69,High,Low,Yes,6,96,Medium,Yes,4,High,Medium,Public,Positive,4,No,College,Moderate,Male,70,Average Performer
3354,12,81,Medium,High,No,10,97,Low,Yes,1,Low,,Private,Positive,5,No,High School,Near,Female,66,Average Performer
3355,27,78,Medium,Medium,Yes,7,86,Medium,Yes,3,Medium,,Public,Positive,2,No,High School,Moderate,Female,70,Average Performer
3356,22,83,High,High,No,8,96,Medium,No,2,Medium,High,Public,Positive,0,No,College,Near,Female,71,Average Performer
3357,18,95,Low,High,No,7,96,Medium,Yes,2,Medium,High,Private,Positive,4,Yes,High School,Moderate,Male,70,Average Performer
3358,21,95,Medium,Medium,No,7,63,Medium,Yes,1,Low,Medium,Private,Positive,4,No,Postgraduate,Near,Male,70,Average Performer
3359,9,78,High,Medium,Yes,7,100,Low,Yes,2,Medium,Medium,Public,Positive,2,No,High School,Near,Male,66,Average Performer
3360,22,61,High,Medium,No,5,63,Low,Yes,1,Low,Medium,Public,Positive,3,No,Postgraduate,Near,Male,64,Average Performer
3361,14,77,High,High,No,4,51,Low,Yes,5,Low,Medium,Public,Positive,3,No,College,Moderate,Male,66,Average Performer
3362,12,84,High,Medium,Yes,7,98,High,Yes,1,Low,Medium,Public,Positive,3,No,High School,Near,Female,68,Average Performer
3363,11,82,Low,Low,No,6,61,Low,Yes,2,Medium,Medium,Public,Neutral,2,No,High School,Near,Female,61,Average Performer
3364,27,86,Medium,Medium,Yes,8,79,Medium,Yes,2,Low,High,Private,Positive,4,No,College,Near,Male,72,Average Performer
3365,16,66,High,High,No,8,99,Medium,Yes,1,Low,High,Private,Positive,3,No,High School,Moderate,Male,66,Average Performer
3366,29,86,Low,Low,Yes,7,52,Medium,Yes,1,Low,Medium,Public,Positive,3,No,College,Near,Female,68,Average Performer
3367,17,67,Low,Medium,No,9,63,High,Yes,1,Low,High,Public,Negative,4,No,College,Far,Male,61,Average Performer
3368,10,90,High,Medium,Yes,7,80,Low,Yes,0,Medium,Medium,Public,Neutral,5,No,High School,Near,Female,67,Average Performer
3369,13,74,High,High,Yes,5,88,Low,Yes,3,Low,Medium,Private,Neutral,3,Yes,College,Near,Female,66,Average Performer
3370,27,88,Medium,Medium,Yes,7,90,Medium,Yes,3,Medium,Medium,Public,Positive,4,No,Postgraduate,Moderate,Female,74,Average Performer
3371,19,62,High,Medium,Yes,9,94,Medium,Yes,0,High,Low,Public,Neutral,4,No,Postgraduate,Near,Female,66,Average Performer
3372,17,76,High,Medium,Yes,4,58,Medium,Yes,4,Medium,Medium,Private,Neutral,2,No,Postgraduate,Moderate,Female,67,Average Performer
3373,21,88,High,Low,Yes,7,69,Medium,Yes,4,Medium,Medium,Private,Neutral,3,No,College,Near,Male,71,Average Performer
3374,23,69,High,Low,Yes,8,86,High,Yes,0,Medium,High,Public,Neutral,4,No,College,Far,Male,66,Average Performer
3375,27,92,Medium,Medium,Yes,10,86,High,Yes,0,Low,Low,Private,Positive,3,No,High School,Moderate,Male,71,Average Performer
3376,29,85,High,Medium,Yes,9,65,High,No,4,Low,Medium,Private,Neutral,4,No,Postgraduate,Moderate,Male,72,Average Performer
3377,18,84,Medium,Medium,Yes,7,65,Medium,Yes,2,Medium,Medium,Public,Negative,3,No,High School,Near,Female,66,Average Performer
3378,12,74,High,Low,Yes,8,66,Low,Yes,1,Low,Medium,Public,Positive,2,No,High School,Near,Male,62,Average Performer
3379,18,79,High,Medium,Yes,4,95,Low,Yes,1,Low,High,Public,Negative,2,No,High School,Moderate,Female,66,Average Performer
3380,22,84,Low,High,Yes,5,95,Medium,Yes,2,Low,High,Public,Neutral,3,No,High School,Moderate,Male,69,Average Performer
3381,14,79,Medium,Medium,Yes,8,51,Medium,Yes,0,Medium,High,Public,Negative,4,No,,Near,Male,64,Average Performer
3382,14,88,Medium,Medium,Yes,7,66,Medium,Yes,4,Medium,High,Public,Positive,3,No,High School,Near,Female,69,Average Performer
3383,22,77,High,Low,Yes,7,70,Medium,Yes,2,Medium,Medium,Private,Positive,4,No,Postgraduate,Near,Male,69,Average Performer
3384,20,68,High,Low,Yes,7,99,High,Yes,0,Low,Medium,Public,Positive,2,Yes,College,Moderate,Female,64,Average Performer
3385,20,69,Medium,High,Yes,7,97,Medium,Yes,3,Medium,High,Public,Positive,3,Yes,College,Near,Female,68,Average Performer
3386,15,60,Medium,Medium,Yes,7,81,Low,Yes,4,Low,High,Public,Positive,2,No,High School,Near,Male,63,Average Performer
3387,19,72,High,Medium,Yes,5,52,Low,Yes,1,Low,Medium,Public,Positive,2,No,High School,Near,Male,64,Average Performer
3388,14,90,Medium,High,Yes,7,60,Medium,Yes,2,Medium,Medium,Public,Neutral,4,No,Postgraduate,Near,Male,69,Average Performer
3389,25,92,Low,High,No,5,72,Medium,Yes,1,Medium,Medium,Public,Positive,4,No,High School,Near,Female,71,Average Performer
3390,26,68,Medium,High,No,6,98,Low,Yes,2,Medium,Medium,Private,Neutral,3,No,College,Far,Female,67,Average Performer
3391,9,98,High,Medium,No,9,55,Low,Yes,3,Low,Medium,Public,Positive,2,No,High School,,Male,67,Average Performer
3392,14,80,High,Low,Yes,7,90,High,Yes,2,Low,High,Public,Negative,2,No,College,Far,Female,66,Average Performer
3393,11,97,Medium,High,Yes,8,60,Medium,Yes,0,Medium,Low,Private,Positive,3,No,High School,Near,Male,67,Average Performer
3394,16,88,Low,High,No,7,75,Low,Yes,2,Medium,Medium,Public,Neutral,4,No,Postgraduate,Near,Female,68,Average Performer
3395,19,89,Medium,Medium,Yes,6,88,Low,Yes,1,Medium,High,Public,Positive,2,No,High School,Near,Female,69,Average Performer
3396,11,63,High,High,Yes,5,85,High,No,0,Low,High,Public,Positive,4,Yes,High School,Moderate,Female,62,Average Performer
3397,14,69,Medium,Medium,Yes,6,89,High,Yes,2,High,High,Private,Positive,5,No,High School,Moderate,Female,66,Average Performer
3398,14,60,Medium,Medium,Yes,7,91,Medium,Yes,1,Low,High,Private,Negative,3,No,Postgraduate,Near,Male,63,Average Performer
3399,21,89,Low,Low,Yes,8,65,Medium,Yes,2,Low,Low,Public,Neutral,3,No,College,Near,Female,67,Average Performer
3400,20,74,High,Medium,No,7,68,High,Yes,3,Medium,,Public,Positive,4,No,High School,Far,Male,68,Average Performer
3401,16,91,Medium,Low,No,8,91,Low,Yes,2,Medium,Medium,Public,Neutral,2,No,High School,Far,Female,66,Average Performer
3402,21,74,Medium,Medium,Yes,5,52,Medium,Yes,3,Medium,Medium,Private,Positive,1,No,High School,Near,Male,66,Average Performer
3403,17,93,High,Medium,No,8,76,Low,Yes,0,Low,Medium,Private,Negative,3,No,High School,Moderate,Female,67,Average Performer
3404,18,65,High,Medium,Yes,5,96,Medium,Yes,1,High,Medium,Private,Neutral,2,No,High School,Near,Female,66,Average Performer
3405,30,67,Medium,Medium,Yes,8,94,Medium,Yes,1,Medium,Medium,Public,Neutral,2,No,College,Near,Female,69,Average Performer
3406,28,74,Medium,High,No,8,90,High,Yes,2,Medium,Medium,Public,Positive,3,No,Postgraduate,Near,Male,72,Average Performer
3407,12,76,Medium,Low,Yes,4,51,Medium,Yes,0,Low,Medium,Private,Neutral,1,No,High School,Near,Female,60,Average Performer
3408,25,74,Low,High,Yes,8,94,High,Yes,0,Low,Medium,Public,Positive,4,No,High School,Moderate,Female,68,Average Performer
3409,25,91,Low,Medium,Yes,8,96,Medium,Yes,3,Medium,Medium,Public,Neutral,3,No,High School,Near,Female,72,Average Performer
3410,13,64,Medium,High,Yes,9,83,Low,Yes,1,High,Medium,Public,Positive,4,No,High School,Near,Male,64,Average Performer
3411,25,74,Low,Medium,Yes,6,65,High,Yes,0,High,Medium,Public,Neutral,1,No,High School,Moderate,Male,65,Average Performer
3412,29,93,High,High,No,7,74,Medium,Yes,3,Medium,High,Private,Positive,3,No,High School,Near,Male,76,Top Performer
3413,13,63,Low,Medium,No,8,88,Medium,Yes,0,Low,Medium,Private,Negative,2,No,High School,Near,Male,59,Average Performer
3414,14,98,Medium,Medium,Yes,8,91,Low,Yes,0,Low,Medium,Public,Negative,4,No,High School,Moderate,Male,67,Average Performer
3415,26,99,Medium,Medium,Yes,8,67,Medium,Yes,4,Medium,Medium,Private,Positive,4,Yes,High School,Near,Male,73,Average Performer
3416,22,64,Medium,High,No,6,66,Low,Yes,1,Medium,Medium,Public,Neutral,4,No,College,Near,Male,64,Average Performer
3417,23,72,Medium,High,No,8,87,Low,Yes,3,Medium,Low,Public,Neutral,3,No,High School,Near,Male,67,Average Performer
3418,22,75,High,Medium,Yes,8,84,Low,Yes,3,High,Medium,Public,Negative,3,No,College,Near,Male,69,Average Performer
3419,22,91,Medium,Low,Yes,7,76,Medium,Yes,1,Low,High,Public,Neutral,3,No,College,Moderate,Female,69,Average Performer
3420,12,84,High,High,Yes,6,71,Medium,No,2,Medium,Medium,Public,Positive,3,No,College,Moderate,Male,67,Average Performer
3421,26,86,Medium,High,Yes,6,83,Medium,Yes,2,Low,Medium,Public,Positive,4,No,High School,Near,Male,72,Average Performer
3422,27,90,Low,Medium,No,9,52,Low,No,2,Low,High,Public,Positive,2,Yes,College,Near,Male,86,Top Performer
3423,19,65,Medium,High,Yes,8,54,Medium,Yes,0,Low,High,Private,Neutral,3,No,High School,Far,Female,62,Average Performer
3424,20,93,Medium,Low,No,7,79,Medium,Yes,1,Medium,Low,Public,Neutral,3,No,Postgraduate,Near,Female,69,Average Performer
3425,11,88,High,High,Yes,7,61,Low,Yes,2,Medium,Medium,Public,Neutral,3,No,Postgraduate,Near,Male,68,Average Performer
3426,23,83,High,High,Yes,4,89,Low,Yes,1,Medium,Medium,Public,Negative,3,No,High School,Far,Male,99,Top Performer
3427,23,96,Low,Medium,Yes,7,89,Medium,Yes,1,Low,Medium,Private,Positive,3,No,College,Far,Female,70,Average Performer
3428,20,88,Low,Medium,Yes,5,85,Medium,Yes,2,Medium,Medium,Public,Negative,3,No,High School,Near,Male,68,Average Performer
3429,27,68,Medium,Medium,Yes,7,95,Low,Yes,0,Medium,Medium,Public,Positive,4,No,High School,Near,Male,67,Average Performer
3430,18,77,High,Medium,Yes,9,57,Low,Yes,1,Low,High,Public,Negative,2,No,Postgraduate,Near,Male,66,Average Performer
3431,23,80,Low,High,No,6,63,Low,Yes,0,High,Medium,Private,Positive,2,No,High School,Near,Male,66,Average Performer
3432,14,62,Medium,High,Yes,7,63,Medium,Yes,2,Low,Medium,Public,Positive,2,No,College,Moderate,Female,62,Average Performer
3433,20,98,Medium,Medium,Yes,8,89,High,Yes,3,High,Medium,Public,Negative,2,Yes,College,Near,Male,72,Average Performer
3434,19,65,Medium,High,Yes,7,76,Medium,No,0,Medium,Medium,Public,Neutral,3,No,Postgraduate,Near,Female,64,Average Performer
3435,21,88,Medium,Medium,Yes,6,63,Low,Yes,1,Medium,Medium,Public,Neutral,3,No,High School,Near,Female,68,Average Performer
3436,18,80,Medium,High,Yes,7,57,Medium,Yes,2,Low,Low,Public,Positive,3,No,Postgraduate,Far,Female,66,Average Performer
3437,19,61,Medium,High,Yes,8,95,High,Yes,4,Medium,Medium,Private,Positive,3,No,College,Near,Male,68,Average Performer
3438,25,97,Low,High,Yes,7,85,High,Yes,3,High,Medium,Public,Neutral,1,No,Postgraduate,Near,Male,75,Top Performer
3439,17,94,Low,Low,No,7,76,High,Yes,3,Low,High,Public,Neutral,3,Yes,College,Far,Male,67,Average Performer
3440,10,81,Low,Medium,Yes,9,98,Medium,Yes,2,Low,Medium,Public,Neutral,2,No,College,Near,Male,65,Average Performer
3441,30,69,Medium,Medium,No,8,92,Medium,Yes,2,Medium,Low,Public,Neutral,3,No,High School,Near,Female,68,Average Performer
3442,28,65,Medium,Medium,Yes,5,59,High,Yes,2,Low,Medium,Private,Neutral,5,No,High School,Near,Male,67,Average Performer
3443,12,75,Medium,Medium,Yes,8,75,High,Yes,1,Low,Medium,Private,Negative,2,No,College,Near,Female,63,Average Performer
3444,24,70,Medium,High,Yes,8,74,Low,Yes,2,Medium,High,Public,Negative,3,No,High School,Near,Male,67,Average Performer
3445,17,80,Medium,Medium,Yes,5,92,Medium,Yes,0,Low,Medium,Private,Negative,4,No,Postgraduate,Near,Female,67,Average Performer
3446,22,99,Medium,Medium,Yes,4,57,High,Yes,2,Medium,High,Public,Positive,3,No,College,Near,Female,73,Average Performer
3447,22,83,Medium,Medium,Yes,5,73,High,No,0,Low,Medium,Public,Positive,3,No,High School,Near,Male,67,Average Performer
3448,19,96,Medium,Medium,No,7,82,Medium,Yes,1,High,Medium,Public,Neutral,4,No,Postgraduate,Near,Male,71,Average Performer
3449,15,86,Low,Medium,No,9,97,Medium,Yes,2,Medium,Medium,Public,Negative,4,No,High School,Near,Male,67,Average Performer
3450,16,79,High,Low,Yes,6,95,Medium,Yes,0,High,Medium,Public,Neutral,5,No,College,Near,Male,68,Average Performer
3451,15,94,Low,Low,Yes,8,77,Medium,Yes,1,High,High,Private,Positive,1,No,College,Near,Male,68,Average Performer
3452,15,79,High,Medium,Yes,4,80,Medium,Yes,1,High,Medium,Private,Negative,4,No,High School,Far,Male,66,Average Performer
3453,20,95,High,Low,Yes,7,93,Low,No,0,Low,High,Public,Neutral,2,No,High School,Near,Male,68,Average Performer
3454,16,72,Medium,Low,No,6,87,Medium,No,2,Medium,Low,Private,Positive,4,No,High School,Near,Female,63,Average Performer
3455,24,65,High,High,No,10,94,Medium,Yes,2,Medium,Medium,Public,Neutral,2,No,Postgraduate,Moderate,Male,68,Average Performer
3456,29,94,Low,High,Yes,4,95,Medium,Yes,1,Medium,Medium,Public,Positive,5,No,High School,Near,Male,74,Average Performer
3457,17,83,Low,Medium,Yes,7,92,Low,Yes,3,Low,Medium,Public,Neutral,2,Yes,,Moderate,Male,65,Average Performer
3458,21,96,Medium,Medium,Yes,4,50,Medium,Yes,1,Low,Low,Private,Positive,2,No,Postgraduate,Moderate,Male,69,Average Performer
3459,23,98,Medium,High,No,6,66,Medium,Yes,1,Low,Medium,Public,Neutral,1,No,High School,Moderate,Male,70,Average Performer
3460,23,62,Medium,Low,Yes,4,70,High,Yes,3,Medium,High,Public,Positive,2,No,College,Moderate,Female,65,Average Performer
3461,20,80,Medium,Medium,No,10,84,Medium,Yes,1,Medium,Medium,Public,Positive,4,No,College,Near,Male,68,Average Performer
3462,24,75,Low,Medium,No,6,65,Medium,No,0,Medium,Medium,Public,Positive,5,No,College,Moderate,Male,65,Average Performer
3463,23,85,Medium,High,No,7,66,Low,No,0,High,High,Public,Neutral,2,No,College,Near,Male,68,Average Performer
3464,13,92,Medium,High,Yes,7,70,Low,Yes,4,Low,Medium,Public,Neutral,3,No,High School,Near,Male,68,Average Performer
3465,25,71,Medium,Medium,Yes,5,98,Low,Yes,0,Low,Medium,Public,Positive,1,No,Postgraduate,Far,Male,66,Average Performer
3466,25,82,High,Medium,No,9,72,High,Yes,0,High,Medium,Public,Positive,0,No,College,Near,Female,70,Average Performer
3467,15,88,Medium,Medium,No,8,57,Medium,Yes,1,High,Medium,Private,Positive,2,No,High School,Far,Male,66,Average Performer
3468,20,65,Medium,High,Yes,8,50,Medium,Yes,0,Low,Medium,Public,Positive,5,No,High School,Near,Male,64,Average Performer
3469,24,93,Medium,High,No,5,62,Medium,Yes,1,Low,Medium,Public,Neutral,1,No,College,Near,Female,70,Average Performer
3470,19,84,High,Medium,No,9,97,Low,Yes,1,High,Medium,Public,Negative,3,Yes,High School,Near,Male,68,Average Performer
3471,26,98,Low,High,Yes,9,98,Low,Yes,4,Low,Low,Public,Positive,2,No,College,Moderate,Male,74,Average Performer
3472,34,74,High,Low,Yes,7,76,Medium,Yes,2,Low,High,Public,Positive,2,No,College,Near,Female,71,Average Performer
3473,15,64,Medium,Medium,Yes,8,82,Low,Yes,0,Low,Medium,Public,Negative,3,No,High School,Near,Male,61,Average Performer
3474,12,80,Medium,Low,No,7,90,Medium,Yes,3,Low,Medium,Public,Neutral,3,No,High School,Near,Female,64,Average Performer
3475,22,63,High,Low,No,5,53,High,Yes,2,High,Medium,Public,Neutral,1,No,Postgraduate,Moderate,Male,64,Average Performer
3476,24,99,High,Medium,Yes,7,69,Medium,Yes,0,Medium,Medium,Private,Positive,3,No,High School,Near,Male,73,Average Performer
3477,19,62,Medium,High,Yes,6,82,Medium,Yes,0,Low,High,Public,Negative,3,Yes,College,Moderate,Male,62,Average Performer
3478,29,90,Low,Medium,Yes,7,95,Medium,Yes,0,High,High,Public,Neutral,2,Yes,High School,Near,Male,71,Average Performer
3479,12,81,High,Medium,Yes,9,86,Medium,Yes,2,Medium,High,Public,Negative,2,No,Postgraduate,Near,Male,68,Average Performer
3480,24,75,Medium,Low,Yes,5,68,High,Yes,2,Medium,Medium,Public,Neutral,2,No,Postgraduate,Near,Male,67,Average Performer
3481,16,63,Medium,Medium,No,6,95,High,Yes,1,Medium,,Public,Negative,4,No,College,Far,Female,63,Average Performer
3482,30,85,Low,Medium,No,6,83,Medium,Yes,2,Medium,Medium,Public,Positive,3,No,College,Near,Female,71,Average Performer
3483,32,83,Medium,Medium,Yes,6,92,Low,Yes,1,High,Medium,Public,Neutral,3,No,High School,Near,Male,72,Average Performer
3484,15,71,High,Medium,No,6,69,High,No,3,Medium,High,Public,Positive,3,No,Postgraduate,Moderate,Female,66,Average Performer
3485,17,96,Medium,Medium,Yes,7,50,Low,Yes,1,Medium,Medium,Private,Negative,4,No,High School,Near,Female,67,Average Performer
3486,25,72,High,Medium,Yes,8,58,Medium,Yes,0,Low,Medium,Public,Negative,4,No,College,Moderate,Female,66,Average Performer
3487,18,78,Low,Medium,No,8,96,Medium,Yes,4,High,Medium,Public,Positive,4,Yes,College,Near,Male,68,Average Performer
3488,20,82,Low,Low,Yes,7,52,Low,Yes,0,Medium,Medium,Private,Neutral,3,No,College,Near,Female,64,Average Performer
3489,20,64,Medium,Medium,Yes,8,80,High,Yes,1,Medium,Medium,Private,Positive,3,No,High School,Near,Male,65,Average Performer
3490,8,97,High,Medium,Yes,10,70,High,Yes,0,Low,Low,Public,Neutral,1,No,High School,Near,Male,66,Average Performer
3491,20,75,High,High,Yes,7,71,High,Yes,1,Medium,High,Public,Positive,4,No,College,Moderate,Male,69,Average Performer
3492,16,63,High,High,No,9,70,Low,Yes,2,Medium,High,Private,Negative,5,No,College,Moderate,Female,64,Average Performer
3493,17,75,Low,High,Yes,8,53,Medium,Yes,1,Low,High,Public,Positive,3,No,College,Near,Female,65,Average Performer
3494,29,84,High,Medium,Yes,10,56,High,Yes,3,Low,High,Public,Neutral,4,No,Postgraduate,Far,Female,72,Average Performer
3495,12,81,High,Medium,No,8,53,Low,Yes,1,Medium,High,Private,Positive,3,No,College,Near,Male,65,Average Performer
3496,25,88,Low,High,Yes,6,53,Medium,Yes,2,Medium,High,Public,Negative,4,No,College,Near,Female,70,Average Performer
3497,18,62,Medium,Medium,Yes,7,54,Medium,Yes,2,Medium,High,Private,Positive,3,No,Postgraduate,Moderate,Male,64,Average Performer
3498,18,71,Medium,Low,Yes,7,85,Low,Yes,1,Low,Low,Public,Neutral,2,No,High School,Moderate,Male,62,Average Performer
3499,25,93,Medium,High,No,8,56,High,Yes,0,Low,Low,Private,Neutral,3,No,High School,Near,Male,69,Average Performer
3500,22,63,High,Low,No,6,63,Low,Yes,1,Medium,Low,Public,Negative,2,No,Postgraduate,Moderate,Male,62,Average Performer
3501,23,94,Low,Low,Yes,9,83,Medium,Yes,2,Low,Medium,Private,Positive,2,No,High School,Near,Female,69,Average Performer
3502,26,64,Medium,High,No,7,56,Medium,Yes,3,Medium,Medium,Public,Positive,3,No,High School,,Male,66,Average Performer
3503,18,93,Medium,High,Yes,8,96,Medium,Yes,2,Medium,Low,Public,Positive,2,No,High School,Moderate,Female,71,Average Performer
3504,16,74,Medium,High,Yes,7,74,Low,Yes,4,Low,Low,Private,Positive,3,No,High School,Near,Male,66,Average Performer
3505,13,84,High,Medium,No,7,98,Medium,No,0,Low,Low,Public,Neutral,4,Yes,High School,Near,Male,64,Average Performer
3506,15,66,Medium,High,Yes,7,60,High,Yes,2,High,Medium,Private,Negative,3,No,High School,Moderate,Female,63,Average Performer
3507,38,63,Medium,High,No,8,52,High,Yes,1,Medium,Medium,Private,Positive,3,No,College,Moderate,Male,69,Average Performer
3508,27,69,High,High,Yes,10,80,Medium,No,1,Medium,High,Public,Positive,4,Yes,High School,Near,Female,68,Average Performer
3509,12,65,High,High,Yes,4,66,Medium,Yes,0,Medium,High,Public,Neutral,2,No,High School,Near,Female,63,Average Performer
3510,12,72,Medium,Medium,Yes,8,79,High,Yes,1,High,Medium,Public,Positive,3,No,College,Far,Male,64,Average Performer
3511,23,81,Medium,Low,Yes,7,74,Medium,Yes,0,Low,Medium,Public,Neutral,0,No,Postgraduate,Near,Female,66,Average Performer
3512,23,84,Medium,High,Yes,7,73,Medium,Yes,1,High,Medium,Public,Positive,4,No,High School,Near,Male,71,Average Performer
3513,23,92,High,Medium,Yes,4,93,High,Yes,0,High,Medium,Public,Negative,4,No,High School,Near,Female,72,Average Performer
3514,18,86,High,Medium,No,8,60,Medium,Yes,2,Low,High,Private,Neutral,1,No,College,Near,Male,88,Top Performer
3515,19,84,Medium,High,Yes,7,75,Low,Yes,1,Low,Medium,Public,Negative,2,No,College,Far,Male,66,Average Performer
3516,22,76,Medium,Medium,Yes,6,71,Medium,Yes,0,Low,High,Private,Neutral,2,No,High School,Moderate,Male,65,Average Performer
3517,21,79,Low,Medium,Yes,7,84,Low,Yes,2,Medium,Medium,Private,Neutral,3,No,High School,Near,Male,66,Average Performer
3518,7,77,Low,Medium,Yes,7,53,High,Yes,4,Low,Medium,Private,Positive,2,No,College,Moderate,Female,62,Average Performer
3519,19,94,Medium,Low,No,4,76,Medium,Yes,4,Low,High,Private,Negative,3,No,High School,Moderate,Female,68,Average Performer
3520,15,69,Medium,Medium,Yes,7,74,High,Yes,2,Low,Medium,Private,Neutral,5,No,Postgraduate,Near,Female,65,Average Performer
3521,21,60,Low,High,No,8,99,Low,Yes,0,Low,Low,Private,Positive,3,No,High School,Near,Male,62,Average Performer
3522,38,86,High,Medium,No,6,88,High,Yes,1,Low,High,Public,Negative,4,No,High School,Moderate,Female,74,Average Performer
3523,22,68,Medium,Low,Yes,7,58,Medium,Yes,0,Medium,Medium,Public,Neutral,3,No,Postgraduate,Near,Male,64,Average Performer
3524,18,96,High,High,No,7,75,High,Yes,2,Medium,High,Public,Negative,2,No,,Near,Male,72,Average Performer
3525,26,94,Medium,Medium,No,9,89,Medium,Yes,0,Low,Medium,Public,Neutral,3,Yes,High School,Near,Female,70,Average Performer
3526,23,63,High,Medium,No,7,76,Medium,Yes,2,Medium,High,Public,Positive,1,No,High School,Far,Male,65,Average Performer
3527,23,64,Medium,High,Yes,8,68,Low,Yes,3,Low,High,Public,Neutral,3,No,High School,Near,Female,66,Average Performer
3528,24,80,Medium,Medium,Yes,7,69,Low,Yes,0,Medium,High,Private,Positive,3,No,College,Far,Male,67,Average Performer
3529,32,84,Medium,High,Yes,10,68,Medium,Yes,1,Low,Medium,Public,Positive,5,No,High School,Near,Male,73,Average Performer
3530,13,71,Medium,High,Yes,6,51,Low,Yes,4,High,Medium,Public,Positive,4,No,College,Moderate,Female,65,Average Performer
3531,23,89,High,High,No,6,87,Medium,Yes,4,Medium,High,Private,Neutral,3,No,College,Near,Female,74,Average Performer
3532,14,84,Medium,Medium,No,7,81,Medium,Yes,0,High,Medium,Public,Neutral,2,No,College,Near,Female,66,Average Performer
3533,23,73,Medium,Medium,No,6,63,Medium,Yes,1,High,Medium,Public,Positive,3,No,High School,Near,Male,67,Average Performer
3534,14,61,Medium,Medium,No,5,82,Low,No,0,Low,Medium,Public,Neutral,0,No,High School,Near,Female,58,Average Performer
3535,17,90,High,High,No,8,65,Medium,Yes,2,Low,High,Public,Positive,3,No,Postgraduate,Moderate,Male,71,Average Performer
3536,18,69,Low,High,Yes,4,62,High,Yes,1,Medium,Low,Public,Neutral,3,No,High School,Moderate,Male,63,Average Performer
3537,26,93,Low,High,No,6,87,Medium,Yes,1,Medium,High,Public,Positive,3,No,College,Near,Female,73,Average Performer
3538,26,77,High,Medium,Yes,5,90,Medium,Yes,1,Medium,Medium,Private,Neutral,2,No,High School,Far,Female,68,Average Performer
3539,13,83,Low,Medium,Yes,7,81,Medium,Yes,4,Low,Medium,Public,Negative,5,No,College,Near,Female,66,Average Performer
3540,20,95,Low,Medium,No,4,89,Medium,Yes,3,Low,Medium,Public,Negative,3,Yes,High School,Near,Male,68,Average Performer
3541,16,95,Medium,Low,No,8,68,Low,No,2,Medium,High,Public,Neutral,4,No,High School,Near,Female,66,Average Performer
3542,12,75,Medium,High,No,8,54,Low,Yes,1,Medium,High,Public,Negative,3,No,High School,Near,Female,62,Average Performer
3543,19,68,Medium,Medium,Yes,5,80,Medium,Yes,0,Medium,Medium,Public,Neutral,3,Yes,High School,Moderate,Male,78,Top Performer
3544,18,91,Medium,Medium,No,7,63,Medium,Yes,1,Medium,Medium,Public,Negative,4,No,College,Near,Male,68,Average Performer
3545,35,77,High,High,Yes,8,89,Medium,Yes,5,High,Medium,Public,Positive,4,No,College,Near,Female,77,Top Performer
3546,23,68,High,Low,Yes,8,68,Medium,Yes,1,Medium,Medium,Public,Neutral,2,No,College,Near,Male,65,Average Performer
3547,12,96,High,High,Yes,5,84,Low,Yes,3,High,Medium,Public,Positive,4,No,Postgraduate,Near,Female,73,Average Performer
3548,17,68,Medium,Low,Yes,5,78,Medium,Yes,4,Low,Low,Public,Positive,2,No,College,Near,Male,64,Average Performer
3549,26,61,Low,High,Yes,9,91,Medium,No,0,High,High,Private,Positive,4,No,College,Near,Female,67,Average Performer
3550,33,61,High,Medium,No,6,92,Medium,Yes,1,Medium,Medium,Public,Positive,4,No,High School,Near,Female,69,Average Performer
3551,10,85,Low,Low,Yes,6,53,High,Yes,1,Low,Medium,Private,Neutral,3,Yes,High School,Moderate,Male,60,Average Performer
3552,9,86,High,Medium,No,8,65,High,Yes,0,Medium,Medium,Public,Positive,3,No,College,Near,Female,66,Average Performer
3553,31,72,Low,High,Yes,5,94,High,Yes,2,Low,Low,Public,Positive,2,No,High School,Near,Male,70,Average Performer
3554,22,73,High,Medium,Yes,7,70,Low,No,2,Low,Medium,Public,Positive,3,No,College,Near,Male,66,Average Performer
3555,15,74,High,Medium,Yes,8,76,Medium,Yes,1,Medium,Low,Public,Neutral,4,No,High School,Far,Male,64,Average Performer
3556,23,87,Medium,High,No,5,59,Medium,Yes,1,High,Low,Public,Neutral,4,No,College,Near,Male,70,Average Performer
3557,4,62,Medium,Medium,No,6,78,High,Yes,3,High,,Public,Neutral,2,No,High School,Far,Female,58,Average Performer
3558,20,97,Medium,High,Yes,5,63,Medium,Yes,0,Low,,Public,Negative,3,No,College,Far,Female,69,Average Performer
3559,22,69,Medium,Medium,Yes,6,91,Low,Yes,0,High,High,Private,Neutral,1,Yes,High School,Moderate,Male,64,Average Performer
3560,26,100,Low,Medium,No,9,60,Medium,Yes,2,Medium,Medium,Public,Positive,4,No,High School,Near,Male,72,Average Performer
3561,14,67,Medium,Medium,Yes,9,68,Low,Yes,1,Low,Medium,Public,Neutral,3,Yes,High School,Near,Male,60,Average Performer
3562,21,91,Medium,Medium,Yes,7,55,High,Yes,2,High,Medium,Private,Neutral,3,No,High School,Near,Female,70,Average Performer
3563,14,69,Medium,Low,Yes,8,79,Medium,Yes,1,High,Medium,Public,Negative,1,No,Postgraduate,Moderate,Female,62,Average Performer
3564,22,63,Medium,Medium,Yes,8,97,Medium,Yes,1,High,High,Public,Neutral,3,No,High School,Moderate,Female,66,Average Performer
3565,15,95,Medium,Medium,Yes,6,59,Low,Yes,0,Medium,,Private,Positive,5,No,High School,Far,Female,66,Average Performer
3566,18,94,Low,Medium,Yes,7,51,Medium,Yes,1,Low,Medium,Public,Neutral,3,Yes,College,Moderate,Male,65,Average Performer
3567,14,76,High,Medium,Yes,5,71,Medium,Yes,1,Low,Medium,Public,Negative,3,No,High School,Near,Male,64,Average Performer
3568,24,88,High,Medium,Yes,6,87,Medium,Yes,1,High,Low,Private,Positive,3,No,High School,Near,Female,72,Average Performer
3569,25,82,Medium,Medium,Yes,7,99,High,Yes,3,Low,High,Public,Neutral,2,No,High School,Near,Female,71,Average Performer
3570,19,94,Low,High,No,5,53,Medium,Yes,1,Medium,Medium,Public,Neutral,3,No,High School,Near,Female,68,Average Performer
3571,20,73,High,Medium,Yes,5,89,Medium,Yes,2,Medium,High,Public,Positive,5,Yes,High School,Moderate,Female,68,Average Performer
3572,11,81,Low,Medium,Yes,6,68,High,Yes,2,High,Medium,Private,Negative,3,No,Postgraduate,Far,Female,64,Average Performer
3573,18,79,Low,Medium,Yes,9,58,Medium,Yes,3,Medium,High,Public,Negative,3,No,High School,Near,Female,65,Average Performer
3574,20,74,Medium,High,Yes,9,60,Medium,No,1,Low,Medium,Public,Positive,3,No,High School,Moderate,Female,64,Average Performer
3575,36,96,Medium,Low,No,7,96,Medium,Yes,1,Low,High,Public,Positive,3,No,College,Moderate,Female,75,Top Performer
3576,13,67,Low,Medium,Yes,8,90,Medium,Yes,2,Low,Medium,Private,Negative,2,No,High School,Near,Male,61,Average Performer
3577,29,66,High,High,No,6,66,Medium,Yes,0,Medium,Medium,Private,Negative,3,No,Postgraduate,Near,Male,68,Average Performer
3578,26,83,Medium,Medium,No,4,97,Low,Yes,2,Low,High,Public,Negative,4,No,College,Moderate,Male,70,Average Performer
3579,22,86,High,Medium,No,6,55,Medium,Yes,5,High,Low,Private,Negative,3,No,Postgraduate,Near,Female,71,Average Performer
3580,31,68,Low,High,Yes,7,66,Low,Yes,0,Low,Medium,Public,Positive,3,No,High School,Near,Male,66,Average Performer
3581,22,76,High,Low,Yes,7,83,Low,Yes,0,Low,Medium,Public,Positive,1,No,College,Near,Male,66,Average Performer
3582,22,98,Medium,Medium,Yes,7,100,Low,Yes,0,Low,Medium,Public,Neutral,3,No,High School,Far,Male,70,Average Performer
3583,20,70,Low,Medium,No,7,73,Medium,Yes,0,Low,Medium,Public,Negative,5,No,High School,Near,Female,62,Average Performer
3584,27,87,High,Low,Yes,6,91,Low,Yes,4,High,Medium,Public,Neutral,4,No,High School,Moderate,Male,72,Average Performer
3585,27,90,High,Medium,No,8,96,High,Yes,0,Medium,Medium,Public,Negative,4,No,High School,Moderate,Male,72,Average Performer
3586,16,78,Low,Medium,Yes,5,50,Medium,Yes,2,Low,Medium,Private,Positive,2,No,College,Moderate,Male,63,Average Performer
3587,12,98,High,Low,Yes,8,64,Medium,No,5,Low,Medium,Public,Neutral,5,No,College,Near,Female,69,Average Performer
3588,19,89,Medium,Medium,Yes,6,55,Medium,Yes,0,Medium,High,Public,Positive,2,No,Postgraduate,Moderate,Male,68,Average Performer
3589,15,78,High,High,Yes,10,89,Low,Yes,0,Medium,Medium,Public,Neutral,3,No,High School,Near,Male,67,Average Performer
3590,20,83,High,High,Yes,7,78,High,Yes,3,Low,Medium,Private,Neutral,2,No,College,Near,Female,71,Average Performer
3591,27,88,Low,Medium,Yes,6,55,Low,No,2,Low,Medium,Public,Positive,5,No,High School,Far,Male,67,Average Performer
3592,17,84,Low,Low,Yes,6,71,Low,Yes,0,Medium,Medium,Private,Negative,4,Yes,High School,Near,Male,62,Average Performer
3593,20,95,Medium,Medium,No,6,76,Medium,Yes,0,Low,High,Private,Positive,4,No,High School,Moderate,Female,69,Average Performer
3594,20,74,High,Medium,Yes,8,85,Medium,Yes,2,Low,Medium,Public,Positive,0,No,High School,Near,Male,67,Average Performer
3595,25,72,Medium,High,Yes,7,89,Medium,Yes,2,Low,High,Public,Positive,3,No,Postgraduate,Near,Female,71,Average Performer
3596,7,69,Medium,High,Yes,8,54,High,Yes,1,Medium,High,Public,Positive,2,No,High School,Far,Male,87,Top Performer
3597,16,62,Low,Medium,No,8,74,Medium,Yes,2,High,High,Private,Neutral,3,No,High School,Moderate,Male,62,Average Performer
3598,21,62,High,Low,Yes,7,58,Medium,Yes,2,Low,High,Public,Positive,1,No,College,Near,Female,64,Average Performer
3599,27,95,Medium,High,No,8,88,High,Yes,3,Medium,Medium,Private,Positive,2,No,High School,Far,Female,74,Average Performer
3600,17,87,High,High,Yes,9,83,Medium,Yes,0,Low,High,Public,Neutral,2,No,College,Moderate,Male,69,Average Performer
3601,9,86,High,Medium,No,8,86,Medium,Yes,1,Low,High,Public,Neutral,1,No,High School,Near,Male,65,Average Performer
3602,24,85,Low,Medium,Yes,7,54,Medium,No,2,Medium,Low,Public,Neutral,3,No,College,Moderate,Female,66,Average Performer
3603,16,94,Medium,Medium,Yes,8,76,Low,Yes,3,Medium,Medium,Public,Negative,4,No,Postgraduate,Near,Female,70,Average Performer
3604,13,79,High,High,No,5,92,Medium,Yes,3,Medium,Medium,Public,Neutral,3,No,High School,Near,Male,68,Average Performer
3605,16,95,Low,Low,No,10,86,Medium,Yes,4,High,Medium,Public,Positive,2,No,College,Near,Female,70,Average Performer
3606,19,74,High,High,No,8,93,High,Yes,1,Medium,Medium,Public,Negative,3,No,High School,Near,Male,68,Average Performer
3607,16,97,High,Low,Yes,8,60,Medium,Yes,0,Low,High,Public,Positive,3,No,High School,Near,Male,69,Average Performer
3608,7,88,Medium,High,Yes,7,64,Low,Yes,2,Medium,High,Public,Neutral,4,No,Postgraduate,Moderate,Male,66,Average Performer
3609,25,70,Medium,Medium,Yes,4,72,Medium,Yes,0,Low,Low,Public,Neutral,4,No,College,Moderate,Male,65,Average Performer
3610,28,83,Medium,Medium,Yes,7,76,Medium,Yes,1,Medium,Medium,Public,Positive,3,No,College,Near,Male,71,Average Performer
3611,24,81,Medium,Low,Yes,7,63,Medium,Yes,1,Low,Medium,Public,Positive,3,No,High School,Moderate,Male,66,Average Performer
3612,13,66,Low,Medium,Yes,6,69,Low,Yes,2,Low,Medium,Private,Positive,4,No,High School,Near,Male,61,Average Performer
3613,19,84,Medium,Medium,Yes,6,84,Medium,Yes,3,Medium,High,Public,Neutral,2,No,Postgraduate,Moderate,Male,69,Average Performer
3614,20,73,Medium,Medium,No,6,82,Low,Yes,1,Medium,High,Private,Negative,3,No,College,Near,Male,65,Average Performer
3615,24,62,Medium,Medium,Yes,8,56,Medium,Yes,0,Medium,Medium,Private,Positive,2,No,College,Moderate,Male,63,Average Performer
3616,24,98,Medium,Low,Yes,9,99,High,Yes,2,Low,High,Public,Neutral,2,No,Postgraduate,Far,Female,73,Average Performer
3617,16,86,High,Medium,Yes,7,78,Low,Yes,1,Low,Medium,Private,Positive,4,No,Postgraduate,Moderate,Male,68,Average Performer
3618,20,95,Medium,Medium,Yes,6,74,Medium,Yes,1,High,Low,Public,Positive,4,No,High School,Far,Female,70,Average Performer
3619,23,87,Medium,Medium,Yes,6,98,Medium,Yes,3,Medium,Medium,Public,Neutral,3,No,College,Near,Male,72,Average Performer
3620,29,74,High,Medium,Yes,7,57,Medium,No,3,Medium,Medium,Private,Positive,2,No,High School,Moderate,Male,68,Average Performer
3621,24,81,Medium,Medium,No,7,77,Medium,Yes,0,High,Medium,Private,Positive,3,No,High School,Near,Male,68,Average Performer
3622,25,87,High,Medium,Yes,8,90,Medium,Yes,1,Low,Medium,Public,Negative,4,No,High School,Near,Female,71,Average Performer
3623,21,98,Low,Low,Yes,6,70,Medium,Yes,1,Medium,Medium,Public,Positive,3,No,High School,Moderate,Male,68,Average Performer
3624,28,70,High,Low,Yes,8,87,High,Yes,3,Low,Medium,Public,Neutral,3,No,Postgraduate,Moderate,Male,70,Average Performer
3625,22,95,Medium,Low,Yes,8,95,Medium,No,2,Low,High,Private,Neutral,4,No,High School,Near,Female,70,Average Performer
3626,15,97,High,Medium,Yes,6,63,Low,Yes,2,Medium,Medium,Public,Neutral,3,No,High School,Near,Female,69,Average Performer
3627,28,87,High,Medium,Yes,4,62,High,Yes,2,Low,High,Public,Positive,4,No,High School,Near,Female,73,Average Performer
3628,24,97,Medium,Medium,Yes,6,68,Low,Yes,1,Medium,High,Public,Neutral,4,No,College,Near,Male,72,Average Performer
3629,17,76,Medium,High,No,9,71,Medium,Yes,0,Medium,High,Public,Neutral,3,No,Postgraduate,Near,Male,67,Average Performer
3630,17,98,High,Medium,No,4,56,Medium,Yes,2,Low,Low,Private,Positive,3,No,High School,Near,Female,69,Average Performer
3631,22,88,Low,Medium,Yes,9,62,Medium,Yes,1,High,Medium,Private,Negative,3,No,College,Near,Male,68,Average Performer
3632,23,62,High,Low,No,4,94,Medium,Yes,0,Medium,Low,Private,Positive,3,No,Postgraduate,Far,Female,64,Average Performer
3633,21,96,Low,High,Yes,6,78,Low,Yes,2,Medium,High,Private,Neutral,3,No,High School,Moderate,Female,71,Average Performer
3634,22,79,High,Medium,Yes,6,63,Medium,Yes,1,Medium,High,Public,Neutral,4,No,High School,Near,Female,68,Average Performer
3635,30,78,Medium,High,Yes,10,97,Medium,Yes,1,Low,Low,Private,Positive,2,No,High School,Far,Male,70,Average Performer
3636,26,83,Medium,High,Yes,7,89,Medium,Yes,3,Low,Medium,Private,Positive,3,No,High School,Moderate,Male,72,Average Performer
3637,21,66,Low,High,Yes,7,68,High,Yes,2,Low,Medium,Public,Positive,1,No,High School,Near,Female,65,Average Performer
3638,26,79,Medium,High,No,6,88,Medium,Yes,1,Low,High,Public,Positive,3,Yes,College,Near,Male,70,Average Performer
3639,14,93,Medium,Medium,No,8,80,Low,Yes,2,Low,Medium,Private,Positive,4,No,Postgraduate,Near,Male,69,Average Performer
3640,22,61,Medium,Medium,No,6,84,Low,Yes,0,Medium,Medium,Public,Positive,2,No,Postgraduate,Near,Male,64,Average Performer
3641,31,71,Low,High,Yes,7,66,Medium,Yes,3,Low,Medium,Private,Negative,1,No,High School,Near,Male,67,Average Performer
3642,19,60,High,High,Yes,6,60,High,Yes,1,Low,Medium,Public,Positive,2,No,College,Near,Male,65,Average Performer
3643,15,77,Low,Medium,Yes,8,63,Medium,Yes,0,Medium,Medium,Public,Neutral,1,No,High School,Near,Female,62,Average Performer
3644,16,89,High,Medium,No,8,54,Medium,Yes,2,Low,High,Private,Positive,2,No,College,Moderate,Male,68,Average Performer
3645,13,92,Medium,High,No,6,74,High,Yes,2,Low,Medium,Private,Neutral,2,No,College,Near,Male,68,Average Performer
3646,15,98,Medium,Medium,No,6,70,Low,Yes,1,Medium,High,Private,Positive,3,No,High School,Moderate,Male,68,Average Performer
3647,18,84,Medium,Low,Yes,6,50,Medium,Yes,4,High,High,Private,Negative,3,No,Postgraduate,Near,Male,68,Average Performer
3648,12,70,Medium,Medium,Yes,7,93,Medium,Yes,1,Low,High,Public,Neutral,4,No,High School,Far,Female,62,Average Performer
3649,20,97,Medium,Low,Yes,8,84,Low,Yes,4,Medium,Medium,Public,Positive,5,No,High School,Near,Female,72,Average Performer
3650,25,91,Low,Medium,No,7,72,Medium,Yes,1,Medium,High,Private,Neutral,3,No,College,Far,Male,69,Average Performer
3651,15,83,Medium,High,No,4,98,Low,Yes,3,Low,High,Public,Positive,3,No,High School,Moderate,Female,68,Average Performer
3652,29,88,Low,Medium,Yes,8,97,Medium,Yes,4,Low,High,Public,Negative,3,Yes,College,Moderate,Male,71,Average Performer
3653,23,97,Low,High,Yes,5,55,Medium,Yes,0,Medium,Low,Public,Neutral,3,No,High School,Moderate,Female,69,Average Performer
3654,26,88,Low,High,No,6,81,Medium,Yes,1,High,Medium,Public,Positive,2,No,High School,Near,Male,71,Average Performer
3655,16,75,Medium,High,Yes,7,91,Low,Yes,2,Low,Low,Public,Positive,5,No,High School,Far,Male,65,Average Performer
3656,25,89,Medium,High,No,7,59,Medium,Yes,1,Low,Medium,Public,Neutral,4,Yes,High School,Near,Male,68,Average Performer
3657,13,62,Medium,Medium,Yes,8,56,Low,Yes,1,Low,High,Public,Positive,4,Yes,High School,Near,Female,60,Average Performer
3658,25,75,Medium,Medium,Yes,6,63,Low,Yes,3,High,Medium,Private,Neutral,4,No,High School,Near,Male,68,Average Performer
3659,21,76,Low,High,No,6,64,Medium,Yes,1,Medium,Medium,Public,Neutral,4,No,High School,Near,Female,66,Average Performer
3660,23,67,Medium,Medium,No,7,98,Low,Yes,4,Low,Medium,Private,Neutral,3,No,High School,Moderate,Male,66,Average Performer
3661,13,61,Medium,Medium,Yes,8,89,Low,Yes,4,Low,Medium,Private,Neutral,4,No,High School,Far,Female,62,Average Performer
3662,15,65,Medium,Medium,No,8,53,Medium,Yes,2,Low,Medium,Public,Negative,3,No,College,Near,Male,61,Average Performer
3663,24,86,High,Medium,No,7,89,Low,Yes,2,Low,Medium,Public,Negative,3,No,Postgraduate,Far,Female,69,Average Performer
3664,14,92,Medium,High,Yes,9,58,High,Yes,1,High,Low,Public,Positive,2,No,High School,Near,Male,69,Average Performer
3665,23,100,Medium,Medium,Yes,9,68,Medium,Yes,4,High,High,Private,Negative,3,No,Postgraduate,Near,Male,74,Average Performer
3666,12,74,Medium,High,Yes,8,66,Low,Yes,1,Low,Medium,Public,Negative,4,No,High School,Near,Female,62,Average Performer
3667,25,84,Medium,Medium,Yes,5,64,Medium,Yes,0,Low,Medium,Public,Negative,3,No,College,Moderate,Female,67,Average Performer
3668,13,97,High,Medium,No,8,65,High,Yes,1,Low,Medium,Private,Positive,2,No,High School,Near,Female,69,Average Performer
3669,23,67,High,Low,Yes,7,88,Medium,Yes,1,Low,Medium,Private,Positive,4,No,High School,Near,Male,66,Average Performer
3670,24,89,Medium,High,Yes,6,63,Medium,Yes,2,High,Medium,Private,Positive,3,No,College,Near,Male,72,Average Performer
3671,16,90,High,Low,No,6,90,Medium,Yes,2,High,Medium,Public,Neutral,3,No,High School,Near,Male,69,Average Performer
3672,23,64,Medium,High,Yes,7,55,Medium,Yes,0,Medium,Medium,Public,Positive,4,No,High School,Moderate,Male,65,Average Performer
3673,22,94,Medium,High,No,6,80,Low,Yes,0,High,Medium,Private,Positive,2,No,Postgraduate,Near,Male,72,Average Performer
3674,17,93,Low,Medium,Yes,7,93,Low,Yes,2,Medium,Medium,Private,Positive,4,No,High School,Near,Male,69,Average Performer
3675,14,61,Medium,High,No,7,54,Medium,Yes,3,Low,Medium,Public,Positive,2,Yes,High School,Near,Female,60,Average Performer
3676,8,64,High,Medium,No,7,82,High,Yes,0,High,Medium,Public,Neutral,1,Yes,Postgraduate,Near,Female,61,Average Performer
3677,22,62,High,Low,No,8,76,Medium,Yes,1,Medium,Low,Public,Neutral,3,No,High School,Near,Male,63,Average Performer
3678,11,73,Medium,Medium,No,7,67,Medium,No,3,Medium,High,Private,Positive,5,Yes,Postgraduate,Near,Male,63,Average Performer
3679,21,80,Medium,Medium,Yes,6,55,High,Yes,1,High,High,Public,Negative,3,No,Postgraduate,Moderate,Male,68,Average Performer
3680,18,81,Medium,Medium,Yes,4,84,Low,Yes,1,Medium,Medium,Private,Positive,4,No,College,Near,Female,68,Average Performer
3681,24,71,High,Medium,No,8,65,Medium,Yes,1,Low,Medium,Private,Negative,2,No,High School,Near,Male,65,Average Performer
3682,18,96,Medium,High,No,7,67,Medium,Yes,1,High,Medium,Public,Positive,2,No,High School,Near,Female,71,Average Performer
3683,18,75,Medium,Medium,Yes,7,86,Low,Yes,1,Low,Medium,Private,Negative,3,No,High School,Near,Male,64,Average Performer
3684,24,62,Medium,Medium,No,9,97,Medium,Yes,1,Medium,Medium,Private,Negative,2,No,Postgraduate,Near,Male,65,Average Performer
3685,22,72,High,Medium,Yes,5,67,Low,Yes,2,Medium,Medium,Public,Neutral,4,No,College,Near,Female,67,Average Performer
3686,22,81,High,Medium,No,7,87,Low,Yes,0,Low,Medium,Public,Neutral,2,No,High School,Near,Female,67,Average Performer
3687,23,76,Low,Medium,Yes,6,98,Medium,Yes,1,Low,High,Public,Neutral,3,No,College,Moderate,Male,67,Average Performer
3688,11,71,Low,Medium,Yes,8,55,Medium,Yes,1,Low,Medium,Public,Negative,3,No,College,Near,Female,87,Top Performer
3689,25,65,High,High,Yes,4,76,High,Yes,1,High,Medium,Private,Neutral,1,No,High School,Moderate,Female,67,Average Performer
3690,24,93,High,Medium,Yes,8,51,High,Yes,4,Medium,Medium,Private,Positive,2,Yes,High School,Near,Male,72,Average Performer
3691,14,100,Medium,Low,Yes,8,91,High,Yes,0,Low,High,Public,Neutral,3,No,High School,Near,Female,69,Average Performer
3692,19,73,Medium,Medium,Yes,6,64,Low,Yes,1,High,Medium,Public,Positive,3,No,College,Moderate,Female,65,Average Performer
3693,20,75,High,Medium,Yes,7,67,Low,Yes,1,Low,Medium,Private,Positive,4,No,High School,Near,Female,66,Average Performer
3694,19,85,High,High,No,6,84,Low,Yes,3,Medium,Medium,Private,Negative,3,No,Postgraduate,Near,Male,70,Average Performer
3695,22,89,High,High,Yes,8,89,Medium,Yes,0,Medium,Medium,Private,Neutral,3,No,High School,Moderate,Male,71,Average Performer
3696,29,76,Medium,High,Yes,8,70,Low,No,1,Low,Low,Public,Neutral,4,No,College,Moderate,Female,67,Average Performer
3697,26,96,High,Medium,No,5,83,Medium,Yes,0,Medium,High,Public,Positive,2,No,High School,Far,Male,72,Average Performer
3698,12,82,Low,Medium,No,5,98,Medium,Yes,0,Low,High,Public,Neutral,1,No,High School,Moderate,Male,63,Average Performer
3699,24,78,High,Low,Yes,9,94,Low,Yes,0,Low,High,Public,Neutral,4,No,High School,Moderate,Female,67,Average Performer
3700,28,86,Low,Medium,No,10,85,Medium,Yes,6,Low,High,Public,Neutral,2,No,High School,Near,Male,72,Average Performer
3701,22,98,Medium,Medium,No,8,97,Low,Yes,1,High,Medium,Private,Positive,1,Yes,Postgraduate,Near,Female,72,Average Performer
3702,27,92,Medium,Medium,No,8,94,Medium,No,1,Low,Medium,Private,Negative,4,No,College,Near,Female,70,Average Performer
3703,32,62,High,Medium,No,7,86,Low,Yes,0,Low,Medium,Public,Positive,2,No,High School,Near,Female,67,Average Performer
3704,26,73,Medium,Medium,No,7,96,High,Yes,0,Medium,High,Private,Neutral,3,No,High School,Near,Female,68,Average Performer
3705,21,79,Low,Medium,Yes,8,91,High,Yes,1,Low,Medium,Public,Positive,3,No,High School,Moderate,Male,67,Average Performer
3706,26,73,High,High,No,7,75,Low,Yes,3,Low,Medium,Public,Positive,5,No,College,Near,Male,70,Average Performer
3707,21,88,Medium,Low,No,9,75,High,No,1,Medium,High,Private,Neutral,2,No,Postgraduate,Moderate,Female,67,Average Performer
3708,20,93,Medium,Medium,Yes,7,50,Medium,Yes,1,High,High,Public,Positive,4,No,College,Near,Male,71,Average Performer
3709,18,89,High,Low,Yes,7,52,Medium,Yes,1,High,High,Public,Positive,3,No,Postgraduate,Near,Female,69,Average Performer
3710,29,100,Medium,Medium,Yes,7,87,Medium,No,3,Low,Medium,Public,Negative,5,No,College,Near,Female,74,Average Performer
3711,15,71,High,Low,No,7,78,Medium,Yes,0,Medium,Medium,Private,Positive,3,No,High School,Near,Male,63,Average Performer
3712,29,95,Medium,Low,Yes,9,88,Medium,Yes,0,Medium,High,Public,Neutral,2,No,High School,Near,Female,72,Average Performer
3713,23,91,High,Low,Yes,7,97,Low,Yes,2,Low,Medium,Public,Neutral,3,No,College,Moderate,Male,71,Average Performer
3714,12,74,High,Medium,No,7,73,Medium,Yes,1,Low,Medium,Public,Neutral,5,No,High School,,Male,64,Average Performer
3715,22,89,Medium,Medium,Yes,7,54,Medium,Yes,1,High,Medium,Public,Positive,3,No,High School,Near,Female,69,Average Performer
3716,7,64,High,High,No,6,81,Medium,Yes,2,Low,Low,Private,Positive,3,No,Postgraduate,Moderate,Female,62,Average Performer
3717,24,92,Medium,Medium,Yes,5,55,Medium,No,1,Medium,Medium,Public,Neutral,4,No,College,Near,Male,69,Average Performer
3718,25,81,High,Low,Yes,9,81,Low,Yes,2,Low,Medium,Public,Neutral,3,No,High School,Near,Male,68,Average Performer
3719,16,72,High,Medium,Yes,9,76,High,Yes,6,Low,Low,Public,Negative,3,No,High School,Near,Male,67,Average Performer
3720,21,86,Medium,Medium,Yes,9,86,High,Yes,2,Medium,Medium,Public,Neutral,3,No,Postgraduate,Near,Male,71,Average Performer
3721,32,86,Medium,Medium,Yes,5,68,Low,Yes,1,Medium,Medium,Public,Negative,4,No,High School,Moderate,Male,70,Average Performer
3722,17,68,High,Medium,No,9,57,Medium,Yes,2,Medium,Low,Public,Neutral,3,No,High School,Moderate,Male,63,Average Performer
3723,14,61,Low,High,No,10,62,Medium,Yes,0,High,Medium,Public,Negative,4,No,College,Moderate,Female,60,Average Performer
3724,29,77,Medium,Medium,No,9,84,Medium,Yes,0,Low,High,Public,Neutral,3,No,College,Near,Female,69,Average Performer
3725,32,83,Medium,Medium,Yes,9,74,Medium,Yes,3,Low,Medium,Public,Neutral,3,No,College,Moderate,Male,71,Average Performer
3726,20,95,Low,Low,Yes,8,77,Medium,Yes,1,High,High,Public,Positive,2,No,High School,Near,Male,69,Average Performer
3727,26,97,High,Low,Yes,6,66,Medium,Yes,2,Medium,Medium,Public,Positive,1,No,College,Near,Female,73,Average Performer
3728,28,81,Medium,High,Yes,8,92,Medium,Yes,1,High,Medium,Public,Positive,3,No,College,Near,Female,73,Average Performer
3729,16,90,Medium,Medium,No,5,100,Medium,Yes,1,Low,Medium,Public,Positive,3,No,High School,Moderate,Female,68,Average Performer
3730,17,78,High,Medium,Yes,6,66,Medium,Yes,2,Low,Medium,Public,Positive,4,No,College,Moderate,Male,67,Average Performer
3731,27,90,Medium,High,No,7,86,High,Yes,2,Medium,Medium,Public,Positive,3,No,College,Moderate,Male,74,Average Performer
3732,30,68,Medium,High,No,7,59,Medium,Yes,3,Low,Medium,Public,Positive,3,No,College,Moderate,Male,68,Average Performer
3733,23,75,High,Medium,No,8,87,Low,Yes,1,Medium,High,Public,Positive,2,No,College,Near,Female,69,Average Performer
3734,15,85,High,Medium,No,4,72,Medium,Yes,4,Low,High,Private,Neutral,4,No,College,Near,Male,69,Average Performer
3735,32,61,High,High,Yes,7,80,Medium,Yes,0,Low,Medium,Public,Positive,4,Yes,College,Moderate,Female,68,Average Performer
3736,17,89,Low,High,No,8,62,Medium,Yes,1,Low,High,Public,Positive,1,No,High School,Moderate,Male,66,Average Performer
3737,18,93,Low,Low,Yes,8,93,Medium,Yes,3,Low,High,Public,Negative,3,No,Postgraduate,Moderate,Male,69,Average Performer
3738,22,76,Medium,Medium,Yes,8,59,Medium,Yes,1,Low,Medium,Public,Positive,2,No,College,Near,Female,66,Average Performer
3739,29,78,Low,Medium,Yes,7,96,High,Yes,5,Low,Medium,Public,Positive,4,No,College,Moderate,Male,72,Average Performer
3740,25,94,Medium,Low,Yes,6,53,Low,Yes,1,Medium,Medium,Public,Negative,3,No,,Near,Female,69,Average Performer
3741,22,91,Medium,Medium,Yes,8,64,Medium,Yes,1,Low,High,Public,Positive,3,Yes,High School,Moderate,Male,68,Average Performer
3742,23,72,Medium,Medium,Yes,7,78,Medium,Yes,1,Low,Medium,Private,Neutral,3,No,High School,Near,Male,66,Average Performer
3743,20,73,Medium,Low,Yes,8,93,High,Yes,1,Low,High,Public,Negative,4,No,High School,Far,Male,65,Average Performer
3744,23,87,Medium,Medium,No,8,79,High,Yes,2,Low,High,Public,Neutral,2,No,Postgraduate,Near,Male,71,Average Performer
3745,5,83,Medium,Medium,Yes,7,61,Medium,Yes,2,Low,Medium,Public,Negative,4,No,High School,Moderate,Male,61,Average Performer
3746,18,66,Low,Medium,Yes,6,93,Medium,Yes,1,Low,Medium,Public,Neutral,3,Yes,College,Near,Female,63,Average Performer
3747,21,72,Medium,High,Yes,9,80,Low,Yes,1,Medium,Medium,Public,Neutral,3,No,High School,Near,Female,66,Average Performer
3748,13,96,Medium,High,No,8,62,Medium,Yes,0,High,Medium,Private,Neutral,2,No,Postgraduate,Near,Male,69,Average Performer
3749,22,88,High,High,Yes,10,78,Medium,Yes,0,Medium,High,Private,Positive,2,No,High School,Moderate,Male,71,Average Performer
3750,19,99,High,Medium,Yes,8,84,High,Yes,0,High,Medium,Public,Positive,4,No,High School,Near,Female,73,Average Performer
3751,31,91,High,Medium,Yes,8,84,Low,Yes,2,Low,Medium,Public,Negative,2,No,High School,Near,Male,72,Average Performer
3752,29,98,Medium,High,No,5,86,Low,Yes,2,Medium,Medium,Private,Negative,4,No,High School,Far,Male,73,Average Performer
3753,17,69,Low,High,Yes,7,95,Medium,Yes,1,Low,High,Private,Positive,2,No,High School,Moderate,Male,65,Average Performer
3754,19,91,Low,High,Yes,7,91,Medium,Yes,1,High,High,Public,Neutral,3,No,High School,Near,Female,71,Average Performer
3755,20,61,High,Medium,Yes,8,80,Medium,Yes,1,Low,High,Public,Positive,3,No,High School,Near,Male,65,Average Performer
3756,17,87,Medium,Medium,No,8,52,Low,Yes,1,Medium,Medium,Public,Positive,5,No,College,Near,Male,67,Average Performer
3757,21,79,Medium,High,Yes,8,87,Medium,Yes,1,Low,High,Public,Neutral,2,No,Postgraduate,Moderate,Male,69,Average Performer
3758,15,74,Low,High,No,10,99,Low,No,0,Low,Medium,Private,Neutral,3,No,College,Moderate,Male,63,Average Performer
3759,13,94,Low,High,Yes,6,65,High,Yes,2,Medium,Medium,Public,Neutral,2,No,Postgraduate,Moderate,Male,68,Average Performer
3760,24,94,High,Low,Yes,8,80,High,No,1,Low,Medium,Public,Neutral,4,No,High School,Near,Female,70,Average Performer
3761,24,61,Medium,Medium,Yes,8,88,Low,Yes,1,Low,Medium,Private,Positive,4,No,High School,Moderate,Female,64,Average Performer
3762,15,84,Medium,Medium,No,10,82,Medium,Yes,1,High,Low,Private,Negative,2,Yes,High School,Near,Male,64,Average Performer
3763,25,75,Low,High,Yes,8,96,High,Yes,1,Low,Medium,Private,Neutral,0,No,College,Near,Male,68,Average Performer
3764,16,77,Medium,High,Yes,8,74,Medium,Yes,0,High,Low,Private,Neutral,2,No,College,Moderate,Female,65,Average Performer
3765,22,93,High,Medium,No,8,77,Medium,Yes,0,High,Medium,Public,Neutral,1,No,High School,,Female,70,Average Performer
3766,25,72,Medium,Medium,Yes,8,52,Low,Yes,0,Medium,Medium,Private,Positive,2,No,Postgraduate,Near,Male,66,Average Performer
3767,20,98,High,Low,Yes,9,95,Low,Yes,1,Low,Medium,Public,Positive,2,No,High School,Moderate,Female,70,Average Performer
3768,23,67,Medium,Medium,Yes,6,63,High,Yes,3,Low,High,Private,Neutral,3,No,High School,Near,Male,66,Average Performer
3769,17,87,Medium,Medium,No,6,99,Medium,Yes,2,Low,Medium,Private,Neutral,2,No,Postgraduate,Near,Male,69,Average Performer
3770,19,87,High,High,No,10,60,High,Yes,2,Medium,Low,Private,Positive,3,No,High School,Moderate,Male,69,Average Performer
3771,19,70,High,High,No,4,63,Medium,Yes,1,Low,Medium,Private,Neutral,3,No,College,Far,Female,64,Average Performer
3772,16,73,Medium,Medium,Yes,7,74,Low,Yes,1,Low,High,Public,Positive,3,No,High School,Moderate,Male,64,Average Performer
3773,19,93,Low,Medium,Yes,7,83,Medium,Yes,1,Medium,Medium,Public,Positive,3,No,High School,Near,Female,69,Average Performer
3774,11,90,Medium,Medium,Yes,7,72,High,Yes,3,Medium,Medium,Public,Negative,3,No,High School,Near,Female,67,Average Performer
3775,17,73,Low,Medium,Yes,9,68,Low,Yes,2,Medium,Medium,Public,Positive,3,Yes,College,Near,Female,63,Average Performer
3776,18,81,Low,High,Yes,8,77,Low,Yes,1,Medium,High,Public,Positive,3,No,College,Moderate,Male,67,Average Performer
3777,18,62,Medium,High,No,6,98,Low,Yes,3,Medium,Medium,Private,Neutral,1,No,College,Near,Male,65,Average Performer
3778,19,68,Medium,Medium,Yes,6,98,Low,Yes,2,Low,Medium,Public,Positive,1,No,High School,Moderate,Female,64,Average Performer
3779,20,79,High,Medium,No,7,66,Low,Yes,3,High,Medium,Public,Negative,3,No,College,Near,Female,68,Average Performer
3780,23,63,Low,Medium,Yes,9,84,High,Yes,0,High,Medium,Public,Neutral,3,No,High School,Near,Female,64,Average Performer
3781,25,94,High,Medium,No,7,86,Low,No,2,Low,Medium,Private,Negative,4,No,College,Moderate,Male,70,Average Performer
3782,16,89,High,Medium,Yes,7,83,High,Yes,0,Low,High,Public,Positive,4,No,Postgraduate,Moderate,Male,70,Average Performer
3783,13,98,High,Low,Yes,6,56,Medium,Yes,1,High,Low,Public,Negative,3,No,College,Moderate,Female,67,Average Performer
3784,14,88,High,High,Yes,8,77,Medium,Yes,2,Medium,Medium,Public,Positive,3,No,College,Far,Male,69,Average Performer
3785,17,98,High,Medium,No,7,88,Medium,Yes,2,Low,High,Private,Negative,4,No,High School,Far,Male,70,Average Performer
3786,18,82,High,High,No,6,60,Medium,Yes,5,Medium,High,Public,Negative,3,No,College,,Male,69,Average Performer
3787,15,84,Medium,Low,Yes,9,67,Medium,Yes,1,Medium,High,Private,Negative,3,No,College,Moderate,Male,65,Average Performer
3788,12,99,Medium,High,Yes,10,60,Medium,Yes,0,Low,Low,Public,Negative,1,No,High School,Moderate,Male,66,Average Performer
3789,17,86,High,High,Yes,7,94,Medium,Yes,2,Medium,Medium,Public,Neutral,3,No,High School,Moderate,Male,70,Average Performer
3790,21,61,Medium,Low,Yes,7,93,Low,Yes,1,Low,High,Private,Negative,5,No,High School,Near,Male,63,Average Performer
3791,24,89,Low,Medium,No,5,58,Medium,Yes,3,High,,Public,Positive,3,No,High School,Near,Female,69,Average Performer
3792,17,96,High,High,Yes,8,88,Medium,Yes,4,Low,Low,Private,Positive,4,No,Postgraduate,Near,Male,74,Average Performer
3793,18,92,Medium,Medium,Yes,8,68,Low,Yes,2,High,High,Private,Positive,3,No,High School,Near,Male,70,Average Performer
3794,14,83,High,Medium,No,7,84,Medium,Yes,1,Low,Medium,Public,Neutral,3,No,High School,Near,Female,66,Average Performer
3795,20,87,Low,High,Yes,6,75,Medium,Yes,0,Low,Medium,Public,Positive,3,Yes,Postgraduate,Near,Male,68,Average Performer
3796,15,100,Medium,Low,No,10,74,Medium,Yes,2,Medium,Medium,Public,Negative,5,No,High School,Far,Male,67,Average Performer
3797,23,64,Medium,Medium,Yes,8,94,Low,Yes,2,Medium,Medium,Private,Positive,5,No,High School,Moderate,Female,66,Average Performer
3798,9,87,High,Medium,No,6,82,Medium,Yes,0,Low,Medium,Public,Negative,3,No,College,Near,Female,65,Average Performer
3799,18,71,Low,Medium,Yes,8,62,Medium,Yes,3,High,High,Public,Positive,2,No,College,Near,Male,66,Average Performer
3800,22,86,High,Medium,Yes,7,56,Medium,Yes,1,High,Medium,Private,Positive,4,No,High School,Moderate,Male,69,Average Performer
3801,21,84,Low,Medium,No,7,97,Medium,Yes,2,Low,Low,Public,Neutral,4,No,High School,Moderate,Female,67,Average Performer
3802,36,66,Low,High,Yes,8,58,High,Yes,1,Medium,Medium,Public,Positive,3,No,College,Far,Male,69,Average Performer
3803,22,68,Medium,Medium,No,4,87,High,Yes,2,Medium,Medium,Public,Neutral,3,No,Postgraduate,Far,Female,66,Average Performer
3804,14,85,Medium,Medium,No,4,75,High,Yes,2,High,Medium,Public,Negative,1,Yes,High School,Far,Female,64,Average Performer
3805,19,65,Medium,Medium,No,9,57,Low,Yes,1,Medium,Medium,Public,Positive,2,Yes,High School,Near,Female,61,Average Performer
3806,9,71,Low,High,Yes,7,89,Medium,Yes,0,Low,Medium,Public,Negative,2,No,High School,Near,Male,61,Average Performer
3807,20,93,Medium,Medium,Yes,6,95,Low,Yes,1,Medium,High,Public,Negative,4,No,College,Moderate,Male,70,Average Performer
3808,15,73,Medium,High,No,5,56,Medium,Yes,1,Medium,Medium,Public,Positive,2,No,Postgraduate,Near,Female,65,Average Performer
3809,25,80,High,Low,No,7,53,Medium,Yes,1,Medium,Medium,Private,Neutral,3,No,College,Moderate,Male,67,Average Performer
3810,17,98,Low,Medium,No,7,92,Medium,Yes,0,High,Medium,Private,Positive,0,No,College,Near,Male,69,Average Performer
3811,19,69,Medium,Low,Yes,9,75,Medium,Yes,2,Medium,Low,Public,Negative,5,No,High School,Moderate,Female,63,Average Performer
3812,16,76,Medium,Medium,No,8,84,High,Yes,1,High,High,Public,Neutral,4,No,High School,Near,Male,66,Average Performer
3813,30,84,High,Medium,Yes,7,72,Medium,Yes,3,Medium,Medium,Public,Positive,2,No,High School,Near,Male,73,Average Performer
3814,18,90,High,High,No,8,71,High,No,0,Low,Medium,Public,Neutral,3,No,High School,Near,Female,68,Average Performer
3815,31,96,High,High,Yes,9,65,High,Yes,0,Low,Medium,Private,Positive,2,No,High School,Far,Male,74,Average Performer
3816,25,97,Low,Medium,Yes,8,78,Medium,Yes,0,Medium,Medium,Public,Neutral,3,No,High School,Near,Male,70,Average Performer
3817,23,91,High,Low,Yes,8,58,Medium,Yes,0,Medium,Medium,Public,Positive,2,No,High School,Far,Male,68,Average Performer
3818,22,69,High,High,No,7,86,Low,Yes,1,High,Medium,Public,Positive,4,Yes,High School,Moderate,Female,67,Average Performer
3819,22,61,High,Medium,No,6,77,Low,Yes,1,Medium,Medium,Public,Positive,4,No,Postgraduate,Moderate,Male,65,Average Performer
3820,8,75,Medium,Medium,No,5,92,Medium,Yes,5,High,High,Public,Positive,4,No,High School,Moderate,Male,66,Average Performer
3821,18,66,High,Medium,Yes,5,96,Medium,Yes,0,Low,Medium,Public,Neutral,5,No,High School,Moderate,Female,64,Average Performer
3822,25,88,Medium,Medium,Yes,8,95,Low,Yes,1,High,High,Public,Neutral,4,No,High School,Near,Female,72,Average Performer
3823,20,86,Medium,Medium,Yes,8,80,High,Yes,2,Medium,Medium,Public,Neutral,2,No,College,Near,Male,70,Average Performer
3824,12,62,Medium,Medium,Yes,9,66,Medium,Yes,1,Low,Medium,Private,Neutral,2,No,College,Moderate,Female,60,Average Performer
3825,20,93,Medium,Medium,Yes,8,68,Medium,Yes,1,Low,Low,Public,Neutral,3,No,High School,Moderate,Male,68,Average Performer
3826,30,70,Medium,High,Yes,9,83,Medium,Yes,1,High,Medium,Private,Neutral,2,No,Postgraduate,Near,Female,71,Average Performer
3827,27,77,Medium,Medium,Yes,7,86,Low,Yes,1,High,Medium,Public,Neutral,3,No,High School,Moderate,Male,68,Average Performer
3828,20,87,High,Medium,Yes,8,58,Low,Yes,2,Low,Medium,Public,Negative,2,Yes,Postgraduate,Near,Male,67,Average Performer
3829,26,77,Medium,Medium,Yes,5,100,Low,Yes,1,Low,High,Private,Positive,5,No,High School,Near,Female,70,Average Performer
3830,18,78,Medium,High,No,7,55,High,Yes,0,High,Medium,Public,Negative,3,No,High School,Near,Male,65,Average Performer
3831,10,63,Medium,Medium,No,4,80,Medium,Yes,0,Low,Medium,Public,Positive,3,No,College,Near,Male,60,Average Performer
3832,14,76,High,Low,No,7,77,Low,No,2,High,Medium,Public,Positive,4,No,College,Near,Male,65,Average Performer
3833,29,91,Medium,Medium,No,9,80,Low,Yes,0,Low,High,Public,Negative,4,No,High School,Near,Female,70,Average Performer
3834,18,97,Low,Low,Yes,7,77,Medium,Yes,4,Low,Low,Private,Neutral,4,No,Postgraduate,Near,Male,69,Average Performer
3835,19,77,High,Low,No,8,53,Medium,Yes,1,Low,Medium,Private,Positive,3,No,High School,Near,Male,64,Average Performer
3836,18,77,Low,Medium,No,7,100,Medium,Yes,2,High,High,Private,Positive,3,Yes,High School,Near,Male,67,Average Performer
3837,31,88,Low,Medium,Yes,6,99,Low,Yes,2,High,Low,Public,Negative,3,No,Postgraduate,Near,Male,73,Average Performer
3838,30,98,Medium,High,No,7,76,High,Yes,1,Low,Medium,Public,Neutral,3,No,College,Near,Male,74,Average Performer
3839,33,71,Medium,Low,Yes,9,60,Medium,Yes,0,Medium,Medium,Public,Positive,4,Yes,High School,Near,Male,67,Average Performer
3840,19,78,Low,High,Yes,8,59,Medium,Yes,2,High,Medium,Public,Positive,1,No,High School,Near,Male,66,Average Performer
3841,22,92,Medium,Medium,No,6,53,Medium,Yes,4,High,Medium,Public,Neutral,4,Yes,High School,Near,Male,69,Average Performer
3842,11,84,High,Medium,No,5,81,Low,Yes,1,Low,Medium,Private,Negative,3,No,High School,Moderate,Female,64,Average Performer
3843,29,64,Medium,High,Yes,7,74,Medium,Yes,0,High,Medium,Public,Positive,2,No,Postgraduate,Near,Female,69,Average Performer
3844,13,85,Low,High,Yes,6,71,Medium,Yes,1,Low,Medium,Public,Positive,3,No,High School,Near,Female,66,Average Performer
3845,21,67,High,Medium,Yes,7,76,Medium,Yes,1,Medium,High,Private,Neutral,2,Yes,High School,Near,Male,65,Average Performer
3846,13,80,Medium,Medium,Yes,5,94,High,Yes,1,Medium,Medium,Private,Positive,3,No,High School,Near,Female,67,Average Performer
3847,16,81,Medium,High,No,9,54,Medium,Yes,3,Medium,High,Public,Negative,3,No,Postgraduate,Moderate,Male,67,Average Performer
3848,15,95,Medium,Medium,No,7,77,High,Yes,0,Low,Medium,Private,Neutral,3,No,High School,Near,Female,68,Average Performer
3849,16,78,Medium,Low,No,7,85,Medium,Yes,4,Medium,Medium,Public,Neutral,2,Yes,High School,Near,Male,65,Average Performer
3850,17,71,Medium,Low,Yes,6,99,Low,Yes,4,Medium,Medium,Public,Positive,3,Yes,Postgraduate,Near,Male,66,Average Performer
3851,17,69,High,Medium,Yes,7,87,Low,Yes,2,Low,Medium,Public,Neutral,3,No,College,Near,Male,65,Average Performer
3852,25,95,Medium,Medium,Yes,7,77,High,No,0,Low,High,Public,Neutral,3,No,Postgraduate,Near,Male,71,Average Performer
3853,13,67,Medium,High,Yes,6,88,Medium,Yes,0,Low,Medium,Public,Neutral,3,No,College,Moderate,Female,63,Average Performer
3854,21,77,High,Low,Yes,7,100,Low,Yes,2,High,High,Public,Positive,4,No,College,Near,Female,70,Average Performer
3855,27,67,High,High,Yes,9,94,High,Yes,0,High,Low,Public,Positive,2,No,College,Near,Female,70,Average Performer
3856,17,91,Low,Medium,Yes,4,54,High,Yes,3,Low,Medium,Public,Neutral,4,No,College,Moderate,Female,67,Average Performer
3857,16,79,High,Medium,Yes,7,79,High,Yes,2,High,High,Public,Positive,2,No,High School,Moderate,Male,68,Average Performer
3858,19,74,Medium,Low,Yes,6,89,Medium,No,0,High,Medium,Public,Neutral,2,No,High School,Moderate,Male,63,Average Performer
3859,27,74,Medium,High,Yes,9,84,Low,Yes,3,High,Medium,Private,Negative,3,No,College,Near,Female,70,Average Performer
3860,21,94,Medium,Medium,No,7,71,Low,No,1,Low,High,Private,Neutral,2,No,Postgraduate,Near,Male,69,Average Performer
3861,17,82,Medium,Medium,Yes,5,66,Medium,Yes,1,Medium,Low,Public,Positive,3,No,High School,Near,Female,66,Average Performer
3862,23,89,Low,High,No,7,81,Medium,Yes,2,Low,High,Public,Neutral,2,No,Postgraduate,Moderate,Male,70,Average Performer
3863,13,96,Medium,High,No,8,71,Low,Yes,1,Medium,Low,Public,Positive,3,No,High School,Near,Male,68,Average Performer
3864,24,96,Medium,Medium,No,10,70,Medium,Yes,0,High,Medium,Public,Negative,4,No,High School,Near,Female,70,Average Performer
3865,22,73,Low,High,Yes,4,92,Medium,Yes,0,Low,Medium,Public,Positive,4,No,Postgraduate,Moderate,Male,67,Average Performer
3866,18,98,Medium,High,Yes,5,66,Medium,Yes,0,Medium,Medium,Private,Negative,0,No,Postgraduate,,Male,69,Average Performer
3867,15,61,High,Low,Yes,9,82,Medium,Yes,2,Medium,High,Public,Positive,2,No,Postgraduate,Near,Male,64,Average Performer
3868,15,75,High,Medium,No,5,94,Low,No,1,Low,Medium,Public,Negative,3,Yes,High School,Moderate,Female,62,Average Performer
3869,23,96,Medium,Medium,No,7,81,Medium,Yes,1,Low,Medium,Private,Positive,2,No,Postgraduate,Moderate,Male,71,Average Performer
3870,27,71,High,Medium,Yes,6,75,Medium,Yes,2,Medium,High,Private,Neutral,4,No,High School,,Male,69,Average Performer
3871,16,71,Medium,High,Yes,6,52,Low,Yes,0,High,High,Public,Neutral,1,No,High School,Far,Male,62,Average Performer
3872,23,72,Low,Medium,Yes,7,84,High,Yes,0,Medium,Medium,Public,Positive,4,No,High School,Near,Male,66,Average Performer
3873,7,84,Medium,High,Yes,7,100,Low,Yes,3,Low,Medium,Private,Negative,4,Yes,High School,Moderate,Male,64,Average Performer
3874,16,78,Low,High,No,9,90,Medium,Yes,3,Low,Medium,Public,Negative,3,No,Postgraduate,Moderate,Male,66,Average Performer
3875,20,89,High,Medium,Yes,9,82,Medium,Yes,2,High,High,Public,Neutral,3,No,College,Near,Female,72,Average Performer
3876,15,96,High,High,Yes,8,73,Medium,Yes,3,Medium,Medium,Private,Negative,3,No,College,Near,Female,71,Average Performer
3877,14,87,Medium,High,Yes,7,61,Medium,Yes,0,Low,Medium,Public,Neutral,3,No,High School,Far,Male,65,Average Performer
3878,16,68,Medium,Medium,Yes,7,85,Medium,Yes,1,Medium,Medium,Public,Positive,2,No,College,Near,Female,65,Average Performer
3879,22,97,Medium,High,Yes,8,59,Medium,Yes,1,Low,Medium,Public,Negative,3,No,High School,Near,Male,70,Average Performer
3880,19,71,Medium,High,Yes,9,94,High,Yes,1,High,Medium,Private,Positive,4,No,High School,Near,Male,68,Average Performer
3881,7,66,High,Low,Yes,8,68,High,Yes,0,Low,Medium,Public,Negative,2,Yes,College,Moderate,Male,57,Average Performer
3882,7,64,Medium,High,No,9,70,High,Yes,4,Low,Low,Public,Neutral,4,Yes,High School,Far,Male,59,Average Performer
3883,16,83,Low,Low,Yes,6,61,Medium,Yes,0,Medium,High,Public,Neutral,4,No,College,Near,Male,64,Average Performer
3884,23,65,High,Medium,Yes,9,74,Medium,Yes,2,Medium,High,Private,Neutral,3,No,College,Moderate,Male,67,Average Performer
3885,4,66,Low,High,No,8,84,Low,Yes,2,Low,High,Public,Neutral,3,No,Postgraduate,Near,Female,60,Average Performer
3886,17,72,High,High,Yes,6,65,Low,Yes,3,Low,High,Public,Positive,2,No,Postgraduate,Far,Male,67,Average Performer
3887,17,71,Medium,High,Yes,7,85,Low,Yes,2,Low,Low,Private,Negative,2,No,College,,Female,65,Average Performer
3888,28,84,Medium,Medium,Yes,7,81,Medium,Yes,1,Medium,High,Public,Negative,3,No,College,Near,Male,71,Average Performer
3889,18,93,Low,Medium,Yes,7,69,Medium,Yes,0,Low,Medium,Public,Neutral,2,No,College,Near,Male,67,Average Performer
3890,22,90,Medium,Medium,Yes,7,66,Low,Yes,0,Low,Medium,Public,Positive,1,No,Postgraduate,Near,Male,69,Average Performer
3891,21,70,High,Medium,Yes,5,93,High,Yes,1,Low,Medium,Public,Neutral,3,No,College,Near,Male,68,Average Performer
3892,7,70,Medium,Medium,Yes,6,51,Medium,Yes,0,High,Medium,Private,Neutral,1,No,High School,Moderate,Female,59,Average Performer
3893,25,99,High,High,No,7,86,Low,No,3,Medium,Medium,Public,Positive,3,No,College,Near,Female,75,Top Performer
3894,21,60,Medium,Medium,Yes,6,71,Low,Yes,0,Medium,Low,Public,Negative,4,Yes,High School,Far,Male,59,Average Performer
3895,23,95,High,Medium,No,6,86,Low,Yes,0,Medium,High,Public,Neutral,3,No,High School,Moderate,Female,71,Average Performer
3896,44,68,High,Low,No,9,75,Low,Yes,3,Medium,High,Private,Negative,2,No,High School,Moderate,Female,71,Average Performer
3897,7,98,Medium,Medium,No,7,54,High,Yes,0,Medium,High,Private,Neutral,2,No,High School,Near,Female,66,Average Performer
3898,30,74,Medium,Low,No,10,99,Medium,Yes,1,High,Medium,Private,Positive,2,No,High School,Moderate,Male,69,Average Performer
3899,18,78,High,Medium,Yes,7,54,Low,No,4,Low,High,Public,Neutral,4,Yes,College,Moderate,Female,65,Average Performer
3900,22,88,Medium,Medium,Yes,9,58,Low,Yes,3,Low,Medium,Private,Negative,2,No,College,Moderate,Male,68,Average Performer
3901,20,84,High,Low,No,7,71,Medium,Yes,5,Low,High,Private,Positive,2,No,High School,Far,Female,68,Average Performer
3902,17,73,Medium,Medium,Yes,6,97,High,Yes,1,Medium,High,Public,Positive,3,No,High School,Near,Male,67,Average Performer
3903,17,82,High,Medium,Yes,7,65,Medium,Yes,1,Medium,Medium,Public,Positive,5,No,High School,Near,Male,68,Average Performer
3904,22,89,Low,Medium,Yes,9,78,Medium,Yes,0,Medium,Medium,Public,Positive,3,No,,Moderate,Male,68,Average Performer
3905,11,62,High,Medium,Yes,7,76,High,Yes,3,High,Medium,Private,Neutral,3,Yes,High School,Moderate,Male,88,Top Performer
3906,25,60,Medium,High,Yes,8,67,Medium,Yes,1,Medium,High,Public,Neutral,2,No,College,Near,Female,66,Average Performer
3907,18,78,High,Low,Yes,7,85,High,Yes,3,Low,Low,Public,Negative,2,No,College,Near,Male,67,Average Performer
3908,13,65,Medium,High,No,7,75,Low,Yes,2,Medium,High,Private,Neutral,4,No,High School,Moderate,Male,63,Average Performer
3909,17,87,Medium,High,Yes,7,79,Medium,Yes,3,Low,Medium,Public,Neutral,4,Yes,High School,Near,Female,68,Average Performer
3910,28,69,High,Low,No,6,61,Low,Yes,2,Medium,High,Public,Positive,1,Yes,High School,Near,Male,65,Average Performer
3911,17,77,High,Medium,Yes,7,96,Medium,Yes,1,Low,Low,Private,Positive,3,No,College,Near,Male,67,Average Performer
3912,22,68,High,High,Yes,8,56,Medium,No,3,Medium,Medium,Private,Positive,1,No,Postgraduate,Near,Male,67,Average Performer
3913,16,82,Medium,Medium,Yes,7,85,Medium,Yes,1,High,Medium,Public,Neutral,4,No,High School,Near,Male,67,Average Performer
3914,25,65,Medium,Low,No,7,94,Low,Yes,1,Low,High,Public,Positive,3,No,High School,Far,Male,64,Average Performer
3915,24,61,Medium,Medium,No,8,54,Medium,Yes,1,Low,Medium,Public,Neutral,2,Yes,,Moderate,Male,61,Average Performer
3916,31,62,Medium,Medium,Yes,7,51,Medium,Yes,2,Medium,Medium,Public,Neutral,1,No,College,Far,Female,65,Average Performer
3917,19,98,Low,High,Yes,7,67,High,Yes,1,Medium,Medium,Private,Negative,4,No,High School,Moderate,Female,70,Average Performer
3918,24,66,Medium,High,No,8,89,Medium,Yes,0,Medium,High,Public,Positive,2,No,College,Near,Male,67,Average Performer
3919,21,88,High,Low,No,7,86,Medium,Yes,1,Low,Medium,Private,Positive,2,No,High School,Moderate,Male,68,Average Performer
3920,28,63,Medium,Medium,Yes,7,91,Medium,Yes,1,Low,Medium,Private,Positive,1,No,High School,Far,Male,65,Average Performer
3921,16,64,High,Medium,Yes,8,70,Low,Yes,3,High,High,Private,Negative,3,No,High School,Far,Female,63,Average Performer
3922,24,80,Medium,High,No,7,100,Medium,Yes,1,High,High,Public,Neutral,3,No,Postgraduate,Moderate,Male,72,Average Performer
3923,19,79,High,Medium,Yes,7,68,Medium,Yes,2,High,High,Public,Negative,1,No,College,Near,Female,68,Average Performer
3924,20,98,Medium,High,Yes,7,90,Medium,Yes,2,Medium,Medium,Public,Positive,4,No,,Near,Male,73,Average Performer
3925,21,98,High,Medium,Yes,7,68,High,Yes,0,Medium,Medium,Public,Positive,3,Yes,College,Near,Female,71,Average Performer
3926,22,91,Medium,High,No,5,61,Medium,Yes,3,Low,High,Public,Neutral,2,No,Postgraduate,Far,Male,70,Average Performer
3927,19,84,High,Medium,Yes,7,67,Low,Yes,0,Medium,Low,Public,Positive,3,No,Postgraduate,Near,Female,68,Average Performer
3928,21,78,Medium,High,No,10,60,Medium,Yes,3,High,Medium,Public,Negative,5,No,High School,Moderate,Male,68,Average Performer
3929,29,74,Medium,Medium,No,6,56,Low,Yes,2,Low,High,Public,Neutral,3,No,Postgraduate,Near,Female,68,Average Performer
3930,26,98,Low,High,Yes,6,68,Medium,Yes,1,Low,Medium,Private,Neutral,1,No,Postgraduate,Moderate,Male,71,Average Performer
3931,25,84,Medium,Medium,Yes,10,57,Low,Yes,4,Medium,Medium,Public,Positive,2,No,College,Near,Male,70,Average Performer
3932,17,83,High,Medium,No,6,75,Medium,Yes,2,Medium,Medium,Public,Positive,3,Yes,High School,Near,Male,67,Average Performer
3933,15,69,Low,Medium,Yes,9,52,Medium,Yes,0,High,Medium,Public,Neutral,3,No,College,Near,Female,61,Average Performer
3934,26,62,High,Low,Yes,7,72,Low,Yes,1,Medium,Medium,Public,Neutral,3,No,College,Moderate,Female,64,Average Performer
3935,25,98,Low,Medium,No,7,98,Medium,Yes,1,Medium,Medium,Public,Negative,4,No,Postgraduate,Near,Male,72,Average Performer
3936,29,73,High,Medium,No,7,68,Low,Yes,1,Low,High,Private,Positive,4,Yes,High School,Moderate,Male,67,Average Performer
3937,16,78,High,Low,Yes,8,57,High,Yes,1,Medium,Medium,Public,Negative,3,No,College,Near,Male,65,Average Performer
3938,19,65,Medium,Low,Yes,5,65,High,Yes,1,High,Medium,Public,Positive,6,No,College,Moderate,Female,64,Average Performer
3939,10,93,Low,Medium,Yes,7,90,Medium,Yes,0,Low,Medium,Private,Positive,2,No,High School,Near,Female,66,Average Performer
3940,18,61,Medium,Medium,No,6,66,Medium,Yes,1,Medium,High,Public,Positive,2,No,High School,Moderate,Female,62,Average Performer
3941,26,93,Low,Medium,No,4,69,Medium,Yes,2,Low,Medium,Public,Neutral,3,No,High School,Near,Male,70,Average Performer
3942,17,66,Medium,Medium,Yes,9,89,Medium,No,1,Medium,High,Public,Positive,4,No,High School,Moderate,Female,64,Average Performer
3943,24,95,Medium,Low,No,4,63,Low,Yes,3,Low,Medium,Public,Positive,3,No,High School,Near,Female,70,Average Performer
3944,19,89,Medium,Low,No,10,74,Medium,Yes,1,Low,Medium,Public,Positive,2,No,High School,Moderate,Female,66,Average Performer
3945,22,67,Low,High,Yes,8,53,Medium,Yes,0,Medium,High,Public,Negative,3,No,High School,Far,Male,62,Average Performer
3946,13,83,Low,Low,No,5,59,High,Yes,4,Low,Medium,Private,Neutral,2,No,High School,Near,Female,63,Average Performer
3947,21,73,Low,Medium,Yes,9,60,High,Yes,2,Medium,Medium,Public,Positive,3,No,College,Near,Male,66,Average Performer
3948,2,67,Medium,Medium,No,6,73,Low,Yes,1,Low,Medium,Private,Positive,2,No,College,Moderate,Male,58,Average Performer
3949,19,94,Medium,High,Yes,6,91,Medium,Yes,1,Low,Medium,Public,Negative,3,No,High School,Moderate,Male,70,Average Performer
3950,10,76,Medium,Low,No,4,68,Medium,Yes,1,High,Low,Private,Neutral,6,No,College,Near,Male,63,Average Performer
3951,27,76,Medium,High,Yes,6,69,High,Yes,0,Medium,High,Public,Neutral,1,No,,Near,Male,70,Average Performer
3952,25,67,High,Medium,Yes,6,65,Medium,Yes,1,Low,Medium,Public,Negative,3,No,High School,Near,Male,65,Average Performer
3953,23,75,Medium,Low,Yes,8,66,Medium,Yes,5,Medium,Low,Public,Neutral,3,No,High School,Near,Male,67,Average Performer
3954,29,95,High,Medium,No,9,70,Medium,No,1,Low,Medium,Private,Positive,2,No,Postgraduate,Near,Female,73,Average Performer
3955,14,75,Medium,Medium,Yes,5,95,Medium,Yes,0,Medium,Medium,Public,Positive,3,No,College,Moderate,Male,82,Top Performer
3956,30,98,Low,Medium,No,7,51,High,Yes,0,Low,Medium,Public,Positive,2,No,High School,Near,Male,71,Average Performer
3957,26,98,Medium,Medium,Yes,4,81,Low,Yes,1,Low,Medium,Public,Positive,4,No,Postgraduate,Near,Male,73,Average Performer
3958,19,66,Medium,High,No,7,94,Low,Yes,1,High,Medium,Public,Positive,4,No,High School,Moderate,Female,65,Average Performer
3959,27,67,High,Medium,Yes,10,71,Medium,Yes,1,Low,High,Public,Neutral,3,No,High School,Near,Female,67,Average Performer
3960,13,95,Medium,Medium,Yes,4,83,Low,No,1,Low,High,Public,Neutral,4,No,College,Moderate,Male,67,Average Performer
3961,15,76,High,High,Yes,5,79,Medium,Yes,4,Medium,Medium,Public,Neutral,4,No,Postgraduate,Moderate,Female,69,Average Performer
3962,16,60,Medium,High,Yes,8,67,Low,Yes,0,Low,Medium,Public,Neutral,3,No,High School,Near,Male,61,Average Performer
3963,17,71,Medium,Low,No,8,57,Medium,Yes,3,Medium,High,Private,Positive,4,No,High School,Near,Female,64,Average Performer
3964,14,84,Low,High,No,6,61,Low,Yes,1,High,Medium,Public,Positive,2,No,College,Far,Male,64,Average Performer
3965,27,92,Low,Medium,Yes,9,53,Low,Yes,2,Low,Medium,Public,Negative,2,No,College,Far,Male,68,Average Performer
3966,18,65,Medium,Low,No,6,88,Medium,Yes,1,Medium,Medium,Private,Positive,1,Yes,College,Near,Male,62,Average Performer
3967,22,64,Medium,Medium,Yes,10,77,High,Yes,5,Medium,Medium,Public,Neutral,3,Yes,High School,Near,Male,66,Average Performer
3968,17,97,High,Low,Yes,8,89,Medium,Yes,1,Low,Medium,Public,Neutral,4,No,College,Near,Male,70,Average Performer
3969,9,90,High,Medium,Yes,9,65,Low,Yes,3,Medium,Medium,Public,Positive,3,No,High School,Near,Female,67,Average Performer
3970,22,84,Medium,Medium,Yes,8,90,Medium,Yes,2,Medium,Medium,Public,Positive,2,No,College,Near,Female,70,Average Performer
3971,9,91,Medium,Medium,No,8,65,High,Yes,0,Medium,Medium,Public,Positive,4,No,High School,Moderate,Male,65,Average Performer
3972,20,77,Low,Medium,No,8,56,Medium,Yes,1,Medium,High,Public,Positive,4,No,College,Moderate,Male,65,Average Performer
3973,12,90,Medium,High,Yes,9,77,Medium,Yes,3,Medium,Medium,Public,Positive,3,No,Postgraduate,Near,Male,70,Average Performer
3974,32,75,High,Medium,Yes,7,97,High,Yes,1,Medium,Medium,Private,Neutral,3,No,College,Moderate,Male,72,Average Performer
3975,25,70,Medium,Medium,No,6,71,Low,Yes,0,Low,Medium,Public,Neutral,2,No,College,Near,Female,65,Average Performer
3976,21,89,High,High,Yes,7,76,Medium,Yes,1,Medium,Medium,Public,Positive,2,No,High School,Near,Male,71,Average Performer
3977,28,77,High,High,Yes,6,73,Low,Yes,3,Medium,High,Private,Negative,3,No,College,Near,Female,71,Average Performer
3978,15,99,Medium,High,Yes,6,73,High,Yes,1,High,High,Public,Negative,5,No,Postgraduate,Near,Male,72,Average Performer
3979,23,74,Low,Low,No,9,61,Low,Yes,0,Medium,Low,Public,Positive,4,No,Postgraduate,Near,Male,64,Average Performer
3980,21,97,Medium,Medium,No,8,71,High,Yes,2,High,High,Public,Neutral,1,No,College,Moderate,Male,72,Average Performer
3981,22,97,Low,Medium,No,8,75,Medium,Yes,1,Medium,Medium,Private,Positive,4,No,Postgraduate,Near,Male,71,Average Performer
3982,28,70,Medium,Medium,Yes,9,87,Low,Yes,0,Low,Medium,Public,Neutral,3,No,High School,Moderate,Male,66,Average Performer
3983,24,92,High,Low,No,8,57,Medium,Yes,3,Medium,Medium,Private,Positive,3,No,College,Near,Female,71,Average Performer
3984,22,77,Medium,Medium,Yes,10,79,High,Yes,2,Medium,Low,Public,Neutral,2,No,High School,Near,Male,67,Average Performer
3985,10,97,High,High,No,4,83,Low,Yes,1,Low,High,Public,Neutral,2,No,Postgraduate,Near,Male,69,Average Performer
3986,14,78,High,Medium,Yes,6,69,High,Yes,0,Medium,Medium,Public,Positive,5,No,College,Moderate,Female,67,Average Performer
3987,19,90,High,Medium,Yes,6,77,Medium,Yes,0,High,Medium,Public,Neutral,4,No,Postgraduate,Near,Male,71,Average Performer
3988,21,79,Medium,Low,No,5,86,Low,Yes,1,High,,Private,Positive,2,No,High School,Moderate,Female,66,Average Performer
3989,13,69,High,High,No,7,73,Low,Yes,1,Medium,Low,Private,Positive,2,No,High School,Far,Male,62,Average Performer
3990,34,68,Medium,Medium,No,7,67,High,Yes,0,Medium,Medium,Private,Neutral,2,No,High School,Moderate,Male,67,Average Performer
3991,29,77,Medium,Low,Yes,10,91,High,Yes,2,Low,Medium,Public,Negative,4,No,Postgraduate,Near,Female,70,Average Performer
3992,24,90,High,High,No,8,99,High,Yes,0,Low,Medium,Public,Neutral,3,No,College,Moderate,Female,72,Average Performer
3993,20,84,High,High,No,6,61,Medium,Yes,3,Medium,Medium,Private,Neutral,2,No,High School,Near,Male,69,Average Performer
3994,19,88,Medium,High,No,8,94,High,Yes,1,Medium,Medium,Public,Neutral,3,No,High School,Moderate,Male,70,Average Performer
3995,14,71,High,High,No,4,77,Medium,Yes,0,Medium,Medium,Public,Negative,3,No,High School,Near,Female,64,Average Performer
3996,20,79,Medium,Medium,Yes,7,72,Low,No,1,Medium,Medium,Public,Negative,3,No,High School,Near,Male,65,Average Performer
3997,22,62,Medium,High,Yes,7,95,Medium,Yes,2,Medium,Medium,Public,Negative,2,No,High School,Near,Male,66,Average Performer
3998,13,93,Low,Medium,No,6,96,High,Yes,2,High,Medium,Private,Negative,3,No,High School,Near,Female,68,Average Performer
3999,22,100,Medium,Medium,Yes,7,64,Medium,Yes,2,Low,Medium,Private,Positive,3,No,College,Near,Female,72,Average Performer
4000,19,76,Medium,Low,Yes,6,68,Medium,Yes,2,High,Medium,Public,Positive,3,No,High School,Moderate,Female,65,Average Performer
4001,9,60,Medium,Low,Yes,6,93,Medium,Yes,3,Low,High,Private,Neutral,2,No,High School,Moderate,Female,60,Average Performer
4002,15,67,Medium,Medium,No,8,75,Medium,Yes,0,High,High,Public,Negative,4,No,Postgraduate,Near,Female,63,Average Performer
4003,18,86,Low,Low,Yes,9,64,Low,Yes,3,Low,High,Public,Positive,3,No,High School,Near,Female,66,Average Performer
4004,31,84,Low,Medium,Yes,8,98,Low,Yes,1,Medium,Medium,Public,Positive,4,No,Postgraduate,Near,Female,73,Average Performer
4005,23,92,Medium,Medium,Yes,6,61,Low,Yes,4,Low,Medium,Public,Positive,4,No,College,Near,Male,71,Average Performer
4006,12,70,Medium,Medium,Yes,6,81,Low,Yes,1,Low,Medium,Public,Negative,2,Yes,High School,Far,Male,59,Average Performer
4007,23,91,Medium,Low,Yes,6,71,Medium,Yes,5,Low,High,Public,Neutral,3,No,High School,Moderate,Female,70,Average Performer
4008,11,88,Medium,Low,Yes,7,73,Low,Yes,1,Medium,Low,Private,Neutral,3,Yes,College,Near,Female,63,Average Performer
4009,26,73,Medium,Medium,No,6,55,Medium,Yes,1,Medium,Low,Public,Positive,4,No,Postgraduate,Near,Male,67,Average Performer
4010,17,82,Low,Medium,Yes,9,63,Medium,Yes,2,Low,Medium,Private,Neutral,2,No,College,Moderate,Male,65,Average Performer
4011,19,66,Medium,Low,No,7,58,Medium,Yes,5,Medium,Low,Public,Positive,4,No,College,Moderate,Female,64,Average Performer
4012,28,78,High,Medium,No,8,87,Low,Yes,2,Low,Medium,Public,Positive,2,No,Postgraduate,Near,Male,71,Average Performer
4013,12,95,Medium,High,Yes,5,85,Medium,Yes,2,High,Medium,Public,Negative,2,No,College,Near,Male,70,Average Performer
4014,12,77,Medium,Low,Yes,6,90,Medium,Yes,2,Medium,Low,Public,Neutral,2,No,High School,Near,Female,63,Average Performer
4015,16,94,Low,Medium,No,8,85,Medium,Yes,3,Low,High,Public,Neutral,2,No,High School,Near,Female,68,Average Performer
4016,26,84,Medium,Medium,Yes,8,56,Medium,No,1,Medium,Medium,Public,Negative,2,No,College,Near,Female,67,Average Performer
4017,11,68,Medium,High,Yes,5,99,Medium,Yes,1,High,Medium,Public,Neutral,4,No,Postgraduate,Near,Female,66,Average Performer
4018,3,83,High,Low,Yes,7,59,Low,Yes,2,Medium,High,Public,Positive,5,No,High School,Moderate,Male,63,Average Performer
4019,17,80,Medium,Medium,Yes,7,68,Medium,Yes,0,Medium,Medium,Private,Negative,5,Yes,College,Near,Female,65,Average Performer
4020,23,76,Medium,High,Yes,6,85,Low,Yes,2,Low,Medium,Public,Positive,3,Yes,High School,Far,Male,66,Average Performer
4021,27,65,Medium,Medium,Yes,8,57,Medium,Yes,2,Low,Low,Public,Negative,4,No,Postgraduate,Near,Female,65,Average Performer
4022,17,77,Low,Medium,Yes,5,59,Medium,Yes,2,Medium,High,Private,Neutral,4,No,High School,Near,Male,65,Average Performer
4023,18,63,High,Low,No,6,94,Medium,Yes,2,Medium,High,Public,Neutral,2,Yes,High School,Near,Male,63,Average Performer
4024,27,64,Medium,High,No,8,67,Medium,Yes,0,Low,Medium,Public,Positive,3,No,High School,Near,Male,65,Average Performer
4025,9,77,Low,High,Yes,7,83,Medium,Yes,1,Low,High,Private,Neutral,4,Yes,High School,Far,Male,62,Average Performer
4026,18,72,Medium,Medium,Yes,7,93,Medium,Yes,1,Medium,Medium,Public,Positive,3,No,College,Near,Female,66,Average Performer
4027,21,97,Medium,Low,No,7,99,Medium,Yes,1,High,Medium,Public,Negative,3,No,Postgraduate,Near,Female,71,Average Performer
4028,23,75,Low,Low,Yes,8,61,High,Yes,2,Low,Medium,Public,Positive,2,No,High School,Far,Female,64,Average Performer
4029,17,90,Medium,Medium,Yes,8,56,Low,Yes,0,Medium,Medium,Private,Neutral,4,No,College,Near,Female,67,Average Performer
4030,20,81,Medium,Medium,No,8,87,Medium,Yes,1,High,Medium,Private,Neutral,3,No,High School,Near,Male,68,Average Performer
4031,5,88,Medium,Medium,No,7,59,Medium,Yes,3,Low,Medium,Public,Negative,3,No,College,Near,Female,63,Average Performer
4032,16,70,Low,Medium,Yes,6,79,High,Yes,0,High,High,Public,Negative,3,No,College,Near,Female,64,Average Performer
4033,23,98,High,High,Yes,6,77,Medium,Yes,1,Low,High,Public,Neutral,1,No,Postgraduate,Near,Female,74,Average Performer
4034,14,81,Low,Medium,Yes,5,78,Medium,Yes,2,High,High,Public,Positive,4,No,Postgraduate,Near,Male,68,Average Performer
4035,20,93,Medium,Medium,Yes,6,82,Low,No,1,Medium,High,Public,Positive,3,Yes,High School,Moderate,Female,68,Average Performer
4036,23,75,High,High,Yes,6,93,Medium,No,2,Medium,Low,Public,Neutral,3,No,Postgraduate,Moderate,Female,69,Average Performer
4037,18,64,Low,Medium,Yes,9,64,Medium,Yes,4,Low,Medium,Public,Negative,4,Yes,High School,Near,Male,61,Average Performer
4038,21,87,Low,High,Yes,5,78,High,Yes,1,Low,Medium,Private,Positive,2,No,High School,Near,Female,69,Average Performer
4039,14,60,Low,Low,Yes,9,67,Low,Yes,3,High,High,Public,Positive,3,No,High School,Near,Female,61,Average Performer
4040,19,79,Medium,High,Yes,7,66,Low,Yes,3,High,Medium,Public,Positive,3,Yes,High School,Near,Male,67,Average Performer
4041,24,68,Low,High,No,7,51,Medium,Yes,0,Low,Low,Private,Neutral,4,No,High School,Near,Female,63,Average Performer
4042,21,85,Medium,Medium,No,8,80,Medium,Yes,3,Low,High,Public,Positive,3,Yes,College,Moderate,Female,68,Average Performer
4043,16,99,Medium,Medium,No,5,99,Low,No,0,Low,Medium,Private,Neutral,5,No,College,Moderate,Female,68,Average Performer
4044,21,79,Medium,Low,Yes,6,88,Low,Yes,2,High,Medium,Public,Neutral,1,No,High School,Near,Male,67,Average Performer
4045,24,93,Low,Medium,Yes,5,62,High,Yes,1,High,Medium,Private,Negative,3,No,College,Moderate,Female,69,Average Performer
4046,8,80,High,Medium,No,6,86,Medium,Yes,2,Low,Medium,Public,Neutral,3,No,High School,Near,Male,64,Average Performer
4047,27,80,Low,Low,No,6,65,Low,Yes,1,Low,Medium,Public,Positive,4,No,Postgraduate,Near,Male,67,Average Performer
4048,18,97,Medium,High,No,9,88,Low,Yes,1,High,Medium,Public,Neutral,3,Yes,High School,Near,Female,70,Average Performer
4049,23,96,Low,High,Yes,6,93,Low,Yes,5,Low,Medium,Public,Negative,4,No,High School,Near,Female,72,Average Performer
4050,27,91,Low,High,No,4,67,Medium,Yes,1,High,High,Private,Neutral,2,No,High School,Moderate,Female,71,Average Performer
4051,12,72,Medium,Medium,No,6,50,High,Yes,1,Low,Medium,Public,Positive,3,No,College,Near,Male,62,Average Performer
4052,16,82,Medium,Medium,Yes,8,65,High,Yes,2,Low,Medium,Private,Positive,5,Yes,Postgraduate,Near,Male,67,Average Performer
4053,18,69,Medium,High,Yes,9,60,Medium,Yes,3,Low,Medium,Public,Negative,2,No,College,Far,Female,64,Average Performer
4054,15,78,Medium,Medium,Yes,7,81,Medium,Yes,0,Medium,Low,Public,Neutral,2,No,High School,Near,Male,64,Average Performer
4055,30,79,High,Medium,No,6,65,Medium,Yes,1,Low,Medium,Public,Negative,4,No,Postgraduate,Near,Female,70,Average Performer
4056,15,93,Medium,Medium,Yes,7,52,Medium,Yes,3,Low,Medium,Public,Negative,5,No,College,Near,Female,68,Average Performer
4057,17,96,Medium,Medium,No,8,77,Medium,Yes,1,Medium,Medium,Public,Neutral,3,No,Postgraduate,Near,Female,70,Average Performer
4058,21,77,Medium,Low,Yes,5,94,Low,Yes,1,Medium,High,Public,Negative,3,No,High School,Far,Male,65,Average Performer
4059,13,61,Low,Low,No,7,73,Low,Yes,2,High,Medium,Public,Positive,2,No,High School,Near,Female,59,Average Performer
4060,18,94,Medium,Medium,Yes,7,69,Medium,Yes,1,Medium,High,Public,Positive,2,No,High School,Far,Female,69,Average Performer
4061,22,67,Medium,Medium,Yes,7,59,High,Yes,2,Low,High,Public,Positive,3,No,Postgraduate,Near,Male,67,Average Performer
4062,18,85,Medium,High,No,7,69,Medium,Yes,2,Low,Medium,Private,Positive,4,No,High School,Near,Male,68,Average Performer
4063,19,61,Medium,Medium,No,6,67,Low,Yes,1,Medium,Medium,Public,Positive,1,No,College,Near,Male,62,Average Performer
4064,17,76,High,Medium,No,8,100,Low,No,0,High,Medium,Private,Neutral,4,No,High School,Moderate,Male,65,Average Performer
4065,11,99,High,Medium,Yes,7,52,Medium,Yes,0,High,High,Private,Neutral,5,No,College,Near,Female,69,Average Performer
4066,22,64,Medium,Medium,Yes,7,62,Medium,Yes,3,Low,Medium,Private,Neutral,4,No,Postgraduate,Moderate,Female,65,Average Performer
4067,31,77,High,Low,Yes,5,53,High,Yes,1,Medium,Medium,Public,Neutral,2,No,High School,Near,Female,68,Average Performer
4068,20,72,High,Low,Yes,8,93,Medium,Yes,4,Low,High,Public,Positive,2,No,High School,Near,Male,68,Average Performer
4069,21,96,High,Medium,Yes,6,71,High,No,3,Medium,Medium,Public,Negative,3,No,High School,Near,Female,71,Average Performer
4070,24,95,Medium,Low,Yes,9,90,Medium,Yes,3,Low,Low,Public,Positive,4,No,High School,Moderate,Male,71,Average Performer
4071,12,70,High,Medium,No,5,85,High,Yes,1,High,Medium,Public,Positive,3,No,Postgraduate,Near,Female,66,Average Performer
4072,30,63,Medium,High,Yes,8,96,Medium,Yes,4,Low,Medium,Private,Positive,3,No,Postgraduate,Near,Female,71,Average Performer
4073,21,85,Medium,Medium,No,4,51,Low,Yes,2,Low,Medium,Public,Neutral,3,No,College,Near,Female,66,Average Performer
4074,30,73,High,Low,No,4,60,Medium,Yes,0,Low,Low,Private,Positive,4,No,High School,Moderate,Female,66,Average Performer
4075,16,87,High,High,Yes,6,85,Medium,Yes,2,Medium,High,Public,Neutral,1,No,High School,,Female,69,Average Performer
4076,31,61,Medium,Medium,No,4,79,Medium,Yes,0,Low,Low,Public,Positive,3,No,High School,Moderate,Female,65,Average Performer
4077,25,65,High,Low,Yes,8,85,Medium,Yes,2,Low,Medium,Public,Negative,3,No,Postgraduate,Near,Female,66,Average Performer
4078,23,87,Medium,Low,No,7,79,Medium,Yes,2,Medium,Medium,Public,Neutral,2,No,High School,Far,Male,67,Average Performer
4079,21,68,Medium,Medium,No,9,79,Low,Yes,1,High,High,Private,Negative,4,No,Postgraduate,Moderate,Female,66,Average Performer
4080,19,94,Medium,Medium,No,7,97,Medium,Yes,0,Medium,Medium,Public,Neutral,3,No,High School,Near,Female,69,Average Performer
4081,27,62,High,Low,No,7,96,Medium,Yes,2,Low,Medium,Public,Neutral,4,No,High School,Near,Male,66,Average Performer
4082,21,69,High,Medium,Yes,7,52,Low,Yes,0,Low,Medium,Public,Negative,3,No,Postgraduate,Near,Male,64,Average Performer
4083,8,100,High,High,Yes,6,71,Medium,Yes,0,Low,High,Public,Positive,2,No,Postgraduate,Near,Female,70,Average Performer
4084,13,77,Low,Medium,Yes,6,76,Low,No,1,Medium,Low,Private,Neutral,4,No,College,Moderate,Male,62,Average Performer
4085,19,88,Low,Medium,Yes,5,68,High,Yes,1,Low,Low,Public,Positive,5,No,High School,Moderate,Male,67,Average Performer
4086,22,67,Low,Medium,No,8,52,Medium,Yes,1,Medium,Low,Public,Negative,2,Yes,College,Moderate,Female,60,Average Performer
4087,20,84,Low,Low,No,7,74,Low,Yes,1,High,Medium,Public,Neutral,3,No,Postgraduate,Near,Female,66,Average Performer
4088,27,89,Medium,Medium,Yes,7,99,Medium,Yes,0,Medium,High,Public,Positive,2,No,High School,Near,Female,72,Average Performer
4089,8,73,Medium,High,Yes,10,54,Medium,Yes,2,Medium,Medium,Public,Positive,3,No,High School,Near,Male,63,Average Performer
4090,21,93,Low,Low,Yes,6,91,Low,Yes,1,High,Medium,Public,Negative,3,No,Postgraduate,Near,Male,69,Average Performer
4091,9,84,High,High,Yes,7,60,High,Yes,1,Low,Medium,Private,Positive,3,No,College,Moderate,Male,66,Average Performer
4092,25,76,Medium,Medium,Yes,7,79,Medium,Yes,2,Medium,Medium,Public,Positive,2,No,College,Near,Male,69,Average Performer
4093,19,82,High,Medium,No,9,69,Low,Yes,2,Medium,Medium,Private,Neutral,3,No,College,Moderate,Male,68,Average Performer
4094,23,83,Medium,Low,No,7,67,Medium,Yes,3,Low,Low,Public,Negative,4,No,High School,Moderate,Female,66,Average Performer
4095,15,67,Medium,Medium,Yes,7,94,Low,Yes,0,High,Low,Private,Positive,2,No,Postgraduate,Moderate,Male,63,Average Performer
4096,28,76,Medium,Medium,Yes,10,99,High,Yes,1,Medium,Medium,Public,Neutral,3,No,High School,Near,Male,70,Average Performer
4097,26,74,Medium,Medium,No,6,69,Medium,Yes,2,Low,High,Public,Positive,4,No,Postgraduate,Moderate,Male,68,Average Performer
4098,24,76,Medium,Medium,Yes,7,82,Medium,Yes,2,Medium,Medium,Public,Positive,4,No,College,Far,Male,68,Average Performer
4099,19,90,Medium,Medium,No,8,78,Medium,Yes,1,Low,Medium,Private,Neutral,3,No,High School,Moderate,Male,67,Average Performer
4100,23,79,High,High,Yes,6,54,Low,Yes,1,Low,Medium,Public,Neutral,1,No,High School,Moderate,Male,67,Average Performer
4101,16,98,High,Low,Yes,8,52,Medium,Yes,3,Low,High,Public,Neutral,3,No,College,Moderate,Female,69,Average Performer
4102,25,72,Medium,Medium,No,6,89,Low,Yes,3,Low,High,Public,Neutral,5,No,High School,Near,Male,68,Average Performer
4103,30,77,Medium,Low,Yes,9,70,Medium,Yes,0,Medium,High,Public,Neutral,1,No,High School,Moderate,Male,67,Average Performer
4104,26,91,High,Medium,Yes,8,65,Low,Yes,0,Medium,High,Public,Neutral,2,No,High School,Moderate,Male,70,Average Performer
4105,16,82,High,High,No,7,99,Low,Yes,3,Medium,Medium,Public,Positive,3,No,Postgraduate,Moderate,Male,70,Average Performer
4106,22,82,Medium,Low,No,5,54,Medium,Yes,2,Medium,Medium,Public,Neutral,2,No,College,Moderate,Male,66,Average Performer
4107,12,62,High,High,Yes,6,63,High,Yes,0,Low,Medium,Private,Negative,2,No,High School,Near,Male,61,Average Performer
4108,23,76,Low,High,Yes,7,93,Medium,Yes,2,Low,Medium,Public,Negative,2,No,College,Near,Male,68,Average Performer
4109,23,71,Low,Medium,Yes,8,71,Low,Yes,1,Low,Low,Public,Neutral,2,No,Postgraduate,Near,Female,64,Average Performer
4110,9,100,Low,Low,No,7,79,Medium,Yes,1,Low,Medium,Public,Positive,2,No,Postgraduate,Near,Male,66,Average Performer
4111,13,72,Low,High,Yes,8,52,Medium,Yes,3,High,High,Private,Positive,4,No,High School,,Male,65,Average Performer
4112,18,95,Medium,High,No,8,96,Medium,Yes,3,Medium,Low,Public,Negative,6,No,Postgraduate,Near,Male,73,Average Performer
4113,18,87,Low,Low,No,8,57,Medium,No,3,High,High,Public,Positive,4,No,High School,Near,Male,66,Average Performer
4114,13,74,High,High,Yes,7,61,Medium,Yes,2,Low,Medium,Public,Positive,3,No,High School,Moderate,Male,65,Average Performer
4115,22,82,Medium,High,Yes,7,58,Medium,Yes,0,Medium,Medium,Public,Negative,4,No,College,Near,Male,68,Average Performer
4116,22,94,Medium,Medium,Yes,7,75,Low,Yes,0,Low,High,Public,Neutral,3,No,High School,Near,Male,69,Average Performer
4117,19,95,Low,High,Yes,6,91,High,Yes,1,Medium,High,Public,Neutral,4,No,College,Near,Male,72,Average Performer
4118,15,66,Medium,Medium,No,9,63,Medium,Yes,3,Medium,Medium,Private,Neutral,3,No,High School,Near,Male,63,Average Performer
4119,26,74,Low,Medium,No,8,57,Medium,Yes,0,Medium,Medium,Private,Positive,1,No,High School,Near,Male,65,Average Performer
4120,30,73,High,Medium,Yes,9,70,Low,Yes,0,Medium,Medium,Public,Negative,4,No,College,Near,Male,69,Average Performer
4121,17,62,High,Low,No,6,99,Medium,Yes,2,Medium,Medium,Private,Negative,3,No,High School,Far,Female,62,Average Performer
4122,16,84,Medium,High,Yes,8,51,Low,Yes,0,Medium,Medium,Public,Negative,3,No,Postgraduate,Near,Female,66,Average Performer
4123,23,94,Low,Low,Yes,9,75,Medium,Yes,3,Low,Medium,Private,Neutral,2,No,Postgraduate,Moderate,Female,69,Average Performer
4124,18,75,High,Medium,Yes,9,83,Medium,Yes,2,Low,Medium,Public,Positive,4,Yes,Postgraduate,Moderate,Female,67,Average Performer
4125,19,90,Medium,High,Yes,5,90,Low,Yes,0,Low,Medium,Public,Neutral,2,No,College,Far,Female,94,Top Performer
4126,24,85,Medium,Medium,Yes,7,87,High,Yes,2,Medium,Medium,Private,Neutral,2,No,High School,Near,Female,71,Average Performer
4127,9,75,Medium,Medium,No,7,54,Low,Yes,2,Low,Medium,Public,Positive,4,No,High School,Near,Female,61,Average Performer
4128,28,66,High,Medium,Yes,9,73,Medium,Yes,2,Low,Medium,Public,Positive,2,No,College,Near,Male,68,Average Performer
4129,20,88,Medium,Medium,No,4,54,Low,Yes,0,High,Low,Public,Negative,4,No,High School,Near,Male,66,Average Performer
4130,18,94,High,High,Yes,5,81,Medium,Yes,0,High,Low,Public,Negative,5,No,High School,Near,Female,71,Average Performer
4131,19,87,Low,Medium,No,9,54,Low,Yes,3,Low,High,Public,Positive,4,No,High School,Moderate,Female,66,Average Performer
4132,20,61,Low,Medium,No,6,52,Medium,Yes,2,Low,Low,Private,Negative,2,No,Postgraduate,Near,Male,60,Average Performer
4133,10,69,Medium,Medium,Yes,5,65,Low,Yes,0,Medium,Medium,Private,Positive,3,No,High School,Near,Female,60,Average Performer
4134,29,63,Low,Low,Yes,9,97,High,No,3,Medium,High,Public,Negative,3,No,High School,Near,Male,66,Average Performer
4135,20,83,Medium,Low,Yes,5,85,Medium,Yes,1,High,High,Public,Neutral,2,No,College,Far,Male,67,Average Performer
4136,23,90,Low,Low,No,9,50,Low,Yes,4,Medium,Medium,Private,Neutral,3,No,High School,Moderate,Male,67,Average Performer
4137,26,64,Medium,Medium,No,5,64,Medium,Yes,2,High,Medium,Public,Negative,1,No,High School,Near,Male,64,Average Performer
4138,14,94,Medium,Medium,No,5,51,Medium,Yes,0,Medium,High,Public,Neutral,3,No,College,Near,Male,66,Average Performer
4139,23,82,High,Low,No,7,65,High,Yes,1,Medium,High,Public,Negative,3,No,High School,Near,Female,68,Average Performer
4140,18,88,High,Low,Yes,6,84,Medium,Yes,1,Medium,High,Public,Positive,3,No,Postgraduate,Moderate,Female,70,Average Performer
4141,25,99,High,Medium,Yes,7,88,Medium,Yes,3,Low,Medium,Private,Positive,4,No,College,Moderate,Female,75,Top Performer
4142,7,63,High,High,Yes,10,90,Medium,Yes,0,Low,Medium,Private,Positive,2,Yes,High School,Moderate,Male,86,Top Performer
4143,19,96,Medium,Medium,Yes,7,95,High,Yes,3,Medium,High,Private,Negative,3,No,College,Near,Female,73,Average Performer
4144,16,65,Medium,Low,No,9,68,Medium,Yes,1,High,Medium,Public,Neutral,3,No,High School,Moderate,Male,61,Average Performer
4145,23,76,High,High,No,7,93,Medium,Yes,0,Medium,Medium,Private,Negative,6,No,High School,Moderate,Male,68,Average Performer
4146,23,94,Medium,High,No,8,86,Medium,Yes,1,Low,High,Public,Neutral,0,No,College,Far,Female,70,Average Performer
4147,16,96,Medium,Medium,Yes,4,77,High,Yes,1,High,High,Public,Positive,2,No,High School,Near,Male,71,Average Performer
4148,16,80,High,Medium,Yes,8,98,High,Yes,2,Medium,High,Private,Positive,4,No,Postgraduate,Near,Male,71,Average Performer
4149,19,84,Medium,Medium,No,8,97,High,Yes,2,Medium,Medium,Public,Neutral,1,Yes,College,Near,Male,68,Average Performer
4150,15,88,High,High,Yes,6,95,Medium,Yes,2,Low,Medium,Public,Negative,4,No,High School,Near,Female,70,Average Performer
4151,25,93,Medium,Medium,Yes,10,60,Low,Yes,1,Medium,Medium,Public,Positive,3,No,College,Moderate,Male,70,Average Performer
4152,18,65,Medium,High,Yes,6,60,Low,Yes,0,Medium,High,Private,Neutral,3,No,High School,Moderate,Female,62,Average Performer
4153,3,92,High,Low,Yes,5,95,High,Yes,3,Medium,Medium,Public,Neutral,1,No,Postgraduate,Near,Female,67,Average Performer
4154,18,79,Medium,Medium,No,8,70,High,Yes,3,Medium,Medium,Public,Positive,3,No,College,Near,Female,68,Average Performer
4155,14,78,High,High,Yes,5,90,Medium,Yes,1,Medium,Medium,Public,Neutral,3,No,Postgraduate,Near,Female,68,Average Performer
4156,10,77,High,High,No,7,84,Low,Yes,2,Low,High,Private,Neutral,1,No,High School,Far,Male,64,Average Performer
4157,13,80,Medium,High,No,9,88,Medium,Yes,1,High,High,Public,Positive,3,No,Postgraduate,Near,Male,68,Average Performer
4158,21,98,Low,High,Yes,8,51,Medium,Yes,0,Medium,Medium,Public,Neutral,3,No,High School,Near,Male,69,Average Performer
4159,28,82,Medium,High,No,7,71,Low,Yes,1,Medium,High,Public,Neutral,3,No,High School,Near,Male,70,Average Performer
4160,22,98,Medium,Medium,Yes,6,93,Medium,Yes,4,Low,Medium,Public,Neutral,4,No,High School,Near,Female,73,Average Performer
4161,16,67,High,Medium,Yes,9,74,Medium,Yes,1,High,High,Public,Positive,3,No,Postgraduate,Moderate,Male,66,Average Performer
4162,23,89,Low,Medium,No,5,85,Low,Yes,0,Low,Medium,Public,Positive,3,No,Postgraduate,Moderate,Male,68,Average Performer
4163,17,92,Low,Medium,Yes,8,88,High,No,1,High,Medium,Public,Neutral,3,No,High School,Near,Female,68,Average Performer
4164,16,87,Low,Medium,Yes,10,56,Low,Yes,2,Medium,High,Private,Neutral,0,No,Postgraduate,Moderate,Female,65,Average Performer
4165,13,84,Medium,Medium,Yes,8,58,High,Yes,2,Low,Low,Public,Neutral,3,No,Postgraduate,Near,Female,66,Average Performer
4166,9,83,High,Low,Yes,7,86,Medium,Yes,0,Low,Medium,Public,Negative,1,No,College,Far,Female,62,Average Performer
4167,18,94,Low,Low,Yes,7,53,Low,Yes,3,Medium,High,Private,Neutral,2,No,High School,Near,Female,67,Average Performer
4168,21,93,Medium,High,Yes,6,67,High,Yes,1,Medium,High,Public,Positive,3,No,Postgraduate,Near,Female,73,Average Performer
4169,19,65,Medium,Low,Yes,6,96,Medium,Yes,2,Medium,High,Private,Neutral,2,No,Postgraduate,Near,Male,65,Average Performer
4170,18,94,High,Low,No,7,79,High,Yes,2,High,Medium,Private,Neutral,4,No,High School,Near,Female,70,Average Performer
4171,14,77,High,Medium,Yes,8,96,Medium,Yes,3,Medium,Medium,Public,Neutral,2,No,Postgraduate,Near,Male,68,Average Performer
4172,24,70,High,Medium,Yes,9,65,Medium,Yes,3,Medium,Low,Private,Positive,3,No,High School,Moderate,Male,67,Average Performer
4173,12,95,Low,Medium,Yes,4,82,High,Yes,2,Low,Medium,Public,Negative,3,No,High School,Moderate,Male,66,Average Performer
4174,25,77,Medium,Low,No,4,64,Low,Yes,3,Low,Medium,Public,Neutral,4,Yes,College,Near,Female,65,Average Performer
4175,14,92,High,Low,Yes,9,56,Low,Yes,1,Medium,Medium,Public,Neutral,4,No,High School,Moderate,Female,66,Average Performer
4176,15,71,High,High,No,7,100,Low,Yes,2,Low,Low,Public,Neutral,4,No,High School,Near,Male,66,Average Performer
4177,11,60,Medium,High,No,7,59,High,Yes,2,Low,Medium,Public,Positive,1,No,College,Moderate,Male,60,Average Performer
4178,17,80,High,Low,Yes,8,59,Medium,Yes,0,High,High,Public,Negative,4,No,College,Near,Female,66,Average Performer
4179,26,64,High,Medium,Yes,7,92,Low,Yes,2,Low,High,Private,Positive,4,No,College,Moderate,Female,68,Average Performer
4180,23,90,Medium,Medium,Yes,10,90,Low,Yes,3,Low,Medium,Public,Positive,5,No,High School,Near,Male,72,Average Performer
4181,26,71,Low,High,No,8,99,Medium,No,1,Medium,Medium,Public,Positive,3,No,College,Near,Male,68,Average Performer
4182,23,78,Medium,Medium,Yes,6,54,High,Yes,0,Low,Medium,Public,Neutral,3,No,Postgraduate,Near,Female,67,Average Performer
4183,13,63,High,Medium,No,6,55,High,Yes,0,Medium,Low,Public,Positive,4,No,Postgraduate,Near,Male,62,Average Performer
4184,18,71,Medium,Medium,No,7,72,High,Yes,0,High,High,Public,Positive,5,No,College,Moderate,Female,66,Average Performer
4185,15,91,High,Medium,No,6,80,Medium,Yes,0,Low,Medium,Private,Positive,3,No,Postgraduate,Near,Male,69,Average Performer
4186,28,66,Medium,Medium,No,10,52,Low,Yes,0,Low,High,Public,Positive,3,No,High School,Near,Male,64,Average Performer
4187,13,86,Low,Medium,No,7,58,Medium,No,0,Medium,Medium,Private,Positive,3,No,High School,Near,Male,63,Average Performer
4188,25,97,Low,High,Yes,5,85,Medium,Yes,2,High,Medium,Public,Positive,2,No,,Near,Male,74,Average Performer
4189,25,87,High,Medium,Yes,8,83,Medium,Yes,0,Medium,High,Private,Positive,4,No,College,Moderate,Male,72,Average Performer
4190,31,92,Medium,Medium,Yes,9,54,Medium,No,1,Low,Medium,Private,Positive,3,No,College,Near,Male,71,Average Performer
4191,18,64,Low,High,Yes,9,97,Medium,Yes,2,Medium,Medium,Public,Negative,3,No,High School,Moderate,Female,64,Average Performer
4192,24,70,High,High,No,6,63,Low,No,0,Low,Medium,Public,Neutral,3,No,High School,Near,Male,65,Average Performer
4193,34,96,Medium,Medium,Yes,5,94,High,Yes,1,Medium,High,Public,Negative,5,Yes,High School,Moderate,Female,75,Top Performer
4194,16,89,High,Medium,No,9,96,Medium,Yes,2,Medium,Low,Public,Positive,3,No,College,Far,Male,69,Average Performer
4195,11,86,Medium,Medium,No,5,75,Medium,Yes,1,Medium,Low,Public,Neutral,4,No,Postgraduate,Moderate,Female,65,Average Performer
4196,9,87,Low,Low,No,8,71,Low,No,0,Low,High,Public,Neutral,1,No,College,Moderate,Male,60,Average Performer
4197,24,77,Medium,Medium,Yes,6,64,Medium,Yes,2,High,Medium,Public,Positive,4,No,High School,Near,Male,69,Average Performer
4198,9,62,High,High,Yes,9,90,High,Yes,4,High,Medium,Public,Neutral,4,No,College,Far,Male,65,Average Performer
4199,18,91,Low,Medium,Yes,5,60,Low,Yes,0,High,High,Private,Positive,4,No,High School,Moderate,Male,67,Average Performer
4200,23,87,High,Low,No,6,81,Low,Yes,5,Medium,High,Private,Neutral,2,No,High School,Far,Female,70,Average Performer
4201,21,79,Medium,Low,Yes,8,78,Low,Yes,1,Low,High,Public,Positive,4,No,College,Moderate,Female,66,Average Performer
4202,23,96,Medium,Medium,Yes,8,62,Medium,Yes,0,Low,High,Public,Neutral,4,No,High School,Moderate,Female,69,Average Performer
4203,21,73,Medium,Medium,Yes,9,99,Medium,Yes,2,Medium,High,Public,Neutral,3,No,Postgraduate,Near,Male,69,Average Performer
4204,28,72,High,Medium,Yes,8,92,Low,Yes,1,Medium,Medium,Public,Negative,2,No,High School,Near,Female,68,Average Performer
4205,14,95,Medium,Medium,Yes,8,51,Medium,Yes,5,Medium,Medium,Private,Positive,4,No,College,Near,Female,70,Average Performer
4206,16,92,Medium,Low,No,9,71,High,Yes,2,Low,Medium,Private,Neutral,2,No,High School,Moderate,Female,66,Average Performer
4207,15,81,High,Medium,No,5,68,Low,No,0,Medium,High,Public,Positive,3,No,High School,Near,Female,65,Average Performer
4208,25,65,Low,Medium,No,6,94,Medium,Yes,1,Low,High,Public,Negative,4,No,College,Near,Male,65,Average Performer
4209,25,69,Low,Medium,Yes,5,63,Medium,Yes,1,High,Medium,Private,Neutral,2,No,High School,Near,Male,65,Average Performer
4210,23,86,Low,Medium,Yes,4,100,Medium,Yes,0,Low,High,Public,Negative,3,No,Postgraduate,Near,Male,69,Average Performer
4211,27,75,Medium,Medium,No,8,60,Medium,Yes,4,Medium,Medium,Public,Positive,2,No,Postgraduate,Moderate,Female,69,Average Performer
4212,13,93,Medium,High,No,9,62,Low,Yes,0,Low,Medium,Private,Neutral,3,No,High School,Moderate,Male,65,Average Performer
4213,30,98,High,High,Yes,8,83,High,No,1,Low,High,Public,Neutral,3,No,High School,Near,Female,76,Top Performer
4214,29,92,Medium,High,No,8,58,Low,Yes,2,Medium,Low,Private,Neutral,3,No,College,Near,Male,72,Average Performer
4215,24,75,Medium,Low,No,7,94,Medium,Yes,2,Medium,High,Public,Negative,4,No,High School,Near,Male,67,Average Performer
4216,31,92,High,Medium,Yes,7,55,Medium,Yes,3,Low,High,Public,Positive,3,No,High School,Near,Male,74,Average Performer
4217,10,74,Medium,Medium,Yes,10,99,High,Yes,2,Medium,High,Public,Neutral,3,No,College,Near,Male,66,Average Performer
4218,17,67,High,High,Yes,9,94,Medium,Yes,2,Low,Low,Private,Positive,3,No,High School,Near,Female,66,Average Performer
4219,16,61,Medium,High,No,6,92,High,Yes,4,High,High,Public,Neutral,3,No,High School,Near,Male,66,Average Performer
4220,24,75,Low,High,Yes,9,70,High,Yes,5,High,High,Public,Negative,5,No,College,Near,Female,71,Average Performer
4221,14,96,Medium,Low,No,9,76,Medium,Yes,0,Low,High,Public,Neutral,3,No,High School,Moderate,Male,66,Average Performer
4222,25,70,Low,High,No,8,73,High,Yes,1,Low,Low,Public,Negative,2,No,Postgraduate,Near,Male,65,Average Performer
4223,28,68,Low,High,Yes,8,99,Medium,Yes,1,High,Medium,Public,Neutral,3,No,High School,Near,Female,69,Average Performer
4224,24,99,Medium,Low,Yes,8,52,Low,Yes,1,Low,High,Public,Negative,2,No,High School,Near,Male,69,Average Performer
4225,22,61,Medium,Medium,Yes,5,69,Low,Yes,2,Low,High,Public,Neutral,2,No,,Far,Female,63,Average Performer
4226,14,91,Low,Medium,No,5,98,High,Yes,0,High,High,Public,Neutral,3,No,High School,Near,Female,68,Average Performer
4227,15,73,Medium,Medium,No,8,68,Medium,Yes,1,High,Medium,Public,Neutral,3,No,,Near,Female,64,Average Performer
4228,27,61,Medium,Medium,No,5,70,Medium,Yes,2,Low,Low,Public,Neutral,2,No,College,Near,Male,64,Average Performer
4229,25,97,Medium,High,Yes,5,82,High,Yes,1,Low,High,Public,Negative,5,No,College,Moderate,Male,73,Average Performer
4230,20,66,Low,High,Yes,4,95,High,Yes,2,High,Medium,Public,Neutral,2,No,High School,Moderate,Female,66,Average Performer
4231,17,82,Medium,High,No,6,65,Low,Yes,4,Low,Medium,Private,Positive,3,No,High School,Moderate,Female,67,Average Performer
4232,8,71,High,Medium,Yes,8,97,Medium,Yes,3,Medium,Medium,Private,Neutral,1,Yes,High School,Near,Female,63,Average Performer
4233,14,63,Medium,Medium,Yes,8,64,High,Yes,1,Low,Medium,Public,Neutral,3,No,High School,Moderate,Male,61,Average Performer
4234,31,62,Medium,Medium,Yes,8,91,High,Yes,4,High,High,Public,Positive,4,No,High School,Moderate,Male,71,Average Performer
4235,12,65,Low,Medium,Yes,6,64,Medium,Yes,1,Medium,Medium,Public,Positive,3,No,College,Near,Female,61,Average Performer
4236,21,63,Medium,Low,Yes,7,54,Low,Yes,1,Medium,Medium,Private,Positive,3,No,College,Moderate,Female,62,Average Performer
4237,26,90,High,High,Yes,8,91,Medium,Yes,1,High,High,Private,Neutral,4,Yes,High School,Near,Male,74,Average Performer
4238,12,79,Medium,Medium,No,8,73,Medium,Yes,2,Medium,Medium,Private,Neutral,4,No,High School,Near,Male,65,Average Performer
4239,21,74,Low,Low,Yes,6,70,Low,Yes,2,Low,High,Public,Positive,3,No,High School,Moderate,Female,64,Average Performer
4240,26,77,Low,Low,No,7,71,Medium,Yes,1,Medium,High,Public,Neutral,4,No,Postgraduate,Moderate,Male,66,Average Performer
4241,20,97,High,High,Yes,4,81,Medium,Yes,1,Medium,Medium,Public,Positive,2,Yes,High School,,Male,72,Average Performer
4242,37,96,High,Medium,Yes,7,63,Medium,Yes,0,Medium,High,Private,Positive,4,No,High School,Near,Male,76,Top Performer
4243,10,89,Medium,Medium,Yes,6,62,Medium,Yes,4,Low,Medium,Public,Positive,3,No,Postgraduate,Moderate,Male,67,Average Performer
4244,26,95,Medium,High,No,9,74,Low,Yes,3,Low,Medium,Private,Neutral,3,Yes,High School,Near,Female,71,Average Performer
4245,19,73,High,Medium,No,6,52,Medium,Yes,1,Medium,Medium,Public,Positive,3,No,High School,Near,Male,65,Average Performer
4246,25,75,Low,Low,Yes,7,82,Medium,Yes,3,Medium,High,Private,Negative,4,No,Postgraduate,Near,Male,68,Average Performer
4247,23,85,Medium,Medium,Yes,6,91,Low,Yes,1,Low,High,Public,Neutral,3,No,High School,Far,Male,68,Average Performer
4248,16,85,High,Low,Yes,6,86,Low,Yes,3,High,High,Private,Neutral,2,No,High School,Far,Male,67,Average Performer
4249,21,79,Medium,Low,No,8,73,Medium,Yes,1,Low,Low,Public,Neutral,2,No,High School,Near,Female,64,Average Performer
4250,9,76,Low,High,No,6,78,Low,No,0,Medium,Medium,Public,Negative,4,Yes,Postgraduate,Near,Male,60,Average Performer
4251,24,99,Medium,Medium,No,10,51,Low,Yes,1,Low,Medium,Public,Neutral,3,No,,Near,Male,70,Average Performer
4252,22,93,High,Medium,Yes,4,96,High,Yes,1,High,Low,Private,Positive,2,No,College,Near,Male,73,Average Performer
4253,24,77,Medium,Medium,Yes,8,78,Low,Yes,2,High,High,Private,Positive,3,No,High School,Moderate,Male,69,Average Performer
4254,26,89,High,Medium,No,7,66,Medium,Yes,0,Low,Medium,Public,Neutral,5,Yes,College,Near,Male,70,Average Performer
4255,22,71,Medium,Medium,No,7,65,Low,Yes,1,Low,Medium,Public,Neutral,3,No,College,Near,Male,64,Average Performer
4256,21,64,High,Low,Yes,7,83,High,Yes,2,Low,Low,Public,Neutral,3,No,High School,Moderate,Female,64,Average Performer
4257,15,74,High,Medium,Yes,8,79,Medium,Yes,0,High,Medium,Public,Negative,3,No,College,Near,Male,65,Average Performer
4258,16,76,Medium,Medium,No,7,59,Low,Yes,0,Low,Medium,Public,Neutral,2,No,College,Near,Female,62,Average Performer
4259,27,61,Medium,Medium,Yes,9,70,Medium,Yes,0,Medium,Medium,Public,Neutral,2,No,High School,,Male,64,Average Performer
4260,29,93,Medium,Medium,Yes,7,84,Medium,Yes,0,High,Medium,Public,Neutral,3,No,College,Moderate,Male,72,Average Performer
4261,19,74,Medium,Low,Yes,5,65,High,No,1,Low,High,Public,Positive,3,No,High School,Near,Male,64,Average Performer
4262,20,83,Medium,Medium,Yes,7,75,Medium,Yes,0,Medium,Medium,Public,Neutral,4,No,High School,Near,Female,67,Average Performer
4263,15,63,High,High,Yes,9,63,Low,No,4,High,High,Private,Negative,3,No,College,Near,Male,64,Average Performer
4264,27,67,Low,Medium,No,6,54,Medium,Yes,0,Medium,Low,Private,Negative,2,No,High School,Far,Male,61,Average Performer
4265,24,96,Medium,High,Yes,5,69,Medium,Yes,1,Low,Medium,Public,Positive,4,No,High School,Near,Male,72,Average Performer
4266,32,84,Medium,Medium,Yes,8,87,Medium,No,2,Medium,Medium,Public,Positive,1,No,High School,Far,Male,70,Average Performer
4267,15,98,Medium,High,No,8,61,Medium,Yes,4,Low,Medium,Public,Positive,2,No,High School,Moderate,Female,70,Average Performer
4268,18,100,Medium,Medium,No,6,88,Medium,Yes,2,Medium,Medium,Public,Neutral,2,No,College,Moderate,Male,71,Average Performer
4269,21,75,High,High,No,7,83,Low,Yes,1,Medium,Medium,Public,Positive,2,No,College,Near,Female,68,Average Performer
4270,24,72,Medium,Medium,No,7,75,Medium,Yes,3,High,Medium,Private,Neutral,2,No,College,Near,Female,68,Average Performer
4271,19,94,High,High,No,7,99,Medium,Yes,0,Low,Medium,Public,Neutral,1,Yes,High School,Near,Male,70,Average Performer
4272,15,100,High,High,No,8,94,High,Yes,2,Medium,High,Public,Negative,3,No,College,Near,Male,73,Average Performer
4273,25,85,High,Medium,No,6,78,Low,Yes,2,Medium,High,Public,Neutral,1,No,High School,Far,Female,69,Average Performer
4274,24,92,Medium,High,No,8,78,High,Yes,0,Medium,Medium,Public,Neutral,3,No,High School,Near,Male,71,Average Performer
4275,15,91,Low,Medium,No,6,64,Low,Yes,1,Low,High,Public,Positive,3,Yes,High School,Near,Male,64,Average Performer
4276,28,74,Medium,Medium,No,9,96,Low,Yes,0,Medium,Medium,Private,Neutral,3,No,High School,Near,Female,68,Average Performer
4277,27,83,Medium,Medium,No,10,95,Medium,Yes,0,High,Low,Private,Neutral,4,No,High School,Moderate,Female,69,Average Performer
4278,21,93,High,Low,No,6,87,Medium,Yes,1,Low,High,Public,Positive,2,No,High School,Near,Female,70,Average Performer
4279,20,88,Medium,Medium,No,5,56,Medium,Yes,1,Low,Medium,Public,Neutral,4,No,,Near,Female,67,Average Performer
4280,23,61,Medium,High,Yes,8,85,Medium,Yes,1,Medium,High,Private,Positive,0,No,High School,Near,Male,66,Average Performer
4281,15,73,Medium,High,No,7,63,Medium,Yes,2,Medium,Medium,Public,Neutral,5,No,Postgraduate,Moderate,Male,65,Average Performer
4282,20,66,Medium,High,Yes,8,59,Low,Yes,4,Medium,Medium,Public,Positive,3,No,College,Near,Male,66,Average Performer
4283,7,69,Low,Medium,Yes,6,88,Medium,Yes,0,Low,High,Private,Negative,4,No,Postgraduate,Near,Female,61,Average Performer
4284,25,96,Low,Medium,No,7,98,Medium,Yes,0,Low,Medium,Public,Positive,2,No,High School,Near,Female,71,Average Performer
4285,11,61,High,Low,Yes,6,55,Medium,Yes,5,High,Low,Public,Neutral,3,No,High School,Far,Male,60,Average Performer
4286,29,69,Medium,Medium,Yes,7,58,Medium,Yes,1,Low,Low,Public,Positive,2,No,College,Near,Male,66,Average Performer
4287,18,72,Low,Low,Yes,5,61,Low,Yes,1,Medium,Medium,Private,Negative,4,No,College,Moderate,Male,61,Average Performer
4288,19,85,Medium,Medium,Yes,7,98,High,Yes,2,Medium,Medium,Public,Negative,3,Yes,High School,Moderate,Female,68,Average Performer
4289,16,81,Medium,High,Yes,5,85,High,No,2,Low,Medium,Public,Positive,3,No,College,Near,Male,68,Average Performer
4290,18,69,Medium,Medium,Yes,6,84,Medium,Yes,2,Low,Medium,Public,Positive,4,No,High School,Near,Male,65,Average Performer
4291,29,67,High,Low,No,7,75,Medium,No,3,Low,Medium,Public,Neutral,1,No,High School,Near,Female,65,Average Performer
4292,5,69,Medium,Medium,Yes,8,77,Medium,No,2,Low,High,Public,Negative,2,No,College,Near,Female,60,Average Performer
4293,28,80,Low,Medium,No,8,65,Low,Yes,2,Low,Medium,Private,Neutral,2,No,College,Near,Male,67,Average Performer
4294,22,71,High,Medium,No,8,58,Medium,No,2,Low,Medium,Public,Negative,4,No,College,Near,Female,65,Average Performer
4295,13,98,High,Medium,Yes,5,89,High,Yes,1,High,Medium,Public,Negative,3,No,High School,Near,Male,70,Average Performer
4296,14,79,Medium,Medium,No,9,74,Medium,Yes,1,Medium,Medium,Public,Neutral,4,No,High School,Near,Male,64,Average Performer
4297,30,62,Medium,High,Yes,6,63,Medium,Yes,2,Low,High,Public,Positive,4,No,High School,Moderate,Male,68,Average Performer
4298,14,89,High,Medium,No,6,82,High,Yes,2,Medium,Medium,Public,Negative,4,No,College,Moderate,Female,69,Average Performer
4299,13,73,Medium,High,Yes,7,60,High,Yes,0,High,High,Public,Neutral,3,No,College,Near,Female,65,Average Performer
4300,27,86,Medium,Medium,No,6,74,Medium,Yes,2,High,High,Private,Neutral,3,No,High School,Near,Male,71,Average Performer
4301,22,71,Medium,Medium,Yes,8,60,Low,Yes,1,Medium,High,Public,Neutral,4,No,High School,Moderate,Female,65,Average Performer
4302,14,83,Medium,High,Yes,8,88,Low,Yes,0,High,Medium,Public,Negative,2,Yes,High School,Moderate,Male,65,Average Performer
4303,21,91,Medium,Medium,Yes,6,66,High,Yes,0,Medium,Medium,Public,Positive,2,Yes,College,Far,Female,68,Average Performer
4304,14,97,Medium,Low,No,7,72,High,Yes,1,Low,Low,Public,Neutral,3,No,High School,Near,Female,66,Average Performer
4305,27,70,Low,Low,Yes,7,88,Medium,No,1,High,Medium,Public,Neutral,3,No,High School,Near,Male,65,Average Performer
4306,26,73,High,High,Yes,8,83,Low,Yes,2,Medium,Medium,Public,Positive,4,No,College,Near,Male,71,Average Performer
4307,23,79,Low,Medium,Yes,6,70,Medium,Yes,3,Medium,High,Public,Negative,4,No,Postgraduate,Moderate,Female,68,Average Performer
4308,22,97,Medium,Medium,Yes,6,54,Medium,No,2,High,Medium,Public,Neutral,2,No,College,Near,Male,70,Average Performer
4309,31,96,Medium,Low,No,5,96,Low,Yes,3,Low,High,Private,Neutral,2,No,College,,Female,74,Average Performer
4310,20,64,High,Low,Yes,6,50,High,Yes,0,Low,Medium,Private,Neutral,2,No,High School,Near,Male,62,Average Performer
4311,13,65,Medium,High,No,5,87,Low,Yes,1,Medium,Medium,Public,Positive,2,Yes,High School,Moderate,Female,61,Average Performer
4312,23,80,High,High,Yes,6,97,Medium,Yes,0,Medium,Medium,Private,Neutral,3,No,High School,Near,Male,70,Average Performer
4313,33,64,Low,Medium,Yes,9,65,Medium,Yes,0,Medium,,Public,Negative,2,No,College,Moderate,Male,65,Average Performer
4314,14,74,Medium,Medium,Yes,8,54,High,Yes,2,Low,Low,Public,Neutral,2,No,High School,Moderate,Male,62,Average Performer
4315,18,66,High,High,No,9,62,Medium,Yes,2,High,Medium,Public,Neutral,4,No,High School,Moderate,Female,65,Average Performer
4316,22,85,High,Medium,No,6,66,Low,Yes,0,Low,Medium,Private,Positive,4,No,College,Near,Male,68,Average Performer
4317,20,98,Medium,High,Yes,4,73,Medium,Yes,2,Medium,Low,Private,Positive,1,No,High School,Far,Male,70,Average Performer
4318,14,100,Medium,Low,No,7,76,Low,Yes,1,Medium,Medium,Private,Neutral,3,No,Postgraduate,Near,Female,68,Average Performer
4319,27,75,Low,Medium,No,10,86,Medium,No,3,Medium,Medium,Private,Positive,6,No,Postgraduate,Near,Female,69,Average Performer
4320,34,84,Medium,High,Yes,6,95,Medium,Yes,1,Low,Medium,Private,Neutral,3,No,Postgraduate,Far,Male,73,Average Performer
4321,21,94,Medium,Medium,Yes,7,73,Medium,Yes,1,Medium,Medium,Private,Positive,5,No,College,Near,Female,71,Average Performer
4322,15,65,Low,High,Yes,5,87,Medium,Yes,0,Low,High,Private,Neutral,4,No,High School,Near,Female,63,Average Performer
4323,11,88,High,Medium,Yes,7,56,Low,Yes,2,Medium,Medium,Public,Neutral,2,No,College,Near,Male,66,Average Performer
4324,22,76,High,Low,Yes,7,66,Low,Yes,1,Low,High,Private,Positive,4,No,Postgraduate,Near,Male,67,Average Performer
4325,27,68,Low,High,No,4,56,Medium,Yes,0,Low,High,Public,Neutral,1,No,,Near,Female,64,Average Performer
4326,23,76,Medium,Low,Yes,5,85,Medium,Yes,1,Medium,Low,Public,Neutral,3,No,High School,Near,Female,66,Average Performer
4327,20,63,High,High,Yes,5,95,Medium,Yes,2,High,High,Public,Positive,3,No,College,Near,Male,69,Average Performer
4328,16,88,Medium,High,Yes,5,94,High,Yes,4,Medium,Medium,Private,Positive,6,No,College,Moderate,Male,72,Average Performer
4329,13,70,Medium,High,Yes,6,66,Medium,Yes,1,Medium,Medium,Public,Negative,4,No,High School,Near,Male,63,Average Performer
4330,25,72,Medium,High,Yes,8,62,Medium,Yes,2,Low,Medium,Public,Positive,2,No,High School,Near,Female,67,Average Performer
4331,25,65,Low,Medium,No,6,64,Medium,Yes,1,Medium,Medium,Private,Negative,4,No,College,Near,Male,64,Average Performer
4332,11,95,Medium,Medium,Yes,9,64,High,Yes,4,Low,Medium,Public,Positive,4,No,High School,Moderate,Male,68,Average Performer
4333,30,80,High,High,No,6,54,High,Yes,1,High,Medium,Public,Positive,3,No,High School,Moderate,Female,71,Average Performer
4334,23,83,Medium,Low,Yes,7,57,Medium,No,2,Medium,High,Public,Positive,4,No,High School,Moderate,Female,67,Average Performer
4335,28,83,Medium,Low,No,8,61,Medium,Yes,1,Low,Medium,Private,Negative,5,Yes,Postgraduate,Near,Male,67,Average Performer
4336,12,76,Medium,Medium,Yes,9,50,Medium,Yes,2,Medium,High,Public,Negative,3,No,College,Near,Male,64,Average Performer
4337,12,68,High,Low,No,6,52,Low,Yes,5,High,High,Public,Neutral,3,No,College,Near,Male,63,Average Performer
4338,19,90,High,High,No,8,85,Medium,Yes,2,Medium,Medium,Public,Neutral,4,No,College,Near,Male,72,Average Performer
4339,23,65,Low,Medium,Yes,6,81,Low,Yes,2,Low,Medium,Public,Neutral,2,No,High School,Near,Female,63,Average Performer
4340,31,64,High,Medium,No,10,97,Low,Yes,2,Medium,Medium,Private,Negative,4,No,High School,Far,Female,67,Average Performer
4341,24,88,Low,Medium,Yes,5,70,Medium,No,1,Low,Medium,Private,Positive,2,No,Postgraduate,Near,Male,68,Average Performer
4342,19,68,Low,High,Yes,8,72,High,Yes,2,Low,High,Private,Neutral,3,No,College,Far,Male,64,Average Performer
4343,14,72,Medium,High,No,9,53,Medium,Yes,4,Medium,Medium,Public,Negative,3,No,Postgraduate,Near,Male,65,Average Performer
4344,27,79,Medium,Low,Yes,5,58,High,Yes,2,Medium,Medium,Private,Neutral,1,No,Postgraduate,Far,Female,68,Average Performer
4345,14,78,Medium,High,Yes,8,85,Medium,Yes,2,Low,Medium,Private,Negative,4,No,High School,Near,Male,66,Average Performer
4346,30,88,Medium,Medium,Yes,6,62,High,Yes,4,Low,Medium,Private,Positive,5,No,College,Far,Female,73,Average Performer
4347,18,85,Low,Medium,Yes,10,89,Medium,Yes,1,High,Medium,Private,Positive,3,No,High School,Near,Female,68,Average Performer
4348,30,86,Medium,High,No,4,85,High,Yes,2,Medium,Medium,Private,Neutral,5,Yes,Postgraduate,Far,Male,72,Average Performer
4349,24,89,Medium,Medium,Yes,5,87,Medium,No,3,High,Medium,Public,Neutral,0,No,High School,Near,Female,70,Average Performer
4350,19,72,Medium,Medium,Yes,5,85,High,Yes,1,Low,Medium,Private,Neutral,4,No,College,Near,Female,66,Average Performer
4351,17,73,Low,Medium,Yes,5,85,High,Yes,3,Medium,Medium,Public,Positive,1,No,College,Near,Female,66,Average Performer
4352,18,78,Low,Low,Yes,8,77,Medium,Yes,2,Medium,High,Private,Neutral,4,No,College,Near,Female,66,Average Performer
4353,23,72,High,Low,Yes,10,84,Low,Yes,2,Low,Medium,Public,Negative,2,No,High School,Moderate,Male,65,Average Performer
4354,20,99,High,Low,Yes,9,76,High,Yes,2,Low,Medium,Public,Neutral,5,No,College,Far,Male,71,Average Performer
4355,16,93,Low,Medium,Yes,7,60,Medium,Yes,1,Medium,Medium,Public,Positive,1,No,High School,Moderate,Female,66,Average Performer
4356,19,67,Medium,Low,No,7,61,High,Yes,1,Medium,,Private,Neutral,4,No,College,Moderate,Female,63,Average Performer
4357,20,60,Medium,Medium,Yes,6,70,Medium,Yes,2,Low,Medium,Public,Neutral,3,Yes,Postgraduate,Near,Female,63,Average Performer
4358,7,62,High,Medium,Yes,8,51,Low,Yes,0,Medium,Low,Public,Positive,3,No,College,Moderate,Male,58,Average Performer
4359,23,70,Medium,High,No,7,94,Low,Yes,3,Medium,High,Public,Neutral,3,No,,Near,Female,68,Average Performer
4360,14,65,High,Medium,No,7,63,Medium,Yes,2,Low,Medium,Public,Neutral,3,No,High School,Moderate,Male,61,Average Performer
4361,13,81,Medium,High,No,6,53,Low,Yes,2,Low,Medium,Public,Positive,4,No,High School,Near,Male,65,Average Performer
4362,10,94,High,Low,No,5,71,Medium,Yes,1,High,Medium,Public,Positive,3,No,High School,Moderate,Male,67,Average Performer
4363,9,89,Low,High,Yes,7,91,Medium,Yes,1,High,Low,Public,Neutral,3,No,Postgraduate,Near,Male,67,Average Performer
4364,12,69,High,Low,No,7,70,Medium,Yes,1,Medium,Medium,Private,Positive,4,No,High School,Near,Male,62,Average Performer
4365,16,76,Medium,High,Yes,6,63,High,Yes,0,Low,Medium,Public,Positive,1,No,High School,Near,Female,86,Top Performer
4366,32,80,High,Medium,No,6,77,Low,Yes,0,Medium,Medium,Public,Neutral,5,No,College,Near,Male,71,Average Performer
4367,17,92,Medium,Medium,Yes,8,79,Medium,Yes,1,Low,Medium,Public,Positive,3,No,Postgraduate,Near,Male,70,Average Performer
4368,21,94,Medium,Medium,No,8,88,Medium,Yes,1,Medium,Medium,Public,Positive,3,No,College,Near,Male,71,Average Performer
4369,22,96,High,Low,No,10,90,High,Yes,2,Low,Medium,Public,Neutral,3,Yes,College,Moderate,Male,71,Average Performer
4370,21,80,High,High,Yes,9,85,Low,Yes,1,High,Medium,Public,Negative,3,No,College,Near,Female,70,Average Performer
4371,20,88,Medium,High,Yes,5,50,Medium,No,2,Low,Medium,Public,Neutral,5,No,High School,Moderate,Male,67,Average Performer
4372,13,64,Medium,Low,Yes,7,50,High,Yes,0,Medium,Low,Public,Positive,4,No,High School,Near,Male,60,Average Performer
4373,29,83,High,High,No,5,99,Medium,Yes,0,Medium,High,Public,Neutral,4,No,College,Near,Female,73,Average Performer
4374,31,70,High,Low,Yes,4,63,High,Yes,1,Medium,Medium,Public,Neutral,2,Yes,High School,Near,Female,67,Average Performer
4375,10,77,Low,High,Yes,10,64,High,Yes,1,Low,Medium,Private,Negative,3,Yes,College,Near,Female,62,Average Performer
4376,14,85,Medium,High,No,9,87,High,Yes,0,Medium,Medium,Public,Negative,3,No,College,Near,Female,67,Average Performer
4377,18,70,High,Low,No,6,79,Medium,Yes,1,Medium,High,Public,Positive,2,No,College,Near,Female,65,Average Performer
4378,14,62,Medium,Medium,No,9,73,Medium,Yes,1,Low,Medium,Public,Neutral,6,No,High School,Near,Male,61,Average Performer
4379,23,60,High,Medium,Yes,9,56,Low,No,0,Low,Medium,Private,Negative,4,No,High School,Moderate,Female,61,Average Performer
4380,16,61,High,Medium,No,4,54,Low,Yes,1,Low,Medium,Private,Neutral,2,No,High School,Near,Female,60,Average Performer
4381,33,60,High,High,No,8,85,Low,Yes,4,Low,Low,Public,Negative,3,No,High School,Near,Male,68,Average Performer
4382,27,64,High,Medium,Yes,6,56,Low,Yes,0,Low,High,Public,Neutral,5,No,College,Moderate,Female,65,Average Performer
4383,21,70,High,High,Yes,8,72,Low,Yes,3,Medium,Low,Public,Neutral,1,No,Postgraduate,Moderate,Female,67,Average Performer
4384,26,69,High,Low,No,10,87,Low,Yes,2,Medium,Low,Public,Positive,2,No,Postgraduate,Near,Male,67,Average Performer
4385,27,99,High,Medium,No,9,96,Low,Yes,0,High,Medium,Private,Positive,2,No,College,Moderate,Male,74,Average Performer
4386,17,72,Low,Medium,No,7,94,Low,Yes,4,Medium,Medium,Public,Positive,2,No,High School,Far,Female,64,Average Performer
4387,15,65,Medium,High,Yes,9,93,Low,Yes,2,Low,Low,Private,Neutral,3,No,College,Near,Male,64,Average Performer
4388,20,82,Medium,Low,Yes,4,68,Medium,Yes,2,Low,High,Public,Neutral,3,No,High School,Near,Male,67,Average Performer
4389,25,94,High,High,No,8,96,High,Yes,6,Medium,Medium,Public,Negative,3,Yes,High School,Far,Female,74,Average Performer
4390,21,87,Medium,Medium,Yes,8,84,High,Yes,1,Low,Low,Private,Positive,2,No,College,Near,Male,69,Average Performer
4391,11,72,Low,Medium,No,8,94,High,Yes,1,Low,Low,Public,Positive,2,No,High School,Near,Male,62,Average Performer
4392,15,82,Medium,Medium,Yes,6,54,Medium,Yes,1,Medium,Medium,Public,Positive,2,No,College,,Female,66,Average Performer
4393,20,89,High,High,Yes,8,52,Low,Yes,2,Medium,Medium,Public,Negative,3,No,College,Moderate,Female,69,Average Performer
4394,20,89,High,Medium,Yes,8,71,Medium,Yes,1,Medium,Medium,Public,Negative,1,No,Postgraduate,Far,Male,68,Average Performer
4395,32,87,High,Medium,Yes,4,91,Medium,Yes,2,High,Medium,Public,Neutral,2,No,High School,Moderate,Female,74,Average Performer
4396,12,95,Medium,Medium,No,7,70,Medium,Yes,4,Medium,High,Public,Positive,3,No,High School,Far,Male,68,Average Performer
4397,23,95,Medium,Medium,Yes,6,94,High,Yes,2,Medium,Medium,Public,Neutral,3,No,High School,Near,Male,73,Average Performer
4398,29,83,Medium,Low,No,8,62,Low,Yes,4,High,Medium,Public,Negative,5,No,College,Near,Male,70,Average Performer
4399,34,77,Medium,High,No,9,52,Medium,Yes,0,Medium,Medium,Private,Neutral,4,No,High School,Moderate,Female,69,Average Performer
4400,18,86,Medium,Medium,Yes,6,88,Medium,Yes,2,Medium,High,Public,Neutral,2,No,College,Far,Male,68,Average Performer
4401,23,93,Medium,High,No,5,81,High,Yes,2,Low,Medium,Private,Negative,1,No,College,Near,Male,71,Average Performer
4402,23,60,Low,Medium,No,7,72,Low,Yes,3,High,Medium,Public,Neutral,2,No,College,Near,Female,64,Average Performer
4403,21,100,Medium,Medium,No,5,92,Low,Yes,3,Low,Low,Public,Positive,3,Yes,Postgraduate,Near,Male,71,Average Performer
4404,19,67,Medium,Medium,No,7,91,Medium,Yes,1,Low,High,Public,Neutral,3,No,High School,Near,Female,65,Average Performer
4405,23,79,Low,Medium,Yes,7,66,High,Yes,1,High,Medium,Private,Positive,3,No,Postgraduate,Near,Male,68,Average Performer
4406,5,95,Medium,High,Yes,8,92,Low,Yes,1,Low,High,Private,Neutral,2,No,College,Near,Female,67,Average Performer
4407,24,69,Medium,High,Yes,7,67,Medium,Yes,2,Medium,High,Public,Negative,4,No,Postgraduate,Far,Male,67,Average Performer
4408,21,79,Medium,Low,Yes,7,81,Low,Yes,2,Medium,Medium,Public,Neutral,4,No,High School,Near,Male,67,Average Performer
4409,19,65,Medium,High,Yes,9,60,Low,Yes,1,Low,Medium,Public,Neutral,3,No,Postgraduate,Moderate,Male,63,Average Performer
4410,32,76,Medium,Medium,No,7,63,Medium,Yes,0,Medium,Low,Public,Positive,3,No,High School,Near,Female,68,Average Performer
4411,16,67,High,High,Yes,6,72,Medium,Yes,1,Low,High,Public,Positive,3,No,Postgraduate,Near,Female,66,Average Performer
4412,18,75,Medium,Medium,Yes,7,66,High,Yes,1,High,High,Public,Positive,4,No,High School,Near,Male,67,Average Performer
4413,32,75,Medium,Low,Yes,6,56,Medium,Yes,3,Medium,Medium,Public,Neutral,2,No,College,Moderate,Female,68,Average Performer
4414,15,100,High,Medium,Yes,5,74,Medium,Yes,2,High,Medium,Private,Neutral,3,No,Postgraduate,Near,Male,72,Average Performer
4415,17,100,Medium,Medium,No,5,76,Low,Yes,3,Low,High,Private,Neutral,3,No,Postgraduate,Moderate,Female,70,Average Performer
4416,19,65,Low,High,No,9,58,Low,Yes,3,Medium,Medium,Public,Negative,4,No,High School,Moderate,Female,62,Average Performer
4417,25,89,Medium,Low,Yes,6,59,Medium,Yes,2,Low,Medium,Public,Neutral,2,No,College,Near,Female,69,Average Performer
4418,21,62,Medium,Low,Yes,7,51,Low,Yes,0,Low,Medium,Private,Positive,4,No,High School,Near,Female,61,Average Performer
4419,12,61,Medium,Low,Yes,7,52,Low,Yes,2,Low,Medium,Public,Positive,2,No,High School,Moderate,Female,58,Average Performer
4420,17,64,Low,Medium,No,7,68,Medium,Yes,5,Medium,Medium,Private,Neutral,3,No,High School,Near,Male,63,Average Performer
4421,16,99,High,Medium,No,9,57,High,No,4,Medium,Medium,Public,Positive,3,No,College,Near,Female,71,Average Performer
4422,20,98,Low,Medium,Yes,7,96,Low,No,1,Low,High,Public,Positive,3,No,College,Near,Female,70,Average Performer
4423,23,68,High,Medium,No,6,60,Medium,Yes,1,Low,Medium,Public,Neutral,3,No,High School,Near,Female,64,Average Performer
4424,23,66,High,Low,No,6,53,Low,Yes,2,Medium,Medium,Public,Positive,1,No,College,Far,Male,63,Average Performer
4425,9,70,High,Medium,Yes,8,70,Low,Yes,1,Medium,Medium,Public,Positive,3,No,College,Near,Male,63,Average Performer
4426,26,81,High,Low,No,8,60,High,Yes,2,Low,High,Public,Positive,5,No,Postgraduate,Near,Female,71,Average Performer
4427,22,83,Low,High,Yes,8,53,Medium,No,0,Low,Low,Public,Negative,2,No,Postgraduate,Near,Female,65,Average Performer
4428,28,69,High,High,No,7,88,Low,Yes,2,Low,Medium,Public,Neutral,2,No,High School,Moderate,Male,68,Average Performer
4429,23,90,Medium,High,Yes,5,78,High,No,1,Medium,Medium,Private,Neutral,3,No,High School,Moderate,Male,70,Average Performer
4430,27,72,High,High,Yes,8,53,Medium,Yes,3,Medium,Low,Public,Neutral,3,No,High School,Far,Female,68,Average Performer
4431,23,97,Medium,High,No,7,73,Medium,No,3,Low,Medium,Private,Negative,1,No,High School,Moderate,Male,69,Average Performer
4432,28,86,Medium,Medium,Yes,7,52,Medium,Yes,0,Medium,Medium,Public,Positive,5,No,College,Near,Male,70,Average Performer
4433,23,77,High,Medium,No,5,68,Low,Yes,0,High,High,Private,Positive,3,Yes,High School,Near,Male,67,Average Performer
4434,19,92,Low,High,Yes,6,68,Medium,Yes,2,Medium,Medium,Public,Neutral,2,No,High School,Near,Female,69,Average Performer
4435,34,93,Low,Medium,No,6,91,Low,Yes,2,High,Medium,Public,Neutral,3,No,,Moderate,Female,73,Average Performer
4436,25,72,Medium,Medium,Yes,8,87,Low,Yes,3,Medium,Low,Public,Positive,3,No,Postgraduate,Moderate,Male,68,Average Performer
4437,23,74,High,Medium,No,8,95,Medium,Yes,2,Low,Medium,Public,Negative,2,No,College,Far,Female,67,Average Performer
4438,12,97,Medium,High,Yes,7,57,Low,Yes,0,Low,Medium,Private,Positive,4,No,College,Moderate,Female,67,Average Performer
4439,12,67,Medium,High,Yes,8,77,Medium,Yes,2,Low,High,Private,Positive,3,No,College,Near,Male,64,Average Performer
4440,22,62,High,Medium,No,9,51,Medium,Yes,2,Low,Medium,Public,Neutral,2,No,High School,Near,Male,63,Average Performer
4441,21,78,Low,High,No,8,91,Medium,No,1,Medium,Low,Private,Negative,5,No,Postgraduate,Near,Female,67,Average Performer
4442,16,92,Medium,High,Yes,8,68,Medium,Yes,1,Medium,High,Public,Positive,2,No,High School,Near,Male,70,Average Performer
4443,21,91,High,Medium,Yes,6,53,High,Yes,1,Medium,Medium,Public,Positive,3,No,Postgraduate,Near,Female,71,Average Performer
4444,30,97,Medium,High,Yes,6,66,High,Yes,1,Medium,Medium,Private,Neutral,2,No,College,Near,Male,74,Average Performer
4445,24,81,Medium,High,Yes,9,64,High,Yes,2,High,Low,Public,Positive,3,No,High School,Near,Male,70,Average Performer
4446,13,64,Low,Low,No,6,88,Medium,Yes,1,Medium,Medium,Public,Neutral,2,No,College,Moderate,Female,59,Average Performer
4447,19,84,Low,Medium,Yes,8,56,Medium,Yes,0,Low,Medium,Private,Neutral,3,Yes,High School,Near,Male,64,Average Performer
4448,15,91,Low,Medium,No,10,78,Low,Yes,2,Medium,High,Public,Neutral,3,No,High School,Near,Female,67,Average Performer
4449,18,64,Medium,Medium,Yes,8,90,Medium,Yes,1,Low,Medium,Public,Neutral,3,No,High School,Near,Male,63,Average Performer
4450,18,67,Low,High,Yes,7,87,Medium,Yes,5,Low,Low,Public,Positive,2,No,College,Near,Male,66,Average Performer
4451,17,60,Medium,Medium,Yes,5,97,Medium,Yes,1,Medium,Medium,Private,Negative,4,No,College,Far,Male,62,Average Performer
4452,12,84,Low,Medium,No,7,50,Medium,Yes,3,High,High,Public,Neutral,3,No,High School,Near,Male,65,Average Performer
4453,19,95,High,High,Yes,9,68,Medium,Yes,3,High,Medium,Public,Positive,4,No,College,Far,Male,73,Average Performer
4454,17,87,High,High,Yes,7,68,High,Yes,1,Medium,High,Public,Positive,2,No,High School,Near,Male,70,Average Performer
4455,2,99,Medium,Low,Yes,9,52,Low,Yes,0,Medium,Medium,Public,Neutral,4,No,High School,Near,Male,62,Average Performer
4456,32,63,Medium,High,No,8,91,Medium,No,2,High,Low,Public,Positive,5,Yes,High School,Near,Female,68,Average Performer
4457,27,96,High,Low,Yes,7,84,Medium,Yes,1,High,Medium,Public,Neutral,3,No,College,Near,Male,74,Average Performer
4458,18,93,Medium,Medium,No,7,76,Low,Yes,2,Medium,Medium,Private,Neutral,4,No,High School,Near,Female,96,Top Performer
4459,20,73,High,High,No,5,70,High,Yes,1,Low,High,Public,Negative,2,No,High School,Moderate,Male,66,Average Performer
4460,13,99,Low,High,Yes,6,95,Medium,No,0,Low,Medium,Public,Positive,4,No,Postgraduate,Near,Male,69,Average Performer
4461,30,72,High,High,Yes,6,63,Medium,Yes,1,Low,Medium,Public,Neutral,3,No,Postgraduate,Near,Female,70,Average Performer
4462,31,96,Medium,Low,Yes,8,67,Medium,Yes,2,Medium,Medium,Private,Neutral,3,No,College,Near,Male,73,Average Performer
4463,21,95,Low,Low,No,7,98,Low,Yes,1,Low,High,Public,Positive,2,No,High School,Near,Male,69,Average Performer
4464,26,90,High,High,Yes,9,53,Medium,Yes,1,Low,Medium,Private,Neutral,4,No,High School,Far,Male,71,Average Performer
4465,21,83,High,Low,Yes,7,89,Low,No,0,Low,Low,Public,Neutral,2,No,College,Moderate,Female,65,Average Performer
4466,12,65,Medium,Low,Yes,6,86,Medium,Yes,1,Medium,Medium,Public,Positive,3,No,Postgraduate,Near,Female,62,Average Performer
4467,18,81,High,High,No,6,95,Low,Yes,1,Medium,,Public,Positive,3,No,High School,Near,Male,69,Average Performer
4468,21,74,Low,Medium,No,6,55,High,Yes,3,Low,Medium,Public,Positive,2,No,College,Near,Male,65,Average Performer
4469,17,92,Medium,Medium,No,7,99,Medium,Yes,1,Medium,Medium,Public,Neutral,2,No,College,Far,Female,68,Average Performer
4470,19,90,Low,Low,Yes,6,51,High,Yes,1,Low,Medium,Public,Negative,3,Yes,Postgraduate,Near,Male,65,Average Performer
4471,19,96,Medium,High,Yes,5,67,Medium,Yes,4,High,Medium,Private,Neutral,1,No,High School,Moderate,Male,72,Average Performer
4472,20,61,High,High,Yes,9,54,Medium,Yes,2,High,Medium,Private,Positive,4,No,Postgraduate,Near,Male,67,Average Performer
4473,20,92,Medium,Low,No,7,53,Medium,Yes,2,Medium,High,Private,Positive,2,No,College,Far,Male,68,Average Performer
4474,14,98,Low,Medium,No,7,98,Medium,No,0,Medium,High,Public,Positive,3,No,High School,Near,Male,68,Average Performer
4475,16,92,Medium,Medium,No,6,86,Low,No,2,Medium,Medium,Private,Neutral,3,Yes,College,Near,Female,66,Average Performer
4476,12,65,Medium,High,Yes,5,75,High,Yes,0,High,Medium,Private,Negative,2,No,High School,Moderate,Male,62,Average Performer
4477,26,63,Medium,Medium,Yes,7,55,Medium,Yes,2,Medium,High,Public,Neutral,4,No,High School,Far,Male,65,Average Performer
4478,7,61,Low,High,Yes,4,76,High,Yes,1,Medium,Medium,Private,Positive,5,No,High School,Far,Female,60,Average Performer
4479,27,85,High,Medium,Yes,8,66,Medium,Yes,2,Low,High,Private,Neutral,4,Yes,High School,Moderate,Male,70,Average Performer
4480,28,85,Medium,Medium,Yes,6,64,Low,Yes,1,Low,Medium,Public,Neutral,1,No,High School,Moderate,Male,68,Average Performer
4481,18,99,Medium,High,Yes,7,81,Low,Yes,1,Medium,Medium,Public,Neutral,3,No,Postgraduate,Near,Male,72,Average Performer
4482,4,76,Medium,Medium,Yes,8,90,Medium,Yes,2,High,Medium,Public,Positive,2,No,High School,Moderate,Female,63,Average Performer
4483,18,73,Medium,High,Yes,7,72,Low,Yes,1,Medium,Medium,Private,Neutral,1,Yes,High School,Moderate,Male,63,Average Performer
4484,20,85,Low,Medium,Yes,5,75,Low,Yes,1,Medium,Medium,Public,Neutral,2,No,College,Near,Male,67,Average Performer
4485,14,93,Medium,Low,Yes,9,83,Low,Yes,4,Medium,Medium,Public,Neutral,2,No,Postgraduate,,Female,68,Average Performer
4486,17,97,Medium,Medium,No,5,56,Low,Yes,2,High,Medium,Public,Positive,3,No,High School,Near,Female,69,Average Performer
4487,29,92,High,Medium,Yes,4,91,Low,Yes,1,High,High,Public,Neutral,4,No,High School,Near,Female,75,Top Performer
4488,24,77,Low,Medium,No,8,92,High,Yes,0,High,Medium,Public,Neutral,3,No,High School,Moderate,Male,67,Average Performer
4489,14,85,High,High,Yes,5,77,Medium,Yes,2,Low,High,Public,Positive,3,No,High School,Near,Male,69,Average Performer
4490,10,94,Low,Medium,No,9,59,Low,Yes,0,Medium,Medium,Public,Positive,2,No,Postgraduate,Near,Male,65,Average Performer
4491,18,80,Low,High,Yes,8,75,Medium,No,2,Medium,Medium,Public,Negative,4,No,High School,Near,Male,65,Average Performer
4492,19,69,Medium,Medium,Yes,7,55,Low,Yes,1,Low,Medium,Public,Positive,4,No,College,Near,Female,63,Average Performer
4493,23,67,Low,Medium,No,6,88,Medium,Yes,2,Medium,Medium,Private,Neutral,4,No,High School,Near,Male,65,Average Performer
4494,17,60,Medium,Low,No,6,66,Medium,Yes,0,Low,Medium,Public,Positive,2,No,High School,Far,Female,58,Average Performer
4495,23,89,High,High,Yes,6,66,Low,Yes,0,Low,High,Private,Positive,3,No,High School,Moderate,Male,70,Average Performer
4496,32,64,Low,Low,Yes,6,97,Medium,Yes,1,Medium,Low,Public,Neutral,5,No,College,Moderate,Male,66,Average Performer
4497,25,70,Medium,Low,No,9,71,Medium,No,2,Low,Medium,Public,Negative,2,No,College,Near,Female,63,Average Performer
4498,20,72,Medium,Low,Yes,6,89,Low,Yes,1,Low,Medium,Private,Negative,3,No,High School,Far,Male,62,Average Performer
4499,19,82,Medium,Medium,Yes,8,82,High,Yes,2,Medium,Medium,Private,Positive,3,No,College,Moderate,Female,69,Average Performer
4500,18,76,Medium,Medium,No,9,66,High,Yes,1,High,High,Public,Positive,3,No,High School,Near,Female,66,Average Performer
4501,27,87,High,Low,No,6,56,Medium,Yes,0,Low,High,Public,Neutral,2,No,High School,Moderate,Male,68,Average Performer
4502,16,62,Low,Medium,Yes,8,90,Low,Yes,2,High,Medium,Public,Neutral,2,No,Postgraduate,Far,Male,62,Average Performer
4503,20,65,High,Medium,No,6,88,Medium,Yes,0,Medium,High,Public,Negative,4,Yes,High School,Near,Male,64,Average Performer
4504,20,80,Medium,High,Yes,7,58,Low,No,0,Medium,Medium,Public,Neutral,2,No,College,Near,Female,65,Average Performer
4505,17,73,Medium,High,Yes,6,62,Low,Yes,2,Low,Medium,Private,Negative,3,No,College,Far,Male,64,Average Performer
4506,12,72,Medium,Medium,No,6,88,High,Yes,2,High,Medium,Public,Positive,3,No,High School,Near,Female,65,Average Performer
4507,22,63,Medium,Medium,Yes,7,99,Low,Yes,3,Medium,Medium,Private,Neutral,4,No,High School,Moderate,Male,65,Average Performer
4508,20,96,Low,Medium,Yes,5,92,Medium,Yes,0,Medium,Medium,Public,Neutral,3,No,College,Near,Female,70,Average Performer
4509,23,88,Low,High,No,8,84,High,Yes,2,Medium,Medium,Private,Positive,3,Yes,Postgraduate,Near,Female,71,Average Performer
4510,17,65,Medium,Medium,Yes,5,96,Low,Yes,2,Medium,High,Public,Positive,3,No,College,Moderate,Male,65,Average Performer
4511,27,63,High,Medium,No,5,64,Medium,No,1,High,High,Public,Positive,4,No,Postgraduate,Near,Male,67,Average Performer
4512,15,99,Low,High,Yes,7,50,High,No,4,Low,Medium,Public,Positive,2,No,High School,Moderate,Male,68,Average Performer
4513,30,87,High,High,Yes,6,66,Low,Yes,1,Medium,Medium,Public,Neutral,4,No,High School,Near,Male,73,Average Performer
4514,10,77,Medium,High,No,8,99,Medium,Yes,0,Medium,High,Public,Neutral,4,Yes,High School,Near,Male,64,Average Performer
4515,23,88,High,High,No,7,94,Low,No,3,Low,Medium,Private,Positive,1,No,High School,Near,Male,71,Average Performer
4516,23,90,Medium,High,No,5,53,Medium,Yes,2,Medium,High,Private,Positive,2,No,High School,Near,Female,70,Average Performer
4517,15,91,Low,High,No,8,75,Medium,Yes,4,Medium,Medium,Public,Neutral,1,No,High School,Near,Female,68,Average Performer
4518,23,79,High,Medium,Yes,7,54,Medium,Yes,2,Low,Medium,Private,Neutral,4,No,College,Moderate,Female,68,Average Performer
4519,28,77,Low,High,Yes,7,89,Medium,Yes,3,Low,Medium,Public,Positive,3,Yes,High School,Far,Male,68,Average Performer
4520,7,60,Medium,High,Yes,10,69,Low,Yes,0,Low,Medium,Private,Positive,3,No,College,Moderate,Female,59,Average Performer
4521,23,97,Medium,Medium,Yes,9,96,Medium,Yes,2,Medium,High,Private,Neutral,4,No,College,Near,Male,74,Average Performer
4522,5,84,Medium,Medium,Yes,7,53,Low,No,1,Low,High,Public,Positive,3,No,Postgraduate,Moderate,Male,62,Average Performer
4523,14,68,High,Low,Yes,5,87,High,Yes,2,Medium,Medium,Public,Positive,3,No,High School,Far,Male,64,Average Performer
4524,30,97,High,High,No,5,70,Medium,Yes,0,High,Medium,Public,Positive,2,No,Postgraduate,Near,Male,76,Top Performer
4525,17,97,High,Medium,Yes,9,63,Medium,Yes,2,Low,Medium,Public,Positive,2,No,High School,Near,Male,70,Average Performer
4526,13,100,High,Medium,No,6,76,Medium,No,0,Low,Low,Public,Positive,5,No,Postgraduate,Near,Male,69,Average Performer
4527,19,95,Medium,Medium,Yes,7,74,High,No,0,Low,High,Public,Positive,2,No,,Near,Female,69,Average Performer
4528,32,100,Low,High,Yes,5,67,Medium,No,4,Medium,Medium,Public,Positive,3,No,High School,Far,Male,74,Average Performer
4529,9,70,High,Medium,No,8,82,Low,No,2,High,High,Public,Negative,2,No,High School,Near,Female,62,Average Performer
4530,14,94,Medium,Medium,No,9,83,High,Yes,2,Low,High,Public,Positive,3,No,Postgraduate,Moderate,Male,70,Average Performer
4531,29,93,Low,Medium,Yes,9,54,Medium,No,4,Low,High,Public,Positive,3,No,High School,Near,Male,71,Average Performer
4532,31,69,Medium,Low,Yes,6,80,Low,Yes,4,Medium,Medium,Public,Negative,2,No,College,Near,Male,68,Average Performer
4533,19,64,High,Low,Yes,8,86,Low,Yes,3,High,Medium,Private,Neutral,3,No,Postgraduate,Near,Female,66,Average Performer
4534,13,99,Low,Medium,No,7,54,High,Yes,3,High,Medium,Public,Negative,3,No,High School,Far,Male,67,Average Performer
4535,33,72,High,Medium,No,8,83,Low,Yes,3,Low,High,Private,Neutral,4,No,High School,Near,Male,71,Average Performer
4536,30,95,Medium,Medium,Yes,7,90,Medium,Yes,3,Medium,Medium,Public,Neutral,1,No,High School,Moderate,Male,74,Average Performer
4537,24,60,Low,Medium,Yes,6,92,Low,Yes,3,Medium,Medium,Public,Positive,2,No,College,Near,Male,65,Average Performer
4538,15,61,High,Low,Yes,9,52,Medium,Yes,1,Medium,Medium,Private,Neutral,3,No,High School,Moderate,Female,60,Average Performer
4539,20,79,High,High,Yes,7,85,Low,Yes,2,Medium,Medium,Public,Neutral,2,No,College,Moderate,Male,69,Average Performer
4540,19,70,Medium,Medium,Yes,6,90,Low,Yes,2,Low,Medium,Private,Positive,3,No,High School,Moderate,Male,65,Average Performer
4541,22,88,Medium,Low,Yes,7,70,Medium,Yes,3,Low,Medium,Public,Positive,2,No,High School,Near,Female,69,Average Performer
4542,29,83,Medium,Low,Yes,6,77,High,Yes,1,Medium,Medium,Public,Neutral,4,No,High School,Near,Male,70,Average Performer
4543,25,63,High,Low,Yes,8,63,Medium,Yes,0,Medium,High,Private,Positive,1,Yes,Postgraduate,Near,Female,65,Average Performer
4544,14,67,Low,Low,Yes,7,66,Low,Yes,0,Low,Medium,Public,Neutral,4,No,High School,Far,Female,57,Average Performer
4545,28,76,Medium,Medium,Yes,6,75,Low,Yes,0,Medium,High,Public,Positive,2,No,High School,Near,Female,68,Average Performer
4546,22,67,High,High,No,10,58,Medium,Yes,2,High,Low,Public,Neutral,3,No,Postgraduate,Near,Male,67,Average Performer
4547,24,92,Medium,Medium,No,5,69,Medium,Yes,2,Medium,Medium,Private,Negative,4,No,High School,Near,Female,70,Average Performer
4548,29,77,Medium,Medium,Yes,8,65,Medium,Yes,1,Medium,Medium,Public,Neutral,3,No,High School,Near,Male,68,Average Performer
4549,13,64,High,High,Yes,7,62,Medium,Yes,1,Low,Medium,Public,Neutral,1,No,College,Moderate,Female,62,Average Performer
4550,20,79,High,Medium,Yes,5,74,Medium,Yes,1,Low,Medium,Public,Neutral,5,No,High School,Far,Male,67,Average Performer
4551,17,64,High,High,Yes,6,92,Medium,Yes,0,Medium,Medium,Private,Positive,1,No,Postgraduate,Near,Male,66,Average Performer
4552,11,65,Medium,Low,Yes,5,62,Medium,Yes,2,Medium,High,Public,Neutral,2,No,College,Far,Female,60,Average Performer
4553,22,70,High,Low,No,10,83,Low,Yes,0,Medium,,Public,Positive,2,No,College,Moderate,Male,65,Average Performer
4554,35,94,High,Medium,Yes,7,63,Medium,Yes,1,Low,High,Public,Positive,2,No,College,Near,Female,75,Top Performer
4555,9,97,Low,Medium,Yes,7,57,Medium,Yes,4,Medium,High,Public,Neutral,5,No,High School,Far,Female,67,Average Performer
4556,20,93,Medium,High,No,10,97,Medium,Yes,1,Low,Medium,Public,Neutral,2,No,Postgraduate,Moderate,Male,71,Average Performer
4557,24,73,Low,Low,Yes,6,82,Medium,Yes,0,Medium,Medium,Public,Negative,2,Yes,High School,Near,Male,63,Average Performer
4558,21,71,High,Medium,Yes,9,55,Low,Yes,2,High,High,Public,Positive,1,No,Postgraduate,Moderate,Male,67,Average Performer
4559,19,82,High,Medium,No,8,82,Low,Yes,2,Low,Medium,Private,Negative,4,No,Postgraduate,Near,Female,68,Average Performer
4560,12,89,High,Low,Yes,4,59,Low,Yes,2,Low,High,Public,Negative,4,No,High School,Near,Male,65,Average Performer
4561,21,100,Low,High,No,6,94,Medium,No,1,High,Medium,Public,Positive,3,No,College,Moderate,Female,72,Average Performer
4562,15,65,Medium,Medium,No,8,62,Medium,Yes,1,Medium,Medium,Public,Neutral,4,No,High School,Moderate,Female,61,Average Performer
4563,7,62,Low,High,No,7,90,Medium,Yes,1,Medium,Low,Public,Neutral,5,No,College,Moderate,Female,60,Average Performer
4564,27,88,High,High,Yes,7,60,Medium,Yes,2,Low,Medium,Public,Positive,2,No,High School,Near,Female,72,Average Performer
4565,26,93,Medium,Medium,Yes,6,78,Medium,Yes,2,Medium,Medium,Public,Neutral,3,No,Postgraduate,Far,Female,72,Average Performer
4566,20,94,Low,Medium,Yes,6,96,Medium,Yes,2,Medium,Medium,Private,Negative,3,No,College,Near,Male,70,Average Performer
4567,21,87,Low,Medium,No,7,65,High,Yes,2,Medium,Medium,Public,Negative,3,Yes,College,Near,Male,67,Average Performer
4568,26,98,Medium,Medium,No,10,54,Medium,Yes,0,Low,High,Private,Neutral,1,No,Postgraduate,Near,Male,71,Average Performer
4569,21,80,Medium,Low,Yes,6,78,Medium,Yes,0,Medium,Medium,Private,Negative,2,No,Postgraduate,Near,Female,66,Average Performer
4570,25,97,High,High,No,6,59,Low,Yes,0,Low,High,Public,Positive,2,No,High School,Near,Female,72,Average Performer
4571,18,99,Medium,Medium,Yes,7,86,Medium,No,1,High,Medium,Public,Neutral,4,No,High School,Moderate,Female,70,Average Performer
4572,28,94,Medium,Low,Yes,5,80,Medium,Yes,2,High,Medium,Public,Negative,2,No,High School,Moderate,Female,71,Average Performer
4573,22,72,Low,Low,Yes,8,67,High,Yes,2,Medium,Medium,Public,Negative,4,No,College,Far,Male,64,Average Performer
4574,21,68,Medium,Medium,Yes,5,85,Medium,No,3,High,Medium,Public,Positive,2,No,College,Moderate,Male,66,Average Performer
4575,12,82,High,Low,No,5,62,Low,Yes,2,Medium,Medium,Public,Positive,4,No,High School,Near,Male,64,Average Performer
4576,22,78,Medium,Medium,Yes,5,96,Medium,Yes,0,Low,Medium,Public,Neutral,3,No,High School,Moderate,Male,67,Average Performer
4577,15,95,Low,Low,No,5,67,High,Yes,3,Medium,Medium,Public,Positive,3,No,High School,Moderate,Female,67,Average Performer
4578,16,64,High,Low,No,9,88,Medium,Yes,1,Medium,High,Public,Positive,3,No,High School,Near,Male,64,Average Performer
4579,15,70,Low,Medium,No,8,63,Low,Yes,0,Medium,Medium,Private,Positive,4,No,High School,Moderate,Female,61,Average Performer
4580,14,90,High,High,Yes,8,86,Medium,Yes,4,Medium,Medium,Private,Negative,2,No,High School,Near,Female,99,Top Performer
4581,33,64,Medium,Medium,No,8,52,Low,No,3,High,Medium,Public,Positive,4,No,High School,Near,Male,67,Average Performer
4582,28,73,Medium,High,Yes,7,65,High,Yes,3,High,High,Public,Positive,3,No,Postgraduate,Near,Male,72,Average Performer
4583,32,75,Low,Low,No,7,55,Medium,Yes,1,Medium,Medium,Public,Neutral,4,No,High School,Moderate,Male,66,Average Performer
4584,13,85,Low,High,Yes,9,73,High,Yes,3,Medium,High,Public,Positive,2,No,Postgraduate,Moderate,Male,68,Average Performer
4585,20,66,High,Low,No,9,72,Low,Yes,1,Medium,High,Public,Positive,1,No,College,Near,Female,64,Average Performer
4586,12,94,High,High,No,5,68,High,Yes,1,High,Medium,Public,Neutral,2,No,High School,Near,Male,69,Average Performer
4587,16,78,Medium,High,No,10,99,Low,Yes,0,Low,Medium,Public,Positive,4,No,High School,Far,Female,65,Average Performer
4588,14,97,Low,High,No,5,62,Medium,No,1,Medium,Medium,Public,Neutral,4,Yes,Postgraduate,Far,Female,66,Average Performer
4589,27,79,High,High,Yes,6,90,Low,Yes,3,Medium,High,Public,Positive,4,No,High School,Near,Male,73,Average Performer
4590,18,71,Medium,Medium,Yes,7,72,Low,Yes,0,Low,Medium,Public,Neutral,4,No,High School,,Female,63,Average Performer
4591,26,66,Medium,Medium,Yes,7,67,High,Yes,3,Medium,Medium,Public,Negative,4,No,High School,Moderate,Female,66,Average Performer
4592,24,60,Medium,Medium,Yes,10,60,Low,Yes,3,Low,High,Private,Neutral,2,No,Postgraduate,Near,Female,65,Average Performer
4593,34,81,Medium,Medium,Yes,9,82,Low,Yes,1,Medium,High,Public,Negative,2,No,High School,Near,Male,71,Average Performer
4594,11,64,Medium,Low,Yes,8,67,High,No,1,Medium,Medium,Public,Neutral,2,Yes,College,Near,Male,58,Average Performer
4595,28,76,Medium,Medium,No,9,91,Medium,Yes,0,Low,High,Private,Neutral,3,No,High School,Moderate,Male,68,Average Performer
4596,27,84,Medium,Medium,No,8,98,Medium,Yes,0,Low,Medium,Public,Neutral,4,No,High School,Moderate,Male,69,Average Performer
4597,14,71,High,Low,Yes,6,61,Low,Yes,0,Low,Medium,Public,Positive,3,No,Postgraduate,Near,Female,63,Average Performer
4598,26,67,Medium,Medium,Yes,8,56,Medium,Yes,1,Medium,Medium,Public,Negative,5,No,College,Near,Female,66,Average Performer
4599,22,91,Medium,Medium,Yes,7,66,Medium,No,0,High,High,Public,Negative,3,No,College,Near,Female,69,Average Performer
4600,19,98,Medium,Low,Yes,6,73,Medium,Yes,3,Low,Medium,Private,Negative,3,No,College,Near,Male,69,Average Performer
4601,15,64,High,Medium,No,9,65,Medium,Yes,2,Medium,Medium,Public,Neutral,2,No,High School,Near,Male,63,Average Performer
4602,16,66,Low,High,Yes,7,99,Medium,Yes,1,Low,Medium,Public,Positive,3,No,College,Near,Female,65,Average Performer
4603,32,98,Low,High,No,5,89,Medium,Yes,2,High,Low,Private,Positive,3,No,College,Near,Male,76,Top Performer
4604,20,62,High,Medium,Yes,6,98,High,Yes,0,High,High,Public,Neutral,3,No,Postgraduate,Near,Male,67,Average Performer
4605,25,99,Low,Medium,No,8,69,Medium,No,1,Low,High,Public,Positive,3,No,Postgraduate,Moderate,Male,70,Average Performer
4606,15,60,Medium,Low,No,9,65,Medium,Yes,1,Medium,High,Public,Negative,5,No,College,Moderate,Male,60,Average Performer
4607,15,95,High,Low,No,8,70,Medium,Yes,2,High,High,Public,Neutral,3,Yes,High School,Near,Female,68,Average Performer
4608,26,72,Medium,Medium,Yes,8,76,Medium,Yes,1,Medium,Medium,Public,Negative,3,No,Postgraduate,Near,Male,68,Average Performer
4609,12,98,Low,High,Yes,6,87,Medium,Yes,2,Low,Medium,Private,Neutral,3,No,Postgraduate,Near,Female,70,Average Performer
4610,18,73,Medium,High,Yes,7,94,High,Yes,1,High,Medium,Private,Neutral,3,No,Postgraduate,Moderate,Female,68,Average Performer
4611,20,86,High,High,No,7,73,Medium,Yes,3,Low,Low,Public,Neutral,3,Yes,High School,Near,Male,69,Average Performer
4612,21,63,Medium,Medium,Yes,7,64,Medium,Yes,0,Low,Medium,Public,Negative,3,No,High School,Near,Female,62,Average Performer
4613,19,70,High,Low,No,7,66,Medium,Yes,1,High,Low,Private,Neutral,4,No,College,Moderate,Male,64,Average Performer
4614,22,91,High,Medium,No,6,85,Low,Yes,2,Medium,Medium,Private,Positive,2,No,High School,Moderate,Female,71,Average Performer
4615,24,81,Medium,Medium,Yes,8,78,Medium,Yes,1,Low,Medium,Public,Positive,2,No,High School,Near,Male,68,Average Performer
4616,24,97,High,Medium,No,5,74,High,Yes,0,Medium,Low,Public,Neutral,5,No,High School,Near,Female,72,Average Performer
4617,14,77,Medium,Medium,Yes,5,60,Low,Yes,1,High,High,Private,Negative,3,No,Postgraduate,Far,Male,64,Average Performer
4618,18,95,Medium,High,Yes,6,94,Medium,Yes,6,Low,High,Public,Neutral,3,No,High School,Far,Female,73,Average Performer
4619,27,78,Medium,High,No,8,89,Low,Yes,0,Low,Medium,Public,Neutral,3,No,Postgraduate,Near,Female,69,Average Performer
4620,25,99,Low,Medium,No,8,57,Medium,Yes,1,Medium,Low,Private,Positive,3,No,Postgraduate,Moderate,Male,70,Average Performer
4621,12,98,Medium,High,No,4,68,Medium,Yes,3,Low,High,Public,Neutral,2,No,High School,Near,Female,69,Average Performer
4622,22,73,Medium,Low,No,8,77,Medium,Yes,1,High,Medium,Public,Neutral,3,No,High School,Far,Male,64,Average Performer
4623,8,95,Medium,Medium,No,7,73,Low,Yes,2,Medium,Medium,Private,Neutral,2,No,College,Near,Male,66,Average Performer
4624,20,94,Medium,Medium,Yes,6,70,High,Yes,1,Medium,Medium,Public,Neutral,2,No,High School,Moderate,Female,69,Average Performer
4625,31,68,High,Medium,No,7,86,Low,Yes,1,Low,Medium,Private,Positive,3,No,High School,Moderate,Female,68,Average Performer
4626,14,85,Medium,Low,Yes,5,53,Medium,Yes,4,Medium,Medium,Public,Neutral,3,No,High School,Near,Male,65,Average Performer
4627,15,63,High,Low,Yes,7,74,Medium,Yes,4,Low,Medium,Public,Negative,2,No,High School,Moderate,Male,62,Average Performer
4628,25,93,High,High,Yes,5,63,Medium,Yes,2,High,Medium,Public,Positive,2,No,Postgraduate,Near,Female,75,Top Performer
4629,11,67,Medium,Medium,Yes,6,54,Low,Yes,0,Low,Medium,Public,Positive,3,No,High School,Near,Female,60,Average Performer
4630,16,63,Medium,High,Yes,6,73,Medium,Yes,0,Medium,Medium,Public,Neutral,4,No,College,Near,Male,63,Average Performer
4631,24,76,Medium,Low,Yes,8,59,Medium,Yes,2,Medium,Medium,Public,Positive,4,No,College,Far,Male,66,Average Performer
4632,16,83,High,Medium,Yes,7,63,Medium,Yes,0,Medium,Medium,Public,Neutral,3,No,Postgraduate,Near,Female,67,Average Performer
4633,19,94,Low,Medium,Yes,8,75,Medium,Yes,1,Medium,Medium,Public,Negative,3,No,College,Moderate,Female,68,Average Performer
4634,24,99,Medium,Medium,Yes,5,99,Medium,Yes,0,Low,Medium,Public,Positive,3,No,High School,Moderate,Female,72,Average Performer
4635,23,78,Low,Medium,No,7,84,High,Yes,0,Low,Medium,Private,Neutral,3,No,College,Near,Male,66,Average Performer
4636,22,62,Medium,Medium,Yes,8,64,Medium,Yes,0,Low,Medium,Public,Neutral,3,No,Postgraduate,Near,Female,63,Average Performer
4637,18,90,Medium,High,Yes,9,69,Medium,Yes,1,High,High,Private,Positive,3,No,College,Moderate,Female,71,Average Performer
4638,22,83,Low,Medium,Yes,5,70,High,Yes,2,Low,Medium,Public,Positive,3,No,College,Far,Male,67,Average Performer
4639,19,78,Medium,Medium,Yes,6,58,Medium,Yes,1,Low,Medium,Public,Neutral,3,No,Postgraduate,Near,Male,66,Average Performer
4640,23,72,High,Medium,No,8,58,Medium,No,2,Low,High,Private,Positive,2,No,College,Near,Female,66,Average Performer
4641,17,80,High,High,No,9,57,Medium,Yes,4,Low,Medium,Public,Positive,2,No,College,Near,Male,68,Average Performer
4642,19,74,Medium,Medium,No,7,76,High,Yes,1,High,Medium,Public,Neutral,3,No,College,Near,Female,66,Average Performer
4643,14,90,High,Medium,Yes,5,84,Medium,Yes,0,Low,Medium,Public,Negative,3,No,Postgraduate,Near,Female,68,Average Performer
4644,20,82,High,Medium,Yes,5,80,Medium,Yes,3,Low,Medium,Public,Neutral,1,Yes,College,Near,Female,68,Average Performer
4645,15,95,Low,Medium,Yes,7,99,Low,Yes,0,High,High,Public,Neutral,2,No,High School,Near,Female,68,Average Performer
4646,13,82,Medium,High,No,8,56,Low,Yes,2,Low,High,Private,Neutral,3,No,Postgraduate,Near,Male,66,Average Performer
4647,22,70,High,Low,No,7,99,Medium,Yes,1,Low,High,Private,Positive,2,No,High School,Moderate,Male,66,Average Performer
4648,21,94,Medium,High,No,5,73,Low,Yes,0,Medium,High,Public,Neutral,3,No,Postgraduate,Far,Female,70,Average Performer
4649,25,82,High,Medium,Yes,9,61,Low,Yes,1,High,Medium,Public,Negative,2,No,High School,Near,Male,68,Average Performer
4650,17,68,Medium,Medium,Yes,6,97,High,Yes,2,High,Low,Public,Negative,3,No,High School,Moderate,Male,65,Average Performer
4651,22,85,Low,High,Yes,8,73,High,Yes,1,Medium,Medium,Private,Positive,3,No,College,Near,Male,70,Average Performer
4652,23,74,Medium,Medium,No,4,67,Medium,Yes,3,High,Medium,Private,Negative,5,No,High School,Far,Male,66,Average Performer
4653,23,94,Medium,High,Yes,9,61,Medium,No,0,Medium,Medium,Public,Negative,1,Yes,Postgraduate,Moderate,Female,68,Average Performer
4654,15,78,Medium,Medium,Yes,6,63,High,Yes,1,Medium,Medium,Private,Neutral,2,Yes,College,Moderate,Male,64,Average Performer
4655,21,89,Medium,Medium,No,9,99,Medium,Yes,0,Medium,Medium,Private,Negative,3,No,High School,Near,Male,69,Average Performer
4656,22,64,Medium,Medium,No,8,65,Low,Yes,2,Medium,Medium,Private,Neutral,4,No,Postgraduate,Near,Female,65,Average Performer
4657,20,76,Medium,High,Yes,5,99,Low,No,3,Medium,High,Public,Negative,3,No,Postgraduate,Near,Female,69,Average Performer
4658,7,99,Low,High,Yes,7,67,Low,No,1,High,High,Private,Neutral,4,No,High School,Near,Female,66,Average Performer
4659,21,92,High,Low,No,9,62,Medium,Yes,1,Medium,Low,Public,Positive,2,No,High School,Near,Female,68,Average Performer
4660,33,66,Medium,Medium,Yes,6,59,Medium,Yes,3,High,Medium,Public,Positive,2,No,Postgraduate,Near,Female,70,Average Performer
4661,18,71,High,Medium,No,9,71,Medium,Yes,1,Medium,High,Public,Positive,3,No,High School,Moderate,Female,65,Average Performer
4662,16,73,High,Medium,Yes,8,62,Medium,Yes,0,High,High,Private,Neutral,2,No,High School,Near,Female,65,Average Performer
4663,22,86,Medium,Low,No,9,85,Medium,Yes,1,Medium,Medium,Public,Negative,3,No,Postgraduate,Near,Female,68,Average Performer
4664,22,90,Low,Medium,No,7,62,Low,Yes,0,Medium,Medium,Public,Positive,3,No,College,Near,Male,67,Average Performer
4665,27,90,High,High,No,7,92,Medium,Yes,0,Low,Medium,Private,Neutral,3,No,High School,Near,Female,72,Average Performer
4666,12,80,High,High,Yes,10,92,High,Yes,1,High,High,Public,Positive,3,No,Postgraduate,Moderate,Male,70,Average Performer
4667,24,92,Low,High,Yes,8,64,High,Yes,1,High,High,Private,Neutral,3,No,College,Near,Male,72,Average Performer
4668,24,77,High,High,Yes,7,88,Low,Yes,1,High,Medium,Public,Negative,5,No,College,Near,Male,71,Average Performer
4669,19,65,Low,Medium,No,8,93,Low,Yes,1,Medium,High,Private,Neutral,4,No,College,Near,Male,64,Average Performer
4670,22,83,Low,High,Yes,6,80,Medium,Yes,2,Medium,Medium,Public,Positive,5,No,High School,Moderate,Female,69,Average Performer
4671,26,98,Medium,Medium,Yes,7,68,Medium,Yes,4,Low,Medium,Public,Positive,1,No,High School,Near,Female,73,Average Performer
4672,25,92,Low,High,Yes,9,72,Medium,Yes,1,Low,Medium,Public,Negative,5,No,Postgraduate,Far,Female,70,Average Performer
4673,13,83,High,Medium,No,7,89,Medium,Yes,1,Low,Medium,Public,Neutral,4,No,Postgraduate,Near,Female,68,Average Performer
4674,25,86,High,Medium,No,6,65,Medium,Yes,2,Medium,High,Public,Positive,5,No,High School,Moderate,Male,71,Average Performer
4675,20,97,Medium,High,No,6,67,Low,Yes,1,Low,High,Private,Positive,3,No,Postgraduate,Near,Female,71,Average Performer
4676,20,77,Low,High,Yes,7,58,High,Yes,0,High,Medium,Public,Neutral,3,No,High School,Near,Male,66,Average Performer
4677,20,73,Medium,High,No,6,70,Low,Yes,3,High,High,Public,Neutral,4,No,High School,Near,Female,68,Average Performer
4678,19,99,Medium,High,Yes,5,54,Low,Yes,0,Medium,Medium,Public,Neutral,2,No,Postgraduate,Near,Male,70,Average Performer
4679,27,95,Medium,Medium,No,5,66,Low,Yes,3,Medium,Medium,Public,Neutral,4,No,High School,Near,Male,72,Average Performer
4680,19,73,Low,High,Yes,9,69,High,Yes,1,Low,Low,Public,Positive,4,No,Postgraduate,Near,Female,66,Average Performer
4681,13,79,Medium,High,Yes,7,63,Low,No,3,High,Medium,Private,Neutral,2,No,High School,Near,Female,65,Average Performer
4682,18,77,Medium,High,Yes,7,55,High,No,3,High,Medium,Private,Neutral,3,Yes,High School,Near,Female,66,Average Performer
4683,21,66,High,Medium,Yes,6,76,Low,Yes,3,Low,Medium,Private,Neutral,1,No,High School,Moderate,Female,65,Average Performer
4684,27,98,High,Low,Yes,6,93,Low,Yes,0,Low,Medium,Private,Neutral,4,No,High School,Moderate,Male,72,Average Performer
4685,24,76,Medium,Medium,Yes,6,67,Medium,Yes,2,High,Medium,Public,Negative,3,No,College,Near,Female,68,Average Performer
4686,15,95,Medium,Medium,Yes,7,62,High,Yes,0,High,Medium,Public,Negative,3,No,College,Near,Female,68,Average Performer
4687,35,68,Low,High,Yes,5,64,Medium,Yes,0,High,Low,Public,Positive,4,Yes,High School,Near,Male,67,Average Performer
4688,22,82,Medium,Medium,Yes,9,93,Low,Yes,2,Low,Medium,Public,Neutral,2,No,High School,Near,Male,68,Average Performer
4689,28,61,High,Medium,No,7,76,High,Yes,1,Medium,High,Public,Positive,4,No,High School,Moderate,Male,67,Average Performer
4690,19,91,Medium,High,No,7,57,Low,Yes,3,High,High,Public,Negative,3,No,High School,Moderate,Female,69,Average Performer
4691,23,83,Low,Low,No,8,85,Medium,Yes,2,Low,Medium,Private,Neutral,2,Yes,High School,Near,Male,65,Average Performer
4692,25,85,Medium,Medium,No,8,58,Medium,Yes,2,Medium,High,Public,Neutral,4,No,College,Near,Male,70,Average Performer
4693,27,62,High,Medium,No,6,53,Low,Yes,1,Medium,Medium,Public,Positive,2,No,High School,Moderate,Male,64,Average Performer
4694,26,68,Medium,Medium,No,8,63,Medium,Yes,2,Low,High,Public,Positive,3,No,High School,Near,Male,66,Average Performer
4695,25,63,Low,Medium,No,8,58,Medium,Yes,1,High,Medium,Public,Positive,1,No,College,Near,Female,64,Average Performer
4696,18,72,High,High,Yes,7,80,High,Yes,1,High,High,Public,Negative,2,Yes,High School,Moderate,Female,66,Average Performer
4697,17,85,Medium,Medium,Yes,9,74,Medium,Yes,1,Medium,Medium,Private,Neutral,2,No,High School,Near,Male,67,Average Performer
4698,22,83,Medium,Low,Yes,8,86,Medium,Yes,3,Medium,Low,Public,Negative,4,No,High School,Near,Male,68,Average Performer
4699,26,84,Medium,Medium,No,8,76,Medium,Yes,5,Medium,High,Public,Neutral,2,No,High School,Moderate,Male,71,Average Performer
4700,19,82,High,Low,No,9,71,Medium,Yes,1,Low,High,Private,Neutral,3,No,College,Near,Female,67,Average Performer
4701,26,71,High,Medium,Yes,7,76,Medium,Yes,3,Low,Medium,Public,Positive,2,No,Postgraduate,Moderate,Male,69,Average Performer
4702,29,70,Medium,Low,Yes,7,72,Low,Yes,1,Medium,Medium,Public,Positive,4,No,College,Near,Male,67,Average Performer
4703,15,65,Low,High,Yes,8,52,Medium,Yes,4,Low,Medium,Private,Neutral,3,Yes,High School,Moderate,Female,61,Average Performer
4704,15,94,Medium,Medium,No,7,84,Medium,Yes,0,Medium,High,Public,Positive,2,No,High School,Moderate,Male,68,Average Performer
4705,19,85,Low,Low,Yes,8,98,Medium,Yes,2,Medium,Low,Private,Neutral,4,No,High School,Near,Female,67,Average Performer
4706,22,67,Low,Medium,Yes,6,71,Low,Yes,1,Medium,High,Public,Neutral,4,No,College,Moderate,Male,64,Average Performer
4707,17,67,Medium,Medium,Yes,4,71,Medium,Yes,3,Medium,High,Public,Negative,2,No,High School,Moderate,Female,63,Average Performer
4708,28,95,Low,Medium,No,8,52,High,Yes,3,High,High,Public,Negative,4,No,College,Near,Male,72,Average Performer
4709,23,90,High,Medium,No,5,95,Low,Yes,2,Low,Medium,Public,Negative,2,No,High School,Moderate,Male,69,Average Performer
4710,20,86,Low,High,No,6,96,Medium,Yes,1,High,Low,Public,Neutral,2,Yes,High School,Far,Male,66,Average Performer
4711,11,76,Medium,Medium,Yes,8,91,Low,Yes,1,High,High,Private,Neutral,3,Yes,College,Near,Female,64,Average Performer
4712,12,70,Low,Medium,Yes,8,55,Medium,Yes,2,Medium,High,Public,Negative,4,No,High School,Near,Female,61,Average Performer
4713,22,99,Medium,High,Yes,9,95,Medium,Yes,2,Low,Low,Public,Negative,4,Yes,High School,Near,Male,71,Average Performer
4714,7,92,Low,Medium,Yes,4,51,Medium,Yes,0,High,Medium,Public,Positive,1,No,High School,Near,Female,63,Average Performer
4715,26,72,Medium,Low,No,7,72,Low,Yes,2,Medium,Low,Public,Neutral,4,No,High School,Near,Female,65,Average Performer
4716,19,94,High,Low,Yes,7,75,Medium,Yes,2,High,Medium,Public,Negative,5,No,College,Near,Female,71,Average Performer
4717,39,90,High,High,No,8,92,High,Yes,2,Medium,High,Private,Neutral,1,No,High School,Near,Female,78,Top Performer
4718,34,72,Medium,High,Yes,9,88,Low,Yes,1,High,Medium,Private,Positive,3,No,Postgraduate,Near,Male,73,Average Performer
4719,19,77,Low,Medium,No,5,90,Low,Yes,1,Low,High,Private,Neutral,3,No,College,Near,Female,65,Average Performer
4720,19,67,Low,Medium,Yes,7,93,High,Yes,0,Medium,Medium,Public,Positive,4,No,Postgraduate,Near,Male,66,Average Performer
4721,26,64,High,Low,Yes,8,74,Low,Yes,3,Medium,High,Public,Neutral,2,No,High School,Near,Male,66,Average Performer
4722,30,89,Medium,Medium,No,6,89,Medium,Yes,3,High,Medium,Public,Neutral,3,No,Postgraduate,Moderate,Male,74,Average Performer
4723,10,71,Medium,Low,No,10,53,Low,Yes,4,High,Medium,Private,Positive,3,No,High School,Near,Female,62,Average Performer
4724,9,93,High,Low,Yes,6,72,Low,Yes,1,Medium,Medium,Public,Positive,2,No,College,Near,Female,66,Average Performer
4725,16,100,High,High,No,7,52,Medium,Yes,4,Low,Medium,Public,Negative,4,No,High School,Near,Female,71,Average Performer
4726,23,63,High,Medium,Yes,5,96,Medium,Yes,2,High,Medium,Public,Neutral,2,No,High School,Near,Female,67,Average Performer
4727,23,79,High,Low,Yes,7,98,Low,Yes,0,Medium,High,Public,Neutral,4,No,College,Near,Female,69,Average Performer
4728,26,92,Medium,High,No,4,54,Medium,Yes,2,High,Medium,Public,Positive,4,No,High School,Moderate,Male,72,Average Performer
4729,13,92,High,High,Yes,7,77,Medium,Yes,2,High,Medium,Public,Positive,4,No,Postgraduate,Near,Male,72,Average Performer
4730,6,90,Medium,Medium,Yes,9,66,Medium,Yes,2,Medium,High,Public,Positive,2,No,High School,Far,Male,65,Average Performer
4731,25,74,High,High,No,5,67,High,Yes,1,Medium,Medium,Public,Positive,5,No,Postgraduate,Near,Male,71,Average Performer
4732,15,78,Medium,Medium,No,5,73,Medium,Yes,0,High,High,Private,Positive,1,Yes,College,Near,Male,64,Average Performer
4733,8,84,Medium,Low,Yes,9,56,Low,Yes,1,Low,Medium,Public,Positive,2,No,High School,Moderate,Male,61,Average Performer
4734,21,99,Medium,Low,Yes,9,59,Low,Yes,1,High,High,Public,Negative,2,No,College,Moderate,Female,69,Average Performer
4735,25,73,Low,Medium,Yes,5,79,Medium,Yes,1,Low,Medium,Private,Neutral,5,No,High School,Moderate,Female,65,Average Performer
4736,19,97,Medium,Low,Yes,10,51,High,Yes,3,Low,High,Public,Neutral,4,No,College,Far,Female,69,Average Performer
4737,17,71,Medium,Medium,No,8,80,Low,Yes,2,High,Low,Public,Neutral,3,No,High School,Near,Female,64,Average Performer
4738,19,100,Medium,Low,Yes,9,66,High,Yes,1,High,Medium,Public,Negative,4,Yes,Postgraduate,Moderate,Male,69,Average Performer
4739,18,87,Medium,Medium,Yes,6,92,Low,Yes,1,Low,Medium,Private,Neutral,4,No,High School,Near,Female,68,Average Performer
4740,12,79,Medium,Low,No,9,80,Low,Yes,1,High,Medium,Public,Positive,2,No,College,Moderate,Male,63,Average Performer
4741,16,85,Low,Medium,No,7,85,High,Yes,1,Medium,High,Public,Neutral,2,No,High School,Near,Male,66,Average Performer
4742,23,71,Medium,Medium,No,7,56,Low,Yes,1,Medium,,Private,Positive,4,No,,Near,Female,65,Average Performer
4743,22,71,High,Medium,Yes,8,63,Medium,Yes,2,Medium,High,Public,Negative,2,No,High School,Moderate,Male,66,Average Performer
4744,21,65,Medium,Medium,No,6,100,Medium,Yes,3,Medium,Medium,Public,Neutral,4,No,Postgraduate,Near,Male,67,Average Performer
4745,14,65,Medium,High,Yes,5,72,Low,Yes,3,Low,High,Private,Negative,2,No,High School,Near,Male,62,Average Performer
4746,19,74,Medium,High,Yes,7,68,Medium,Yes,2,Low,High,Public,Negative,2,No,High School,Near,Female,66,Average Performer
4747,7,91,High,Medium,No,7,94,High,No,3,High,Medium,Public,Neutral,3,No,Postgraduate,Moderate,Female,68,Average Performer
4748,21,84,Medium,Medium,Yes,6,52,Medium,Yes,2,High,High,Public,Negative,5,No,High School,Moderate,Male,68,Average Performer
4749,29,64,Low,Medium,No,9,77,Medium,Yes,0,Low,High,Public,Negative,2,No,High School,Moderate,Female,63,Average Performer
4750,11,94,High,Low,Yes,10,61,Medium,Yes,1,Medium,Low,Public,Neutral,3,No,College,Moderate,Male,66,Average Performer
4751,16,84,High,Low,No,6,68,Low,No,3,Medium,Medium,Private,Neutral,3,No,,Near,Male,65,Average Performer
4752,22,98,High,Medium,Yes,7,60,Medium,Yes,1,High,Medium,Public,Positive,1,No,High School,Near,Male,72,Average Performer
4753,28,87,Medium,Medium,No,6,52,Medium,Yes,4,Low,Low,Private,Neutral,3,No,Postgraduate,Near,Female,70,Average Performer
4754,17,67,High,Low,No,10,71,Medium,Yes,1,Medium,Medium,Public,Positive,3,No,High School,Near,Male,63,Average Performer
4755,16,79,Medium,Medium,No,8,89,Medium,Yes,0,Low,High,Private,Neutral,4,No,High School,Near,Male,65,Average Performer
4756,8,86,High,Low,Yes,8,98,Low,Yes,1,Low,Medium,Private,Neutral,1,No,College,Near,Male,65,Average Performer
4757,21,61,High,High,No,9,81,Medium,Yes,1,Medium,Medium,Private,Neutral,3,No,Postgraduate,Near,Male,66,Average Performer
4758,32,61,High,Medium,Yes,7,69,High,Yes,0,High,Medium,Public,Positive,3,No,High School,Moderate,Female,68,Average Performer
4759,22,65,Medium,Low,Yes,7,88,Low,No,2,Medium,Medium,Public,Positive,4,No,College,Near,Male,64,Average Performer
4760,20,70,High,Medium,No,9,75,Low,Yes,3,Medium,Medium,Public,Neutral,4,No,College,Moderate,Male,66,Average Performer
4761,22,77,Low,Medium,Yes,8,68,Medium,Yes,3,High,High,Public,Positive,4,No,High School,Moderate,Male,68,Average Performer
4762,20,79,Low,Medium,Yes,6,59,Medium,Yes,0,Low,Medium,Public,Positive,2,No,High School,Moderate,Male,64,Average Performer
4763,15,66,Medium,Medium,No,6,90,Low,Yes,2,Medium,Medium,Public,Negative,3,No,College,Far,Female,62,Average Performer
4764,25,87,Medium,Medium,Yes,6,75,Medium,No,0,Low,Medium,Private,Neutral,2,Yes,High School,Near,Male,67,Average Performer
4765,21,84,Low,High,No,9,98,Medium,Yes,1,Low,Medium,Public,Negative,3,No,High School,Moderate,Male,67,Average Performer
4766,20,72,Medium,Medium,No,9,90,Low,Yes,1,Medium,Medium,Private,Neutral,2,No,Postgraduate,Moderate,Male,65,Average Performer
4767,14,61,Low,Medium,Yes,10,71,Medium,No,2,Low,Medium,Public,Neutral,4,No,High School,Near,Male,59,Average Performer
4768,28,63,Medium,High,Yes,6,87,Low,Yes,0,Low,Medium,Public,Positive,2,No,High School,Moderate,Female,66,Average Performer
4769,24,76,High,Low,No,7,73,Medium,Yes,4,Medium,Medium,Public,Neutral,2,No,High School,Near,Female,68,Average Performer
4770,17,66,High,Medium,No,6,54,Medium,Yes,2,High,Low,Public,Positive,3,Yes,High School,Near,Female,63,Average Performer
4771,26,75,Medium,Low,Yes,7,76,Medium,Yes,2,Medium,Medium,Public,Neutral,3,No,College,Near,Male,68,Average Performer
4772,17,85,High,Low,Yes,8,93,Low,Yes,2,Medium,High,Public,Positive,3,No,College,Far,Female,68,Average Performer
4773,15,82,Medium,Medium,Yes,7,93,Medium,Yes,3,Low,High,Public,Negative,2,No,High School,Moderate,Female,66,Average Performer
4774,15,69,High,Low,No,9,79,Low,Yes,1,Medium,,Private,Positive,2,No,High School,Moderate,Female,63,Average Performer
4775,9,74,Medium,Low,No,6,69,Low,Yes,3,Low,Medium,Private,Positive,2,No,,Moderate,Female,61,Average Performer
4776,23,85,High,Medium,Yes,8,51,Low,Yes,0,High,Low,Public,Negative,4,No,College,Near,Female,68,Average Performer
4777,9,94,High,Low,No,6,66,Low,Yes,0,Low,High,Public,Positive,3,No,College,Near,Male,66,Average Performer
4778,13,90,Medium,High,No,4,99,High,Yes,1,High,Medium,Public,Neutral,4,Yes,College,Moderate,Male,69,Average Performer
4779,8,82,Medium,High,Yes,5,86,Medium,No,0,Low,Medium,Public,Negative,3,No,Postgraduate,Near,Female,64,Average Performer
4780,19,74,Medium,Medium,No,7,86,High,Yes,1,High,Medium,Private,Positive,3,No,Postgraduate,Near,Male,68,Average Performer
4781,19,75,Medium,High,No,10,88,Low,Yes,0,Low,High,Public,Positive,2,No,High School,Near,Female,66,Average Performer
4782,18,95,Medium,Medium,No,6,81,Medium,Yes,0,Low,Medium,Public,Positive,3,Yes,High School,Near,Female,68,Average Performer
4783,14,62,Medium,High,Yes,7,79,Low,Yes,2,Medium,Medium,Private,Positive,2,No,High School,Moderate,Female,62,Average Performer
4784,13,100,Medium,Low,Yes,8,73,Low,Yes,1,Low,Medium,Public,Neutral,3,No,Postgraduate,Near,Male,68,Average Performer
4785,23,87,Medium,High,No,6,72,Medium,Yes,1,Low,High,Private,Negative,3,No,College,Moderate,Male,69,Average Performer
4786,17,87,High,High,Yes,6,94,Medium,Yes,2,Low,Medium,Private,Neutral,3,No,High School,Moderate,Male,70,Average Performer
4787,22,62,High,Medium,Yes,7,70,Low,Yes,4,Low,Medium,Public,Negative,2,No,College,Near,Female,65,Average Performer
4788,15,84,Low,Medium,Yes,6,92,Medium,Yes,3,Medium,Medium,Public,Positive,3,No,College,Near,Female,68,Average Performer
4789,21,79,Medium,High,No,4,92,Low,Yes,0,Low,Medium,Public,Negative,2,No,Postgraduate,Near,Female,67,Average Performer
4790,28,64,Low,Medium,Yes,6,89,Medium,Yes,0,Low,Low,Public,Neutral,4,No,College,Far,Male,64,Average Performer
4791,24,71,Low,Medium,No,8,52,Medium,No,2,Medium,Medium,Public,Negative,3,No,College,,Female,63,Average Performer
4792,18,96,Medium,Low,Yes,8,57,Medium,Yes,1,Medium,Medium,Public,Negative,2,No,High School,Near,Female,67,Average Performer
4793,22,82,High,Low,No,9,66,Medium,Yes,1,Low,High,Private,Negative,3,No,High School,Moderate,Male,66,Average Performer
4794,19,77,High,Low,Yes,9,92,Medium,Yes,2,Low,Medium,Public,Positive,4,No,High School,Near,Female,67,Average Performer
4795,20,63,Medium,Medium,Yes,6,94,Medium,No,2,Medium,Medium,Public,Neutral,3,No,High School,Far,Female,63,Average Performer
4796,18,89,Medium,Medium,Yes,6,52,Medium,Yes,3,High,High,Public,Positive,3,No,High School,Moderate,Female,69,Average Performer
4797,19,88,High,High,No,6,66,Medium,Yes,3,Medium,Medium,Public,Positive,2,No,High School,Near,Female,70,Average Performer
4798,21,85,High,Medium,Yes,7,93,Medium,Yes,0,High,Medium,Public,Neutral,4,No,High School,Moderate,Male,70,Average Performer
4799,14,80,High,Medium,No,6,62,Medium,Yes,0,High,Medium,Private,Negative,2,No,Postgraduate,Near,Male,65,Average Performer
4800,14,77,Low,Low,No,7,99,Low,Yes,2,Medium,Medium,Public,Positive,2,No,Postgraduate,Moderate,Female,64,Average Performer
4801,12,84,Medium,High,Yes,6,74,High,Yes,1,Medium,High,Public,Negative,3,No,College,Moderate,Female,67,Average Performer
4802,10,69,Low,Medium,No,8,97,Medium,Yes,1,Medium,Medium,Private,Negative,3,No,High School,Near,Female,61,Average Performer
4803,13,98,Medium,High,Yes,6,71,Medium,Yes,1,Low,High,Private,Positive,1,No,College,Near,Female,70,Average Performer
4804,21,84,High,Low,No,6,66,High,Yes,2,High,Medium,Private,Positive,4,Yes,College,Far,Male,68,Average Performer
4805,15,72,Medium,Medium,Yes,8,68,High,Yes,0,Medium,Medium,Public,Positive,2,No,High School,Near,Female,64,Average Performer
4806,23,78,High,Medium,No,8,94,Medium,Yes,1,High,Medium,Private,Neutral,2,Yes,High School,Moderate,Male,68,Average Performer
4807,20,92,Medium,Low,No,7,67,Low,Yes,1,Medium,Medium,Public,Positive,5,No,High School,Near,Male,68,Average Performer
4808,8,66,High,High,Yes,8,83,Medium,Yes,0,Low,Medium,Private,Positive,4,No,College,,Male,63,Average Performer
4809,24,72,Low,Medium,Yes,8,73,Low,Yes,1,Low,Medium,Public,Positive,2,No,College,Moderate,Female,65,Average Performer
4810,25,87,Low,Medium,Yes,10,97,Medium,Yes,4,Low,Low,Private,Neutral,3,Yes,High School,Near,Female,69,Average Performer
4811,14,73,Medium,High,No,8,58,Medium,Yes,2,Low,High,Public,Negative,2,No,College,Moderate,Male,63,Average Performer
4812,23,92,Low,Medium,Yes,10,71,Medium,Yes,1,Low,Medium,Public,Neutral,3,No,College,Near,Male,69,Average Performer
4813,15,65,High,Low,Yes,7,56,Medium,No,3,High,Medium,Private,Positive,3,Yes,High School,Near,Female,61,Average Performer
4814,21,91,Low,High,Yes,9,79,Medium,Yes,2,Low,Medium,Private,Neutral,3,No,College,Far,Female,69,Average Performer
4815,12,63,High,Medium,No,9,70,Low,Yes,1,High,Low,Public,Positive,3,No,College,Near,Female,62,Average Performer
4816,9,61,Low,High,Yes,7,53,Medium,Yes,0,Medium,Medium,Public,Positive,2,Yes,Postgraduate,Far,Male,58,Average Performer
4817,18,96,Medium,High,Yes,6,92,Medium,Yes,2,Medium,Medium,Public,Positive,3,No,High School,Far,Male,71,Average Performer
4818,19,83,High,Low,No,6,69,Medium,Yes,5,Medium,Medium,Private,Positive,2,No,Postgraduate,Far,Male,69,Average Performer
4819,18,74,High,Medium,No,8,75,High,Yes,1,High,High,Public,Positive,3,No,Postgraduate,Moderate,Male,68,Average Performer
4820,13,69,Medium,Low,No,5,70,Medium,Yes,0,Medium,High,Private,Negative,2,No,College,Near,Male,61,Average Performer
4821,18,85,High,Medium,Yes,6,74,Medium,Yes,3,Low,Medium,Private,Negative,2,No,College,Far,Male,67,Average Performer
4822,22,80,Medium,High,Yes,9,51,Medium,Yes,2,Medium,Medium,Public,Negative,3,No,Postgraduate,Near,Male,68,Average Performer
4823,20,100,Medium,Medium,Yes,8,91,Medium,Yes,3,Low,Medium,Public,Positive,3,No,High School,Near,Male,72,Average Performer
4824,21,99,High,Low,Yes,4,67,Medium,Yes,1,Medium,Medium,Private,Negative,4,No,College,Near,Female,71,Average Performer
4825,16,85,Medium,Medium,Yes,5,86,Low,No,3,Medium,Medium,Public,Positive,2,No,High School,Near,Male,67,Average Performer
4826,27,78,Medium,Medium,No,10,53,Medium,Yes,3,Medium,Medium,Private,Neutral,4,Yes,Postgraduate,Moderate,Male,68,Average Performer
4827,13,80,Medium,Medium,No,9,76,Medium,Yes,0,High,Medium,Public,Neutral,2,No,High School,Near,Female,64,Average Performer
4828,23,87,Medium,High,No,6,95,High,Yes,3,High,Medium,Private,Positive,0,No,High School,Near,Female,73,Average Performer
4829,27,64,Low,Medium,Yes,5,70,Medium,Yes,0,Low,High,Public,Positive,4,No,High School,Near,Female,65,Average Performer
4830,23,73,Low,High,No,5,60,High,Yes,1,Medium,Medium,Private,Positive,2,No,Postgraduate,Near,Female,67,Average Performer
4831,19,63,High,Medium,Yes,8,55,Low,Yes,0,Medium,Medium,Private,Positive,4,No,College,Moderate,Female,63,Average Performer
4832,17,63,Medium,Medium,Yes,10,93,Medium,Yes,0,Low,Medium,Public,Positive,2,Yes,Postgraduate,Near,Female,63,Average Performer
4833,26,68,Medium,Medium,Yes,10,62,High,Yes,4,Medium,Medium,Public,Neutral,2,No,Postgraduate,Near,Female,69,Average Performer
4834,11,79,High,High,Yes,5,99,Medium,Yes,1,High,Low,Public,Positive,3,No,High School,Near,Female,68,Average Performer
4835,14,91,Medium,Medium,Yes,7,62,Medium,Yes,2,Low,High,Public,Neutral,2,No,College,Near,Male,68,Average Performer
4836,18,79,High,High,Yes,6,74,Medium,Yes,3,Low,Medium,Public,Positive,4,No,High School,Near,Male,69,Average Performer
4837,27,73,High,High,Yes,7,73,High,Yes,5,High,High,Public,Negative,3,No,High School,Near,Female,73,Average Performer
4838,22,63,High,High,Yes,5,53,High,Yes,3,Low,High,Public,Negative,2,No,High School,Near,Male,66,Average Performer
4839,14,82,Medium,Medium,Yes,6,77,Medium,Yes,3,Medium,Medium,Public,Positive,3,No,College,Near,Female,68,Average Performer
4840,18,71,Medium,Medium,No,6,84,Medium,Yes,2,Medium,Low,Public,Neutral,2,No,Postgraduate,Near,Male,65,Average Performer
4841,16,85,Medium,Medium,No,8,87,High,Yes,4,Low,Medium,Private,Negative,3,No,High School,Far,Male,67,Average Performer
4842,16,99,Medium,Medium,No,6,76,Low,Yes,2,Medium,Medium,Private,Positive,4,No,College,Near,Female,70,Average Performer
4843,26,64,Medium,High,No,6,91,Medium,Yes,1,Low,Medium,Private,Neutral,4,No,High School,Moderate,Male,66,Average Performer
4844,12,68,Medium,High,No,8,88,High,Yes,3,Low,Medium,Public,Negative,3,No,Postgraduate,Moderate,Female,64,Average Performer
4845,30,79,Medium,High,No,9,60,Medium,Yes,1,Low,Medium,Public,Neutral,3,No,High School,Near,Female,69,Average Performer
4846,25,99,Low,Medium,No,10,70,Medium,Yes,1,Medium,Medium,Public,Positive,5,No,College,Far,Female,71,Average Performer
4847,27,91,Medium,Low,No,8,57,Medium,Yes,0,Low,Low,Private,Neutral,4,No,Postgraduate,Moderate,Male,68,Average Performer
4848,17,96,High,Medium,No,7,57,Low,Yes,2,Medium,Medium,Private,Negative,3,No,College,Moderate,Female,68,Average Performer
4849,19,73,Low,Medium,Yes,9,86,High,Yes,0,Medium,High,Public,Positive,3,No,College,Near,Female,66,Average Performer
4850,11,100,Low,High,No,9,77,Medium,Yes,2,Medium,High,Public,Positive,3,No,Postgraduate,Near,Female,70,Average Performer
4851,17,64,Medium,High,No,8,80,Medium,Yes,0,High,High,Public,Positive,2,No,Postgraduate,Near,Female,65,Average Performer
4852,23,62,Medium,Low,Yes,5,87,Medium,Yes,1,Medium,Medium,Public,Negative,4,No,High School,Near,Female,63,Average Performer
4853,28,94,Low,Medium,Yes,9,64,Medium,Yes,0,Medium,Medium,Public,Neutral,3,No,High School,Moderate,Female,70,Average Performer
4854,13,97,Low,Medium,Yes,8,70,Medium,Yes,0,High,Medium,Private,Neutral,2,No,Postgraduate,Moderate,Female,67,Average Performer
4855,18,64,Medium,Medium,No,6,80,Medium,Yes,1,Medium,Medium,Public,Positive,5,Yes,High School,Near,Male,63,Average Performer
4856,19,65,High,Medium,No,6,55,Medium,Yes,1,Low,High,Public,Positive,3,No,Postgraduate,Moderate,Male,64,Average Performer
4857,12,61,Low,Medium,Yes,8,92,Medium,Yes,2,High,Medium,Public,Neutral,4,Yes,High School,Moderate,Male,60,Average Performer
4858,24,64,Medium,Medium,Yes,4,67,Low,Yes,0,Low,Medium,Public,Neutral,1,No,High School,Near,Male,62,Average Performer
4859,16,68,Medium,High,No,7,83,High,Yes,2,Low,High,Public,Positive,2,No,High School,Near,Female,65,Average Performer
4860,19,99,Low,Low,No,6,100,Medium,Yes,0,High,Low,Private,Negative,3,No,Postgraduate,Near,Male,69,Average Performer
4861,17,87,Medium,High,Yes,6,74,Low,Yes,1,Low,High,Private,Neutral,3,No,College,Moderate,Female,68,Average Performer
4862,15,91,Medium,Medium,No,6,61,Medium,No,1,Medium,High,Public,Positive,2,No,High School,Moderate,Male,66,Average Performer
4863,20,91,High,High,Yes,5,61,Low,Yes,4,Low,Medium,Public,Positive,2,No,Postgraduate,Near,Male,72,Average Performer
4864,19,81,Medium,High,Yes,9,53,Medium,Yes,2,High,Medium,Public,Positive,3,No,High School,Near,Male,68,Average Performer
4865,18,92,Medium,Medium,No,4,88,Medium,Yes,3,High,Medium,Public,Neutral,2,No,High School,Moderate,Male,69,Average Performer
4866,16,84,Medium,Medium,No,7,65,Low,Yes,1,High,High,Public,Negative,3,No,High School,Moderate,Male,65,Average Performer
4867,22,73,High,Medium,Yes,6,59,Low,Yes,0,Low,Medium,Public,Positive,1,No,High School,Near,Male,65,Average Performer
4868,30,82,Low,Medium,Yes,10,86,Low,Yes,2,Low,High,Public,Neutral,4,No,High School,Near,Female,70,Average Performer
4869,21,81,Medium,Low,Yes,7,65,High,Yes,1,Medium,Medium,Public,Positive,2,No,College,Moderate,Male,67,Average Performer
4870,26,93,High,Medium,No,4,80,Medium,Yes,4,Low,Medium,Private,Positive,3,Yes,College,Near,Male,73,Average Performer
4871,12,99,High,High,No,8,71,Medium,Yes,2,Medium,Low,Public,Neutral,2,No,College,Near,Female,70,Average Performer
4872,21,76,Medium,Medium,Yes,5,67,Medium,Yes,1,High,Low,Private,Positive,3,No,High School,Moderate,Male,66,Average Performer
4873,13,91,Medium,Medium,Yes,8,74,Medium,Yes,1,Low,Medium,Private,Positive,1,No,Postgraduate,Near,Male,68,Average Performer
4874,11,64,Medium,Medium,Yes,8,66,Medium,Yes,2,Low,Medium,Public,Positive,2,No,College,Moderate,Male,61,Average Performer
4875,16,91,Medium,High,No,9,94,Low,Yes,0,High,Medium,Public,Positive,3,No,Postgraduate,Near,Male,70,Average Performer
4876,27,75,Medium,Low,Yes,7,54,Low,Yes,2,Medium,Medium,Public,Negative,3,No,Postgraduate,Near,Female,66,Average Performer
4877,26,62,High,Medium,Yes,8,52,Medium,Yes,4,Low,Medium,Public,Neutral,5,No,College,Near,Male,67,Average Performer
4878,21,75,High,High,No,7,70,High,Yes,1,Medium,High,Private,Neutral,3,No,Postgraduate,Near,Female,69,Average Performer
4879,11,84,Medium,Low,Yes,6,59,Low,Yes,2,Medium,Medium,Public,Positive,3,No,High School,Near,Female,64,Average Performer
4880,19,65,High,Medium,Yes,9,87,Low,Yes,0,High,High,Public,Positive,2,No,College,Moderate,Male,65,Average Performer
4881,22,97,High,Medium,Yes,5,68,Low,Yes,7,Medium,High,Private,Negative,5,No,College,Near,Female,75,Top Performer
4882,21,63,High,Medium,No,7,63,Medium,Yes,2,Medium,Medium,Public,Neutral,2,No,High School,Far,Male,63,Average Performer
4883,9,97,High,Medium,No,6,68,Low,Yes,5,Medium,Medium,Private,Neutral,3,No,College,Near,Male,69,Average Performer
4884,15,88,Medium,High,Yes,8,61,Low,Yes,2,Medium,High,Public,Positive,4,Yes,High School,Near,Male,68,Average Performer
4885,20,73,Medium,Low,Yes,6,65,Medium,Yes,2,High,High,Private,Positive,2,No,College,Near,Male,66,Average Performer
4886,23,76,Low,Medium,Yes,6,78,Low,Yes,2,High,Medium,Public,Positive,2,No,High School,Moderate,Female,66,Average Performer
4887,7,90,Low,Medium,Yes,7,93,Low,Yes,4,Medium,Medium,Public,Neutral,3,No,College,Near,Male,66,Average Performer
4888,19,84,Medium,Medium,Yes,9,69,Medium,Yes,2,Medium,Low,Public,Neutral,4,No,College,Near,Female,68,Average Performer
4889,21,87,Low,Medium,Yes,6,66,Medium,Yes,1,Low,Low,Public,Negative,2,No,High School,Moderate,Female,65,Average Performer
4890,25,76,Medium,High,No,6,89,High,Yes,3,Low,Medium,Public,Neutral,3,No,College,Near,Male,70,Average Performer
4891,24,80,Medium,High,No,5,51,Medium,Yes,3,High,Low,Public,Positive,2,No,High School,Near,Female,68,Average Performer
4892,23,100,Medium,Medium,No,6,65,Low,Yes,1,Medium,High,Public,Neutral,2,Yes,High School,Near,Female,70,Average Performer
4893,15,69,Low,Medium,No,8,73,Medium,Yes,2,Medium,Medium,Public,Neutral,2,No,High School,Moderate,Male,61,Average Performer
4894,9,77,Low,Low,No,7,80,Medium,Yes,3,Medium,Medium,Public,Positive,3,Yes,High School,Near,Male,61,Average Performer
4895,18,72,Low,High,No,7,58,Low,Yes,6,Low,Medium,Public,Positive,0,No,High School,Moderate,Male,64,Average Performer
4896,26,91,Low,Medium,No,10,72,Low,Yes,4,High,Medium,Public,Neutral,3,No,College,Moderate,Male,71,Average Performer
4897,28,91,High,Medium,Yes,4,78,Low,Yes,1,Medium,Low,Public,Positive,3,No,High School,Moderate,Male,72,Average Performer
4898,24,72,Medium,High,Yes,10,76,High,No,1,Low,Medium,Public,Negative,3,No,High School,Near,Male,66,Average Performer
4899,23,63,Medium,Medium,Yes,9,79,High,Yes,0,Low,Medium,Private,Negative,4,No,High School,Far,Female,63,Average Performer
4900,22,60,Low,Low,No,7,83,Medium,No,3,Medium,Medium,Public,Positive,1,No,College,Near,Female,62,Average Performer
4901,17,77,Medium,Medium,Yes,8,69,Low,Yes,3,High,Medium,Public,Neutral,3,Yes,,Near,Male,65,Average Performer
4902,19,76,Medium,Medium,Yes,6,53,Medium,Yes,2,Medium,Medium,Public,Positive,5,No,High School,Near,Male,66,Average Performer
4903,30,100,Low,High,No,7,53,Medium,Yes,2,Low,High,Private,Neutral,3,No,High School,Moderate,Male,72,Average Performer
4904,14,79,High,Medium,Yes,10,93,Medium,Yes,2,Medium,Medium,Public,Neutral,3,No,College,Near,Male,68,Average Performer
4905,30,70,High,Low,No,6,84,High,Yes,2,Medium,Medium,Public,Positive,3,No,Postgraduate,Near,Male,70,Average Performer
4906,18,96,Medium,Medium,Yes,7,88,Medium,Yes,1,Medium,High,Private,Negative,3,No,High School,Moderate,Female,70,Average Performer
4907,28,80,Medium,High,No,6,96,High,Yes,2,Low,Medium,Public,Positive,6,No,High School,Near,Male,73,Average Performer
4908,12,84,Medium,High,No,6,88,High,No,2,High,High,Public,Positive,2,No,High School,Near,Male,67,Average Performer
4909,24,64,Medium,Low,No,6,85,Medium,Yes,3,Medium,Medium,Public,Positive,2,No,Postgraduate,Moderate,Male,65,Average Performer
4910,16,75,High,Low,Yes,5,83,Medium,Yes,1,Medium,High,Private,Negative,3,No,College,Moderate,Female,65,Average Performer
4911,12,98,Low,Medium,No,7,63,Medium,Yes,0,High,Medium,Private,Neutral,3,Yes,High School,Near,Female,65,Average Performer
4912,21,84,Medium,Medium,Yes,7,98,Medium,Yes,0,Medium,Medium,Public,Neutral,4,No,College,Near,Male,70,Average Performer
4913,26,74,Medium,Low,Yes,6,77,Medium,Yes,3,Medium,Medium,Private,Negative,2,No,High School,Far,Male,66,Average Performer
4914,15,85,Medium,Medium,Yes,4,61,Medium,Yes,0,Medium,Low,Public,Neutral,1,No,College,Near,Male,65,Average Performer
4915,11,96,High,High,No,7,60,Medium,Yes,2,Low,Medium,Public,Neutral,1,No,High School,Near,Male,68,Average Performer
4916,19,71,Medium,Medium,Yes,7,91,Medium,Yes,3,High,Medium,Public,Negative,1,No,High School,Moderate,Female,66,Average Performer
4917,19,80,Low,Medium,Yes,10,63,High,No,1,Medium,Medium,Public,Neutral,2,No,College,Near,Female,65,Average Performer
4918,23,98,Medium,High,Yes,7,52,Low,Yes,2,Low,High,Private,Positive,4,Yes,High School,Near,Female,71,Average Performer
4919,26,67,Low,Medium,Yes,8,71,Medium,Yes,2,High,Medium,Private,Negative,3,No,High School,Near,Male,65,Average Performer
4920,20,89,Low,Medium,Yes,6,91,High,Yes,0,Medium,Medium,Private,Positive,4,No,College,Near,Male,70,Average Performer
4921,31,85,Medium,Medium,Yes,9,71,Low,Yes,0,Medium,High,Public,Negative,2,Yes,College,Moderate,Female,69,Average Performer
4922,21,87,Medium,Medium,No,6,90,High,Yes,3,High,Medium,Public,Negative,4,No,High School,Near,Male,71,Average Performer
4923,18,74,Medium,High,Yes,8,91,Medium,Yes,0,Medium,High,Private,Positive,2,No,High School,Near,Female,67,Average Performer
4924,10,73,Medium,Medium,Yes,8,93,High,Yes,3,Low,Medium,Public,Positive,2,Yes,,Moderate,Male,64,Average Performer
4925,18,87,Low,Low,No,8,79,High,Yes,1,Low,High,Public,Negative,4,No,College,Near,Male,82,Top Performer
4926,18,69,Medium,High,Yes,10,85,Medium,Yes,2,High,Medium,Private,Positive,0,No,College,Moderate,Female,66,Average Performer
4927,26,77,Low,Medium,Yes,6,63,Low,Yes,1,Low,High,Public,Negative,4,No,High School,Near,Male,66,Average Performer
4928,23,68,High,Medium,Yes,9,55,Medium,Yes,1,Medium,Medium,Public,Positive,3,No,High School,Moderate,Male,65,Average Performer
4929,13,60,Medium,Medium,No,9,77,Low,Yes,2,Medium,High,Private,Positive,5,Yes,High School,Near,Male,61,Average Performer
4930,21,99,Medium,High,No,7,51,High,Yes,2,Medium,Low,Private,Neutral,2,No,Postgraduate,Near,Female,72,Average Performer
4931,24,77,High,Medium,Yes,10,73,Medium,Yes,3,Medium,Medium,Public,Positive,3,No,High School,Near,Male,70,Average Performer
4932,29,99,Medium,Medium,Yes,7,55,Low,Yes,0,Medium,Medium,Private,Positive,3,No,High School,Moderate,Male,71,Average Performer
4933,25,66,High,Medium,Yes,7,55,Medium,Yes,4,Medium,Medium,Public,Neutral,2,Yes,High School,Moderate,Female,84,Top Performer
4934,25,83,High,High,Yes,7,94,Low,Yes,2,Low,High,Public,Positive,3,Yes,College,Moderate,Male,72,Average Performer
4935,20,68,Medium,High,Yes,5,82,Medium,No,1,Low,High,Public,Positive,3,No,Postgraduate,Near,Female,67,Average Performer
4936,22,92,High,Low,No,8,82,Medium,Yes,2,Medium,Medium,Private,Neutral,5,No,Postgraduate,Near,Male,72,Average Performer
4937,27,91,Low,High,Yes,8,70,Low,Yes,1,Medium,Low,Public,Neutral,6,No,High School,Moderate,Female,70,Average Performer
4938,12,65,Medium,High,No,7,71,Medium,Yes,1,Low,High,Public,Neutral,4,No,High School,Moderate,Male,62,Average Performer
4939,18,96,High,Medium,Yes,10,65,Low,Yes,3,Medium,Medium,Public,Positive,2,No,College,Moderate,Female,71,Average Performer
4940,15,68,Low,Medium,No,6,72,Low,Yes,3,High,Low,Public,Neutral,3,No,High School,Near,Female,62,Average Performer
4941,22,85,Medium,Medium,Yes,4,79,Low,Yes,1,Low,Low,Public,Positive,3,No,High School,Near,Female,68,Average Performer
4942,27,99,High,Medium,No,10,59,High,Yes,2,Low,Medium,Public,Positive,3,No,High School,Near,Male,74,Average Performer
4943,16,95,High,High,No,9,63,Medium,No,0,Medium,Low,Private,Positive,3,No,High School,Near,Male,68,Average Performer
4944,6,98,Medium,Low,No,8,75,Medium,Yes,1,High,Medium,Public,Neutral,3,Yes,Postgraduate,Far,Female,64,Average Performer
4945,18,74,High,Medium,Yes,6,69,Medium,Yes,0,Low,Medium,Public,Positive,4,No,High School,Moderate,Male,65,Average Performer
4946,25,64,Medium,Low,Yes,8,91,Medium,Yes,1,Low,Low,Public,Positive,5,No,College,Near,Male,66,Average Performer
4947,23,68,Medium,High,No,5,91,Low,Yes,5,Low,Medium,Public,Neutral,1,No,College,Near,Female,68,Average Performer
4948,23,80,Medium,Medium,No,7,67,Low,Yes,2,Low,High,Public,Neutral,4,No,High School,Near,Male,67,Average Performer
4949,18,92,Medium,Medium,Yes,6,73,Low,Yes,1,Medium,High,Public,Neutral,5,Yes,High School,Moderate,Female,67,Average Performer
4950,12,66,Medium,High,Yes,7,99,Low,Yes,2,Medium,Low,Public,Neutral,3,No,High School,Moderate,Male,63,Average Performer
4951,23,86,Medium,High,Yes,8,91,Medium,Yes,2,Low,Medium,Public,Negative,1,No,College,Near,Female,71,Average Performer
4952,15,73,Medium,High,No,5,61,Low,No,1,Low,High,Private,Positive,2,No,Postgraduate,Moderate,Male,63,Average Performer
4953,33,74,Medium,Low,No,8,64,Medium,Yes,0,Medium,Medium,Public,Negative,3,Yes,High School,Near,Male,66,Average Performer
4954,23,86,High,Medium,No,7,54,Low,Yes,2,Medium,Medium,Public,Negative,2,Yes,High School,Near,Female,67,Average Performer
4955,17,79,Medium,High,Yes,8,84,Medium,Yes,0,Medium,Medium,Public,Neutral,2,No,High School,Moderate,Male,66,Average Performer
4956,16,92,Medium,Medium,Yes,7,66,High,Yes,2,Medium,Medium,Public,Positive,4,No,Postgraduate,Moderate,Female,70,Average Performer
4957,19,66,High,Medium,No,8,77,Low,No,3,Medium,Medium,Public,Negative,4,No,College,Moderate,Female,64,Average Performer
4958,19,92,Medium,Medium,Yes,6,88,Low,Yes,1,High,Medium,Public,Positive,2,No,Postgraduate,Near,Male,71,Average Performer
4959,27,63,High,High,Yes,4,92,Medium,Yes,0,Low,Medium,Public,Neutral,3,No,College,Near,Female,68,Average Performer
4960,21,68,Low,Medium,Yes,5,66,Low,Yes,2,High,Medium,Private,Neutral,3,No,High School,Near,Male,64,Average Performer
4961,16,86,Medium,Medium,Yes,6,62,Low,Yes,1,Low,High,Public,Positive,4,No,High School,Near,Female,66,Average Performer
4962,31,94,Low,Medium,No,5,92,Low,Yes,1,High,Low,Private,Neutral,4,No,High School,Near,Male,72,Average Performer
4963,20,70,Low,Medium,Yes,9,69,High,Yes,2,Medium,High,Public,Neutral,3,No,Postgraduate,Near,Female,66,Average Performer
4964,25,73,Medium,High,Yes,7,91,Medium,Yes,0,Medium,High,Public,Neutral,4,No,,Near,Female,70,Average Performer
4965,16,81,Medium,Medium,Yes,8,57,High,Yes,1,Medium,Medium,Private,Positive,2,No,High School,Near,Male,66,Average Performer
4966,22,68,High,Medium,No,8,96,Medium,Yes,1,Medium,Medium,Public,Positive,3,No,Postgraduate,Moderate,Female,68,Average Performer
4967,22,92,Medium,Low,Yes,7,74,High,Yes,2,Medium,Low,Public,Positive,4,No,College,Moderate,Male,70,Average Performer
4968,9,91,Medium,Medium,No,10,59,High,Yes,0,Low,Medium,Private,Positive,2,No,College,Moderate,Male,64,Average Performer
4969,32,66,High,High,Yes,10,77,High,Yes,3,Medium,Medium,Public,Neutral,1,No,College,Near,Male,71,Average Performer
4970,28,79,Medium,High,Yes,9,94,Low,Yes,2,Low,Medium,Private,Positive,5,No,College,Near,Male,72,Average Performer
4971,18,91,High,Medium,Yes,6,69,Medium,Yes,5,Low,High,Public,Positive,2,No,High School,Near,Male,71,Average Performer
4972,13,73,Medium,Low,No,9,59,Medium,Yes,0,Medium,High,Public,Neutral,4,No,Postgraduate,Near,Male,63,Average Performer
4973,22,85,Low,Medium,Yes,4,79,Medium,Yes,1,High,Low,Public,Positive,2,No,College,Near,Male,68,Average Performer
4974,21,62,Medium,Medium,No,9,92,Medium,Yes,1,Medium,Medium,Private,Positive,4,Yes,High School,Near,Male,63,Average Performer
4975,22,84,Medium,Medium,No,4,56,Medium,Yes,0,High,Low,Private,Positive,2,No,High School,Moderate,Male,66,Average Performer
4976,21,66,Medium,Medium,Yes,7,52,High,Yes,1,Medium,Medium,Public,Neutral,3,No,High School,Far,Female,63,Average Performer
4977,23,93,High,High,No,9,53,High,Yes,1,Low,Medium,Private,Neutral,4,No,College,Near,Female,72,Average Performer
4978,29,74,Medium,High,Yes,8,62,High,Yes,3,Low,High,Public,Positive,3,Yes,Postgraduate,Moderate,Male,70,Average Performer
4979,23,71,Medium,Medium,Yes,5,50,Medium,Yes,1,Low,High,Public,Positive,1,No,College,Near,Female,65,Average Performer
4980,14,94,Medium,High,Yes,7,71,Medium,Yes,0,Medium,Medium,Private,Negative,3,Yes,College,Moderate,Female,67,Average Performer
4981,28,62,Low,High,No,8,85,Medium,Yes,2,Low,High,Public,Positive,3,No,High School,Moderate,Female,66,Average Performer
4982,30,76,Medium,Medium,Yes,7,86,Medium,Yes,1,Medium,High,Public,Neutral,2,Yes,Postgraduate,Far,Male,69,Average Performer
4983,39,75,Medium,High,Yes,6,82,High,Yes,1,High,Low,Public,Negative,3,No,College,Near,Male,73,Average Performer
4984,13,71,Medium,High,Yes,8,65,High,Yes,2,Medium,Medium,Public,Neutral,4,No,Postgraduate,Near,Female,66,Average Performer
4985,21,96,Medium,Medium,Yes,9,87,Medium,Yes,0,Medium,Medium,Public,Neutral,6,Yes,High School,Near,Female,70,Average Performer
4986,8,90,High,High,No,7,79,High,Yes,2,Low,Medium,Public,Negative,4,No,College,Near,Male,68,Average Performer
4987,23,63,Low,Medium,Yes,9,93,Medium,Yes,2,Medium,High,Private,Positive,2,No,High School,Far,Male,65,Average Performer
4988,17,89,Medium,Medium,No,7,74,Medium,Yes,1,Low,Medium,Private,Positive,2,No,Postgraduate,Moderate,Female,67,Average Performer
4989,32,81,High,Medium,No,6,59,High,Yes,2,High,Medium,Public,Neutral,2,No,High School,Moderate,Female,71,Average Performer
4990,15,96,High,High,No,9,82,Medium,Yes,2,Low,Low,Private,Neutral,3,No,High School,Near,Female,70,Average Performer
4991,10,73,Medium,Low,Yes,9,58,Low,Yes,5,Low,Medium,Private,Negative,3,No,High School,Moderate,Male,61,Average Performer
4992,17,83,High,Medium,Yes,6,98,Medium,Yes,0,Medium,Medium,Public,Positive,3,No,High School,Near,Male,69,Average Performer
4993,8,80,Low,Medium,Yes,6,85,Medium,Yes,1,Low,High,Public,Negative,3,No,Postgraduate,Near,Male,63,Average Performer
4994,25,80,Medium,Medium,Yes,10,88,Low,Yes,0,Low,High,Private,Negative,2,No,College,Moderate,Male,67,Average Performer
4995,8,78,High,Medium,Yes,7,84,Medium,Yes,0,Medium,Medium,Public,Positive,2,No,College,Near,Male,65,Average Performer
4996,20,68,High,Medium,Yes,7,55,High,Yes,0,Low,Low,Public,Positive,3,Yes,High School,Near,Female,63,Average Performer
4997,8,90,Medium,Medium,No,7,73,High,Yes,3,High,Low,Private,Negative,4,No,Postgraduate,Near,Male,67,Average Performer
4998,18,78,Low,High,Yes,9,83,Medium,Yes,2,Low,Medium,Private,Negative,2,No,Postgraduate,Moderate,Female,66,Average Performer
4999,30,98,Low,Medium,Yes,10,61,Medium,Yes,0,Low,Medium,Public,Positive,3,No,Postgraduate,Moderate,Male,72,Average Performer
5000,22,70,Medium,High,No,7,84,Low,Yes,3,Low,High,Public,Positive,5,No,High School,Near,Male,68,Average Performer
5001,15,87,High,Medium,Yes,10,91,Medium,Yes,1,Low,Low,Public,Neutral,4,No,High School,Moderate,Male,67,Average Performer
5002,20,98,Medium,Medium,Yes,6,64,Medium,Yes,1,High,High,Private,Positive,3,No,Postgraduate,Moderate,Male,72,Average Performer
5003,20,87,Medium,High,Yes,7,60,Medium,Yes,0,Low,Medium,Public,Positive,2,Yes,High School,Far,Female,66,Average Performer
5004,23,95,Medium,Medium,Yes,8,94,Medium,Yes,1,Medium,Medium,Public,Positive,4,No,High School,Near,Male,73,Average Performer
5005,12,93,High,High,Yes,6,50,Low,Yes,4,High,High,Public,Positive,3,No,Postgraduate,Moderate,Male,71,Average Performer
5006,24,74,Low,Low,Yes,8,63,High,Yes,1,Low,High,Public,Positive,3,No,High School,Moderate,Male,65,Average Performer
5007,4,84,Medium,Medium,Yes,6,70,Medium,Yes,5,Medium,High,Private,Neutral,4,No,High School,Near,Male,65,Average Performer
5008,16,66,High,Medium,Yes,5,84,Medium,Yes,2,Medium,Medium,Private,Neutral,3,No,High School,Near,Female,65,Average Performer
5009,17,81,Medium,Medium,Yes,4,100,Low,Yes,2,Medium,High,Private,Neutral,2,No,College,Near,Male,68,Average Performer
5010,24,69,High,Medium,No,7,69,Medium,No,7,High,Medium,Public,Positive,3,No,College,Near,Female,70,Average Performer
5011,20,90,Medium,Low,Yes,8,97,Low,Yes,1,Medium,Low,Private,Neutral,2,No,High School,Near,Female,68,Average Performer
5012,12,81,Low,Medium,Yes,5,68,High,Yes,0,Low,High,Private,Negative,2,No,High School,Near,Male,62,Average Performer
5013,14,76,Medium,Medium,No,7,85,High,Yes,3,Low,Medium,Private,Neutral,3,No,College,Near,Male,66,Average Performer
5014,21,71,Medium,Medium,No,7,58,Low,Yes,3,Low,Medium,Public,Negative,5,No,College,Near,Female,65,Average Performer
5015,20,100,Medium,Medium,Yes,7,73,Medium,Yes,1,Low,Medium,Public,Neutral,4,No,College,Near,Female,71,Average Performer
5016,17,63,Medium,Medium,No,6,94,Low,Yes,0,Medium,Medium,Public,Negative,2,No,High School,Moderate,Male,61,Average Performer
5017,17,62,Medium,Medium,No,7,66,High,Yes,2,High,Medium,Public,Neutral,4,No,High School,Moderate,Male,63,Average Performer
5018,24,69,Medium,High,Yes,7,55,Low,Yes,3,Medium,High,Public,Neutral,4,No,High School,Near,Male,67,Average Performer
5019,17,99,Medium,Medium,No,8,76,Low,No,2,High,Medium,Public,Positive,4,No,Postgraduate,Near,Male,70,Average Performer
5020,19,99,Medium,Medium,Yes,5,72,Low,Yes,3,Medium,High,Private,Neutral,4,No,Postgraduate,Near,Male,73,Average Performer
5021,33,86,Medium,Medium,No,7,61,Medium,Yes,1,High,,Public,Positive,3,No,High School,Near,Male,72,Average Performer
5022,11,95,Medium,Medium,Yes,5,95,Low,Yes,1,Low,High,Public,Positive,3,No,Postgraduate,Near,Male,69,Average Performer
5023,9,69,Low,Medium,Yes,7,80,Medium,Yes,1,Medium,Medium,Private,Neutral,3,No,College,Moderate,Male,61,Average Performer
5024,25,99,Medium,Medium,No,5,67,Medium,Yes,1,Low,High,Public,Neutral,3,No,,Near,Male,71,Average Performer
5025,16,66,Medium,Medium,Yes,6,100,Medium,Yes,1,Medium,Medium,Public,Neutral,3,No,High School,Moderate,Female,64,Average Performer
5026,18,64,Low,Medium,Yes,7,57,Medium,Yes,1,High,Medium,Public,Neutral,3,No,High School,Moderate,Male,61,Average Performer
5027,15,64,Medium,Medium,No,6,92,Low,Yes,3,Low,Medium,Public,Negative,4,No,College,Near,Female,63,Average Performer
5028,18,83,Medium,Low,Yes,9,62,High,Yes,2,Low,Medium,Public,Negative,2,No,High School,Near,Male,65,Average Performer
5029,30,91,High,Medium,No,9,62,Low,Yes,3,Low,High,Public,Negative,4,No,Postgraduate,Near,Female,73,Average Performer
5030,25,75,Medium,Low,Yes,8,75,High,Yes,2,High,High,Private,Negative,4,Yes,Postgraduate,Near,Male,68,Average Performer
5031,25,99,Medium,Medium,No,8,83,Medium,Yes,1,Medium,Medium,Public,Neutral,2,No,College,Near,Female,72,Average Performer
5032,12,77,Low,Low,Yes,7,85,Medium,Yes,1,Medium,Medium,Public,Positive,3,No,College,Far,Male,62,Average Performer
5033,13,66,High,Medium,Yes,9,51,Low,Yes,3,Medium,Medium,Private,Positive,2,No,Postgraduate,Moderate,Male,63,Average Performer
5034,3,79,Low,Medium,Yes,7,64,Low,Yes,0,Medium,Medium,Public,Negative,3,No,Postgraduate,Far,Female,58,Average Performer
5035,15,87,Medium,Medium,No,10,83,Medium,Yes,1,High,High,Private,Positive,3,No,High School,Near,Male,68,Average Performer
5036,26,93,High,High,Yes,6,94,Low,Yes,1,Medium,High,Public,Negative,2,No,High School,Near,Female,74,Average Performer
5037,23,78,Medium,Medium,Yes,5,83,Medium,Yes,1,Medium,Medium,Public,Positive,3,No,High School,Near,Male,68,Average Performer
5038,19,84,Medium,Medium,Yes,5,63,Medium,Yes,1,High,Medium,Private,Positive,2,No,High School,Near,Male,67,Average Performer
5039,20,71,Medium,Medium,Yes,5,75,Low,Yes,0,Medium,Medium,Private,Positive,4,No,High School,Near,Male,65,Average Performer
5040,16,86,Low,Low,Yes,5,82,Low,Yes,0,Low,Medium,Public,Neutral,4,No,High School,Moderate,Female,63,Average Performer
5041,21,99,Medium,Low,No,7,57,High,Yes,2,Medium,Medium,Public,Neutral,2,No,Postgraduate,Near,Male,71,Average Performer
5042,25,62,Medium,Low,Yes,8,77,Medium,Yes,0,Medium,Low,Public,Negative,4,No,College,Far,Female,62,Average Performer
5043,10,95,High,Low,Yes,7,74,High,Yes,2,Low,Medium,Public,Negative,3,No,High School,Far,Male,66,Average Performer
5044,22,82,Low,Medium,No,5,67,Low,Yes,1,Low,High,Private,Neutral,1,Yes,Postgraduate,Near,Female,65,Average Performer
5045,26,70,High,Medium,No,6,81,Low,Yes,0,Low,High,Public,Neutral,3,No,High School,Moderate,Male,66,Average Performer
5046,18,98,High,Low,No,8,82,Medium,Yes,3,Medium,High,Public,Negative,3,No,College,Near,Male,71,Average Performer
5047,24,79,Low,High,No,6,99,High,No,2,Low,High,Public,Negative,3,No,High School,Near,Male,68,Average Performer
5048,37,73,Medium,High,Yes,6,71,Medium,Yes,0,High,High,Public,Positive,5,No,High School,Moderate,Male,72,Average Performer
5049,19,67,Medium,High,No,5,77,Medium,Yes,1,Medium,High,Private,Negative,4,No,Postgraduate,Near,Male,66,Average Performer
5050,22,70,Medium,Low,Yes,6,58,Low,Yes,4,High,Medium,Public,Positive,2,No,Postgraduate,Moderate,Male,66,Average Performer
5051,16,93,Low,High,No,6,77,High,Yes,2,Low,Medium,Public,Negative,1,No,High School,Moderate,Male,67,Average Performer
5052,21,85,Low,High,Yes,7,52,Medium,Yes,5,High,High,Public,Positive,3,No,Postgraduate,Moderate,Male,71,Average Performer
5053,23,97,High,High,Yes,8,57,Low,No,2,High,Medium,Public,Positive,1,No,Postgraduate,Far,Male,72,Average Performer
5054,21,69,Low,Medium,No,7,59,Medium,Yes,3,Low,Medium,Public,Neutral,3,No,Postgraduate,Near,Male,64,Average Performer
5055,14,65,Low,High,No,7,82,Low,Yes,1,Low,Low,Public,Negative,3,No,High School,Near,Male,60,Average Performer
5056,21,60,High,Low,No,8,78,Medium,Yes,2,Medium,High,Public,Positive,2,No,High School,Near,Female,64,Average Performer
5057,29,80,Medium,Low,Yes,5,90,Medium,Yes,2,Medium,Low,Public,Positive,1,No,College,Near,Female,70,Average Performer
5058,23,100,Medium,Low,Yes,10,73,Medium,Yes,3,Medium,Medium,Private,Neutral,2,No,College,Near,Male,72,Average Performer
5059,26,88,Medium,High,No,6,74,Medium,Yes,0,Low,Medium,Public,Negative,2,No,High School,Moderate,Female,68,Average Performer
5060,19,72,Medium,Low,Yes,8,58,Medium,Yes,0,Medium,Low,Public,Neutral,3,No,High School,Near,Female,62,Average Performer
5061,24,95,Medium,Low,No,5,87,Medium,Yes,0,Low,Medium,Public,Neutral,2,No,High School,Far,Male,68,Average Performer
5062,22,91,High,High,Yes,7,50,Medium,Yes,2,Low,,Public,Positive,5,No,Postgraduate,Moderate,Male,72,Average Performer
5063,14,61,Medium,Low,Yes,7,71,Medium,Yes,0,Medium,Low,Private,Neutral,1,No,Postgraduate,Near,Female,60,Average Performer
5064,22,93,Medium,High,No,9,59,Low,Yes,3,Low,High,Public,Positive,4,No,Postgraduate,Near,Female,72,Average Performer
5065,14,72,Low,High,No,7,89,Medium,Yes,2,Medium,Medium,Public,Positive,3,No,High School,Near,Female,65,Average Performer
5066,16,66,Medium,Low,No,9,84,High,Yes,3,Low,Low,Public,Positive,4,No,High School,Near,Female,63,Average Performer
5067,21,69,Medium,Low,Yes,7,85,Medium,Yes,2,Medium,Medium,Private,Positive,0,No,Postgraduate,Near,Male,66,Average Performer
5068,22,79,Low,Medium,No,10,57,Low,Yes,1,Medium,High,Public,Positive,2,No,High School,Near,Male,65,Average Performer
5069,13,77,Medium,High,No,4,83,Medium,Yes,1,Medium,High,Public,Negative,2,No,Postgraduate,Moderate,Male,65,Average Performer
5070,26,72,Low,High,No,8,85,Medium,Yes,2,Low,Medium,Public,Negative,3,No,High School,Near,Male,67,Average Performer
5071,23,67,Medium,Medium,No,4,50,Low,Yes,4,Low,Medium,Private,Positive,3,No,College,Moderate,Male,65,Average Performer
5072,16,90,High,Medium,No,7,66,Medium,Yes,0,High,High,Public,Negative,3,No,High School,Moderate,Male,67,Average Performer
5073,11,100,Medium,Medium,Yes,9,54,Low,Yes,1,Low,Medium,Public,Negative,3,No,Postgraduate,Near,Male,66,Average Performer
5074,19,91,Low,High,Yes,9,84,High,Yes,2,High,High,Public,Positive,3,Yes,High School,Near,Male,71,Average Performer
5075,17,72,Medium,Medium,No,8,61,Medium,Yes,1,Medium,Medium,Public,Neutral,4,No,Postgraduate,Moderate,Male,64,Average Performer
5076,21,70,Low,Low,No,7,63,Medium,Yes,0,Medium,Medium,Public,Positive,2,No,High School,Far,Male,61,Average Performer
5077,18,69,High,High,Yes,8,54,Low,Yes,1,High,High,Private,Neutral,2,No,High School,Near,Male,65,Average Performer
5078,8,65,Medium,Medium,No,10,74,Medium,Yes,1,Medium,High,Private,Positive,5,No,High School,Near,Male,61,Average Performer
5079,18,82,High,Low,No,7,52,Low,Yes,1,Low,Medium,Public,Negative,4,No,High School,Near,Female,64,Average Performer
5080,18,84,High,High,Yes,8,92,Low,Yes,0,Low,High,Public,Negative,3,No,College,Near,Female,69,Average Performer
5081,24,88,Medium,Medium,Yes,6,51,High,Yes,4,Medium,Low,Public,Positive,4,No,High School,Near,Male,71,Average Performer
5082,16,87,High,Medium,No,9,53,High,Yes,3,Medium,High,Private,Neutral,5,No,College,Near,Male,70,Average Performer
5083,30,72,High,Medium,Yes,8,82,High,Yes,1,Low,Medium,Public,Positive,1,No,College,Moderate,Female,70,Average Performer
5084,9,73,Medium,Medium,Yes,6,96,Low,Yes,0,Low,High,Public,Positive,2,No,High School,Near,Male,62,Average Performer
5085,28,87,Medium,Medium,No,8,95,Medium,Yes,2,Medium,Low,Private,Positive,3,No,Postgraduate,Near,Female,73,Average Performer
5086,19,74,Medium,High,No,8,54,High,Yes,0,Medium,Medium,Public,Positive,3,No,College,Near,Male,66,Average Performer
5087,25,69,Medium,Medium,Yes,8,64,Medium,Yes,1,High,Low,Public,Negative,3,No,Postgraduate,Moderate,Female,66,Average Performer
5088,20,75,Low,Medium,No,7,76,Medium,Yes,3,High,High,Private,Negative,3,No,College,Near,Female,66,Average Performer
5089,27,71,Medium,Medium,Yes,9,51,Medium,No,3,High,Medium,Public,Neutral,1,No,College,Far,Female,66,Average Performer
5090,18,64,Medium,Medium,Yes,6,76,Medium,Yes,2,Medium,High,Public,Positive,4,No,High School,Near,Male,65,Average Performer
5091,13,93,Low,Low,No,7,72,High,Yes,2,Medium,Medium,Private,Positive,2,No,Postgraduate,Near,Female,67,Average Performer
5092,29,94,High,Medium,No,7,79,Medium,Yes,6,Low,High,Private,Neutral,4,No,College,Near,Female,76,Top Performer
5093,19,69,Medium,Medium,Yes,9,96,Medium,Yes,0,High,High,Private,Positive,3,No,High School,Moderate,Female,66,Average Performer
5094,21,63,Medium,Medium,Yes,6,64,Low,Yes,1,High,High,Public,Negative,3,No,High School,Near,Male,63,Average Performer
5095,27,90,Medium,Medium,No,7,82,Medium,Yes,0,Medium,Medium,Public,Positive,3,No,College,Moderate,Female,71,Average Performer
5096,14,68,Medium,High,No,6,71,Low,Yes,1,Medium,Medium,Public,Positive,3,No,College,Moderate,Male,63,Average Performer
5097,24,76,High,Low,Yes,7,72,Low,Yes,1,High,Medium,Public,Positive,2,No,College,Moderate,Male,67,Average Performer
5098,16,63,Medium,Medium,Yes,8,82,Medium,Yes,0,High,Medium,Public,Neutral,3,No,High School,Near,Male,63,Average Performer
5099,19,69,High,Medium,Yes,5,98,Medium,Yes,0,High,Medium,Public,Neutral,4,No,High School,Moderate,Male,66,Average Performer
5100,20,92,Medium,Medium,Yes,9,93,Low,Yes,3,High,Medium,Public,Positive,2,No,College,Near,Female,72,Average Performer
5101,11,92,High,Medium,Yes,8,82,High,Yes,4,Medium,Medium,Private,Negative,2,No,Postgraduate,Near,Female,70,Average Performer
5102,15,68,High,Low,Yes,6,73,Medium,No,0,Medium,Medium,Public,Positive,3,No,College,Near,Male,62,Average Performer
5103,28,73,High,Medium,Yes,6,71,Medium,Yes,0,Medium,High,Private,Positive,2,No,College,Moderate,Female,69,Average Performer
5104,25,65,Low,Medium,Yes,9,89,Medium,Yes,2,Medium,High,Public,Neutral,3,No,High School,Near,Female,66,Average Performer
5105,20,63,Medium,Medium,Yes,8,61,Medium,Yes,2,High,Medium,Public,Neutral,3,No,High School,Near,Male,64,Average Performer
5106,21,100,Low,Medium,Yes,6,79,Medium,Yes,2,Low,Medium,Public,Neutral,1,No,High School,Near,Female,70,Average Performer
5107,18,86,Medium,Medium,No,6,75,High,Yes,0,Low,High,Public,Neutral,4,No,High School,Near,Male,67,Average Performer
5108,28,82,Medium,High,Yes,8,82,Low,Yes,1,Medium,Medium,Private,Negative,2,No,Postgraduate,Near,Male,71,Average Performer
5109,19,91,Medium,Medium,No,8,59,High,Yes,1,High,Medium,Public,Neutral,2,No,Postgraduate,Near,Male,69,Average Performer
5110,21,94,High,Low,No,8,85,Medium,Yes,1,Medium,Medium,Public,Negative,4,No,College,Near,Male,70,Average Performer
5111,27,92,Medium,Medium,Yes,7,81,Medium,Yes,0,Low,Medium,Public,Negative,1,No,College,Near,Male,70,Average Performer
5112,15,61,High,Low,Yes,8,59,Medium,Yes,1,Medium,Medium,Public,Neutral,2,No,Postgraduate,Moderate,Female,61,Average Performer
5113,29,67,Low,High,No,7,72,Medium,No,0,Medium,High,Public,Neutral,3,No,High School,Near,Female,65,Average Performer
5114,11,86,Medium,High,Yes,6,84,Medium,Yes,0,High,High,Private,Neutral,3,No,High School,Near,Male,67,Average Performer
5115,30,75,Medium,Low,Yes,9,95,Low,Yes,1,High,Medium,Public,Negative,5,No,Postgraduate,Near,Male,70,Average Performer
5116,18,99,Medium,Medium,No,8,56,Medium,No,2,Low,High,Private,Negative,3,No,High School,,Male,67,Average Performer
5117,19,87,Low,High,Yes,6,50,Medium,Yes,3,Low,Medium,Public,Neutral,2,No,Postgraduate,Near,Male,68,Average Performer
5118,9,98,High,High,No,7,58,Medium,Yes,2,Medium,Medium,Public,Negative,4,No,College,Near,Male,69,Average Performer
5119,17,68,Medium,Medium,No,7,99,Medium,Yes,1,Medium,Low,Private,Neutral,1,No,Postgraduate,Near,Male,65,Average Performer
5120,14,95,High,Medium,Yes,6,88,Medium,Yes,2,Low,Low,Public,Neutral,2,No,High School,Far,Male,68,Average Performer
5121,16,73,High,Medium,Yes,7,81,Medium,Yes,1,High,High,Public,Negative,4,No,Postgraduate,Near,Male,67,Average Performer
5122,19,100,Medium,High,Yes,6,57,Medium,Yes,1,High,Medium,Private,Positive,2,Yes,High School,Near,Male,70,Average Performer
5123,26,66,High,High,No,8,71,High,Yes,2,Medium,Medium,Public,Neutral,3,No,High School,Near,Female,68,Average Performer
5124,21,81,High,Medium,Yes,7,86,Medium,Yes,1,Low,Medium,Public,Neutral,4,No,College,Near,Male,69,Average Performer
5125,22,92,High,Low,Yes,5,95,Low,Yes,0,Low,Low,Public,Positive,3,No,Postgraduate,Near,Male,70,Average Performer
5126,13,77,High,High,Yes,7,69,Medium,Yes,2,Low,High,Private,Neutral,5,No,College,Moderate,Male,67,Average Performer
5127,15,79,High,High,Yes,6,100,Medium,Yes,4,Low,Medium,Public,Neutral,3,No,College,Near,Female,70,Average Performer
5128,31,99,Medium,Low,Yes,4,57,High,Yes,1,High,High,Public,Neutral,2,No,Postgraduate,Moderate,Female,74,Average Performer
5129,16,77,Medium,Low,Yes,7,69,Low,Yes,1,Low,High,Public,Neutral,4,No,High School,Near,Female,63,Average Performer
5130,30,84,High,Medium,Yes,9,94,Medium,Yes,1,Low,High,Private,Positive,2,Yes,High School,Near,Female,72,Average Performer
5131,19,62,High,Medium,No,7,82,Low,Yes,0,Low,Low,Private,Neutral,5,Yes,Postgraduate,Near,Male,62,Average Performer
5132,20,94,Medium,Medium,No,8,91,Medium,Yes,1,Low,Medium,Public,Positive,2,No,Postgraduate,Near,Female,71,Average Performer
5133,26,86,Medium,Low,No,7,95,Medium,Yes,0,Low,High,Public,Negative,5,No,High School,Moderate,Male,68,Average Performer
5134,28,76,Medium,High,Yes,6,75,High,Yes,3,High,Medium,Public,Positive,3,No,High School,Near,Male,72,Average Performer
5135,19,61,Medium,High,Yes,6,62,High,Yes,1,High,Medium,Public,Neutral,2,No,Postgraduate,Moderate,Female,64,Average Performer
5136,18,84,Low,Low,No,5,85,Medium,Yes,0,Medium,Medium,Public,Neutral,4,No,High School,Moderate,Male,64,Average Performer
5137,20,61,Low,High,Yes,8,78,Medium,Yes,0,Low,Medium,Private,Positive,5,No,High School,Near,Female,63,Average Performer
5138,22,60,High,Medium,Yes,8,89,Medium,Yes,2,Medium,High,Private,Neutral,4,No,College,Moderate,Male,66,Average Performer
5139,25,85,Medium,Medium,Yes,7,76,Medium,Yes,2,High,Medium,Public,Positive,2,No,College,Near,Female,71,Average Performer
5140,20,68,Medium,High,Yes,4,91,High,Yes,4,High,Medium,Private,Positive,4,No,College,Near,Male,70,Average Performer
5141,24,68,High,Medium,Yes,8,95,Low,Yes,3,Medium,Medium,Public,Positive,0,No,High School,Moderate,Male,67,Average Performer
5142,30,86,High,High,Yes,6,87,Medium,Yes,0,Low,Low,Private,Positive,4,No,College,Near,Female,73,Average Performer
5143,22,62,Low,Medium,Yes,7,87,Medium,Yes,2,High,Low,Public,Neutral,3,No,High School,Near,Female,64,Average Performer
5144,22,73,Low,Medium,No,5,79,Medium,Yes,4,Medium,Low,Public,Negative,1,No,Postgraduate,Moderate,Female,65,Average Performer
5145,11,66,Medium,Medium,Yes,7,74,Medium,Yes,3,Medium,High,Private,Neutral,3,No,High School,Far,Female,62,Average Performer
5146,4,83,High,Medium,No,7,99,Low,Yes,1,Low,Low,Private,Neutral,3,No,College,Near,Female,64,Average Performer
5147,22,86,Low,Medium,No,4,82,Low,Yes,1,Low,Low,Private,Positive,5,No,College,Moderate,Male,67,Average Performer
5148,19,89,Medium,High,No,9,92,High,Yes,5,Medium,Medium,Private,Positive,3,No,Postgraduate,Near,Male,74,Average Performer
5149,17,70,High,Medium,No,7,75,Medium,Yes,1,Low,Medium,Private,Neutral,4,Yes,College,Far,Male,63,Average Performer
5150,21,64,High,Low,Yes,7,78,Low,Yes,1,Medium,Medium,Public,Positive,4,No,High School,Near,Male,64,Average Performer
5151,20,63,Medium,Low,No,8,83,Low,Yes,4,Medium,Medium,Public,Neutral,3,No,Postgraduate,Moderate,Female,64,Average Performer
5152,27,77,Low,High,No,7,86,High,Yes,1,High,High,Public,Negative,3,No,College,Near,Male,70,Average Performer
5153,21,98,Medium,Medium,Yes,8,72,Medium,Yes,3,Low,Low,Public,Positive,3,No,High School,Moderate,Female,71,Average Performer
5154,16,69,Medium,Medium,Yes,5,68,Medium,Yes,0,Medium,High,Public,Neutral,4,No,College,Moderate,Male,63,Average Performer
5155,26,70,Medium,High,Yes,7,62,Medium,Yes,0,Low,,Private,Negative,1,No,College,Near,Female,66,Average Performer
5156,19,64,Medium,High,Yes,4,71,Medium,Yes,1,High,Medium,Public,Neutral,3,No,High School,Near,Male,65,Average Performer
5157,23,84,Medium,High,No,7,61,Medium,Yes,2,Medium,High,Public,Neutral,5,No,College,Moderate,Male,70,Average Performer
5158,17,87,Low,Low,Yes,9,71,Medium,Yes,2,Low,Medium,Public,Neutral,3,No,College,Moderate,Female,65,Average Performer
5159,16,86,High,Medium,Yes,5,94,High,Yes,0,Medium,Medium,Public,Negative,2,No,High School,Near,Male,68,Average Performer
5160,21,94,Medium,High,No,6,99,Medium,Yes,1,Medium,High,Private,Neutral,2,No,High School,Near,Male,72,Average Performer
5161,20,79,Medium,High,Yes,4,79,Low,Yes,0,Medium,High,Private,Neutral,4,No,High School,Moderate,Male,67,Average Performer
5162,23,65,High,High,No,7,57,Low,No,1,High,Medium,Public,Neutral,4,No,High School,Near,Male,65,Average Performer
5163,18,72,Medium,Medium,No,8,71,Low,Yes,2,High,Medium,Public,Positive,4,No,Postgraduate,Near,Male,66,Average Performer
5164,9,86,High,High,No,8,80,Medium,Yes,1,Low,Medium,Public,Positive,5,No,College,Far,Female,67,Average Performer
5165,17,85,Medium,Low,No,6,69,Medium,Yes,1,Medium,Medium,Private,Neutral,3,Yes,Postgraduate,Near,Male,65,Average Performer
5166,25,81,Medium,Medium,No,4,60,Medium,Yes,2,Medium,Medium,Private,Neutral,3,No,High School,Near,Male,68,Average Performer
5167,18,87,Medium,Medium,No,5,61,High,Yes,2,Medium,Medium,Public,Positive,1,No,High School,Near,Male,68,Average Performer
5168,19,85,Medium,High,Yes,9,74,Medium,Yes,1,High,Medium,Public,Neutral,3,No,College,Moderate,Female,69,Average Performer
5169,26,95,Medium,Low,Yes,8,61,Medium,Yes,2,Medium,Medium,Private,Neutral,2,No,Postgraduate,Near,Female,71,Average Performer
5170,16,83,Medium,Medium,Yes,7,62,Medium,Yes,0,Low,Medium,Private,Neutral,1,Yes,Postgraduate,Moderate,Male,64,Average Performer
5171,11,91,Low,High,No,7,94,Medium,Yes,1,Medium,Medium,Public,Neutral,3,Yes,,Moderate,Male,65,Average Performer
5172,19,70,Medium,Medium,No,5,89,Medium,Yes,1,Low,High,Private,Neutral,2,No,High School,Near,Male,64,Average Performer
5173,17,87,Medium,Medium,Yes,9,53,Low,Yes,3,Low,Medium,Public,Positive,3,No,Postgraduate,Moderate,Female,67,Average Performer
5174,14,96,Medium,High,No,6,66,Medium,Yes,3,Medium,Medium,Public,Positive,2,No,College,Near,Female,70,Average Performer
5175,19,75,Medium,High,No,8,77,Medium,Yes,1,Low,Low,Public,Positive,4,No,High School,Moderate,Female,66,Average Performer
5176,23,91,High,Medium,No,5,53,Low,Yes,3,Medium,High,Private,Negative,3,No,High School,Near,Male,70,Average Performer
5177,20,89,Medium,High,Yes,7,84,Low,Yes,1,High,High,Public,Neutral,4,No,High School,Moderate,Male,70,Average Performer
5178,22,62,High,Medium,Yes,9,69,Low,Yes,1,High,Low,Private,Negative,3,No,College,Near,Male,64,Average Performer
5179,31,83,Low,High,Yes,6,70,Medium,Yes,3,Low,Medium,Private,Negative,3,No,College,Near,Male,71,Average Performer
5180,18,65,Medium,High,Yes,8,63,Medium,Yes,1,Medium,Medium,Public,Positive,3,No,High School,Far,Male,63,Average Performer
5181,22,99,Medium,Medium,Yes,5,67,High,Yes,1,Medium,High,Private,Negative,3,No,College,Near,Male,72,Average Performer
5182,17,92,High,High,No,6,93,Medium,Yes,4,Medium,Low,Private,Neutral,4,No,College,Moderate,Female,72,Average Performer
5183,15,64,High,Low,Yes,7,89,Low,Yes,0,Low,Medium,Public,Negative,2,No,High School,Near,Male,61,Average Performer
5184,16,65,High,Low,Yes,8,97,High,Yes,2,Low,Medium,Public,Negative,4,Yes,High School,Near,Female,63,Average Performer
5185,17,84,Low,High,No,7,85,High,Yes,0,Medium,Medium,Private,Positive,2,No,College,Moderate,Male,67,Average Performer
5186,22,74,High,Low,Yes,8,79,Low,Yes,3,Medium,Medium,Public,Neutral,1,No,High School,Near,Female,67,Average Performer
5187,34,61,Medium,Low,No,9,63,Low,Yes,2,Medium,Medium,Public,Neutral,5,No,High School,Moderate,Female,65,Average Performer
5188,16,82,Low,Medium,No,6,83,Medium,Yes,0,Medium,Medium,Public,Negative,2,No,High School,Near,Female,64,Average Performer
5189,18,76,Medium,Low,No,5,95,High,Yes,2,High,High,Public,Positive,6,No,Postgraduate,Near,Female,69,Average Performer
5190,20,64,Medium,High,No,6,53,High,No,4,High,Medium,Private,Neutral,4,No,College,Moderate,Female,65,Average Performer
5191,22,92,High,High,No,9,72,Low,Yes,1,Low,High,Public,Neutral,4,Yes,Postgraduate,Near,Male,71,Average Performer
5192,22,97,Medium,Medium,Yes,6,57,Medium,Yes,0,Medium,High,Private,Positive,2,No,High School,Near,Male,70,Average Performer
5193,28,90,Low,Medium,Yes,9,91,Medium,Yes,0,Medium,Medium,Public,Positive,2,No,College,Moderate,Female,98,Top Performer
5194,5,93,Medium,Medium,Yes,7,81,Medium,No,1,Low,High,Public,Neutral,2,No,College,Near,Female,65,Average Performer
5195,6,69,High,Medium,Yes,10,94,Medium,No,1,Medium,Medium,Private,Neutral,4,No,Postgraduate,Near,Female,63,Average Performer
5196,17,71,Medium,Medium,Yes,10,53,Low,Yes,0,Low,Low,Public,Positive,3,No,High School,Moderate,Male,61,Average Performer
5197,27,68,Medium,Low,Yes,9,95,Medium,Yes,1,Low,Medium,Public,Positive,3,No,College,Moderate,Male,67,Average Performer
5198,11,91,Medium,Medium,No,5,53,Medium,Yes,0,Low,Medium,Private,Neutral,2,No,Postgraduate,Near,Female,64,Average Performer
5199,2,98,High,Medium,No,4,64,Medium,Yes,1,Low,High,Private,Neutral,2,No,High School,Near,Female,65,Average Performer
5200,23,89,High,High,Yes,7,58,Medium,Yes,2,Medium,High,Private,Positive,3,No,Postgraduate,Moderate,Male,73,Average Performer
5201,21,95,Medium,High,Yes,8,57,Low,No,1,Low,Medium,Public,Positive,3,No,High School,Near,Male,69,Average Performer
5202,13,86,Medium,High,No,8,59,Medium,Yes,3,Medium,Medium,Public,Neutral,3,No,High School,Near,Male,67,Average Performer
5203,14,76,High,Medium,No,6,74,Low,Yes,0,High,Medium,Private,Positive,2,Yes,College,Far,Male,63,Average Performer
5204,14,77,High,High,Yes,5,89,Low,Yes,0,Medium,Medium,Private,Positive,2,No,College,Near,Male,67,Average Performer
5205,21,63,Low,High,Yes,8,95,Medium,Yes,2,High,Medium,Public,Neutral,5,No,High School,Near,Male,66,Average Performer
5206,16,61,Medium,High,Yes,10,78,Medium,Yes,2,Low,High,Public,Positive,2,No,College,Moderate,Female,64,Average Performer
5207,23,88,High,Low,Yes,6,58,Medium,Yes,2,Low,Medium,Public,Neutral,2,No,High School,Moderate,Male,68,Average Performer
5208,3,78,Medium,Medium,No,8,54,High,Yes,2,High,Medium,Public,Positive,4,No,High School,Moderate,Male,61,Average Performer
5209,15,82,Medium,Medium,Yes,10,75,Medium,Yes,1,High,Medium,Public,Negative,1,No,College,Near,Female,66,Average Performer
5210,13,82,Medium,Medium,Yes,7,88,Medium,Yes,0,Low,Medium,Public,Neutral,2,No,High School,Near,Female,65,Average Performer
5211,18,71,Medium,High,Yes,7,81,Medium,Yes,0,Medium,Medium,Public,Negative,4,No,College,Moderate,Female,65,Average Performer
5212,17,79,Medium,Medium,No,8,79,Medium,Yes,3,Medium,High,Private,Neutral,5,Yes,Postgraduate,Near,Male,67,Average Performer
5213,25,79,High,Medium,Yes,7,52,Medium,Yes,1,Medium,Medium,Public,Negative,2,No,Postgraduate,Moderate,Female,68,Average Performer
5214,9,76,Medium,Medium,Yes,9,71,Medium,Yes,1,Medium,High,Public,Neutral,3,No,College,Near,Male,63,Average Performer
5215,20,93,High,Medium,No,6,78,Low,Yes,1,Low,Medium,Public,Positive,3,No,College,Moderate,Female,70,Average Performer
5216,23,78,High,High,No,7,80,Medium,Yes,0,Low,Medium,Private,Neutral,2,No,High School,Near,Female,68,Average Performer
5217,31,84,Medium,Medium,No,5,50,Medium,No,2,Low,High,Private,Positive,3,No,High School,Near,Male,69,Average Performer
5218,17,96,High,Medium,Yes,7,60,Low,Yes,0,Low,Medium,Private,Neutral,2,Yes,College,Near,Male,67,Average Performer
5219,22,95,Medium,Medium,No,5,97,Medium,Yes,0,Low,Low,Public,Neutral,3,No,High School,Moderate,Male,69,Average Performer
5220,9,96,Medium,Low,Yes,8,75,Low,Yes,1,Low,High,Private,Positive,4,Yes,High School,Near,Female,65,Average Performer
5221,6,71,Medium,High,Yes,5,85,Medium,Yes,1,Low,Medium,Public,Positive,2,No,High School,Moderate,Male,61,Average Performer
5222,25,61,Medium,High,Yes,8,65,Low,Yes,3,Low,Low,Public,Neutral,3,No,College,Near,Female,65,Average Performer
5223,20,70,Low,Medium,Yes,6,79,Low,Yes,4,Medium,Medium,Public,Positive,4,No,Postgraduate,Near,Male,67,Average Performer
5224,27,71,Medium,High,Yes,10,68,Medium,Yes,1,Low,Medium,Public,Negative,2,No,High School,Moderate,Male,66,Average Performer
5225,12,96,Medium,Medium,No,9,65,Medium,Yes,2,High,High,Private,Neutral,4,Yes,Postgraduate,Near,Female,69,Average Performer
5226,23,86,Medium,Medium,Yes,8,71,High,Yes,3,Medium,Medium,Public,Neutral,4,No,College,Near,Female,71,Average Performer
5227,31,63,High,High,No,5,73,Medium,Yes,1,High,Low,Public,Positive,2,No,High School,Near,Female,68,Average Performer
5228,23,65,High,Medium,No,6,67,High,No,3,Medium,Medium,Private,Negative,5,No,High School,Moderate,Male,65,Average Performer
5229,22,66,Medium,Medium,No,6,63,High,Yes,1,Low,Medium,Private,Neutral,5,No,Postgraduate,Far,Male,64,Average Performer
5230,20,85,Medium,Low,No,6,81,Low,Yes,1,High,High,Private,Positive,3,No,College,Near,Male,68,Average Performer
5231,11,89,Low,High,No,9,69,Low,Yes,1,Low,Low,Public,Neutral,3,No,High School,Near,Male,64,Average Performer
5232,28,94,Medium,High,No,7,60,Low,Yes,1,Low,Medium,Public,Positive,3,No,High School,Near,Male,71,Average Performer
5233,16,98,High,Medium,No,6,88,Medium,Yes,1,Low,Medium,Public,Neutral,3,No,Postgraduate,Moderate,Female,70,Average Performer
5234,23,68,High,Medium,Yes,6,86,Medium,Yes,0,Medium,Medium,Public,Positive,2,No,Postgraduate,Near,Male,68,Average Performer
5235,11,72,Medium,Medium,Yes,6,94,Low,Yes,2,Medium,Medium,Public,Positive,3,No,High School,Moderate,Male,63,Average Performer
5236,13,70,Medium,High,Yes,8,78,Medium,Yes,0,Low,Medium,Private,Negative,3,Yes,High School,Near,Male,61,Average Performer
5237,29,74,Medium,Low,No,5,64,Medium,Yes,2,Medium,Medium,Public,Neutral,1,No,College,Moderate,Male,66,Average Performer
5238,18,97,Medium,High,Yes,7,93,Medium,Yes,5,High,Medium,Public,Positive,4,No,College,Near,Female,75,Top Performer
5239,29,83,High,High,Yes,8,64,Medium,Yes,2,Medium,High,Public,Neutral,1,No,High School,Far,Male,71,Average Performer
5240,20,90,Medium,Medium,Yes,4,83,High,Yes,1,Low,Low,Public,Positive,3,No,College,Near,Male,69,Average Performer
5241,9,80,High,Low,No,5,60,Medium,Yes,2,Low,Medium,Private,Neutral,3,No,High School,Near,Male,62,Average Performer
5242,25,61,Medium,Medium,No,7,81,High,Yes,0,Medium,Medium,Public,Positive,4,No,High School,Moderate,Female,65,Average Performer
5243,16,63,Medium,Low,No,9,92,Medium,Yes,0,Low,Medium,Private,Positive,3,No,College,Moderate,Female,61,Average Performer
5244,24,82,Medium,Medium,No,9,77,Medium,Yes,3,Medium,Medium,Public,Positive,2,No,High School,Near,Female,69,Average Performer
5245,20,89,Low,Low,Yes,6,74,Low,Yes,1,Medium,Low,Private,Positive,3,No,Postgraduate,Far,Male,66,Average Performer
5246,11,69,High,Medium,Yes,9,100,Low,Yes,1,Low,Medium,Public,Neutral,5,No,High School,Near,Male,64,Average Performer
5247,21,89,High,Medium,Yes,7,51,Low,Yes,1,Medium,Medium,Public,Positive,4,No,High School,Near,Female,69,Average Performer
5248,33,92,High,High,Yes,7,67,Low,Yes,6,High,Medium,Public,Positive,5,No,High School,Near,Female,78,Top Performer
5249,23,76,Low,High,Yes,7,96,Low,Yes,2,Medium,Medium,Private,Neutral,4,No,High School,Near,Female,68,Average Performer
5250,20,90,High,High,No,8,82,Medium,Yes,2,High,,Private,Negative,4,Yes,High School,Moderate,Female,70,Average Performer
5251,26,76,Low,Medium,Yes,6,77,Medium,Yes,1,Medium,Medium,Private,Neutral,5,No,High School,Near,Male,68,Average Performer
5252,21,87,Low,Low,Yes,6,82,Medium,Yes,0,Medium,High,Public,Neutral,5,No,Postgraduate,Near,Female,68,Average Performer
5253,21,91,Medium,Medium,No,5,66,Low,Yes,1,High,Medium,Public,Positive,3,No,College,Near,Female,69,Average Performer
5254,13,100,Medium,Low,Yes,8,54,Medium,Yes,0,Medium,High,Public,Positive,3,No,College,Near,Female,68,Average Performer
5255,21,74,High,Low,Yes,8,64,Medium,Yes,3,Low,Low,Public,Neutral,1,No,College,Far,Male,80,Top Performer
5256,26,76,Medium,Medium,Yes,8,67,High,Yes,1,Low,Medium,Public,Negative,3,No,High School,Moderate,Male,67,Average Performer
5257,15,67,Low,Medium,Yes,5,74,Medium,Yes,1,High,High,Public,Positive,2,No,Postgraduate,Near,Male,64,Average Performer
5258,29,68,Medium,Low,No,6,70,Low,Yes,0,Medium,Medium,Public,Negative,2,No,Postgraduate,Near,Male,64,Average Performer
5259,19,88,Medium,Medium,Yes,9,76,Low,Yes,1,Medium,High,Public,Positive,3,No,High School,Far,Male,68,Average Performer
5260,15,97,Low,Medium,No,7,60,Low,Yes,4,Medium,Medium,Public,Negative,3,No,High School,Near,Female,67,Average Performer
5261,26,76,Medium,Medium,No,7,59,Low,Yes,0,Medium,Medium,Public,Neutral,1,Yes,Postgraduate,Near,Male,65,Average Performer
5262,18,67,High,High,Yes,7,68,Medium,Yes,0,Medium,Medium,Public,Positive,4,No,High School,Near,Male,66,Average Performer
5263,25,71,Medium,Low,Yes,8,74,Low,Yes,4,Medium,Medium,Public,Positive,4,Yes,Postgraduate,Near,Male,67,Average Performer
5264,18,78,High,Medium,No,7,67,Low,No,0,High,Medium,Public,Negative,3,No,College,Moderate,Male,64,Average Performer
5265,20,72,Medium,Low,Yes,6,79,Medium,Yes,1,Low,Medium,Private,Positive,4,No,Postgraduate,Near,Female,66,Average Performer
5266,23,69,Medium,Low,Yes,8,66,Low,No,1,Medium,Medium,Public,Positive,3,No,College,Far,Male,63,Average Performer
5267,22,89,Medium,High,No,5,59,High,Yes,5,Medium,Medium,Private,Positive,4,Yes,High School,Near,Male,71,Average Performer
5268,8,60,High,Medium,Yes,9,93,High,Yes,0,Low,High,Public,Neutral,3,No,Postgraduate,Near,Female,62,Average Performer
5269,13,82,Medium,High,No,6,60,Medium,Yes,1,Low,Low,Public,Positive,4,No,College,Far,Female,64,Average Performer
5270,26,92,Low,Medium,Yes,8,98,Medium,Yes,2,Medium,Medium,Public,Neutral,3,No,Postgraduate,Moderate,Male,72,Average Performer
5271,19,71,High,Medium,Yes,7,99,Low,Yes,0,Low,High,Public,Negative,4,No,High School,Moderate,Female,65,Average Performer
5272,17,84,Low,High,No,6,85,Medium,Yes,1,Medium,Low,Public,Positive,2,No,College,Near,Female,67,Average Performer
5273,12,87,High,High,Yes,9,75,Medium,No,1,Low,Medium,Private,Neutral,3,Yes,College,Moderate,Female,65,Average Performer
5274,14,86,Low,Low,Yes,8,90,Low,Yes,0,Low,Medium,Private,Neutral,1,No,High School,Near,Male,63,Average Performer
5275,8,78,High,High,No,7,94,Low,Yes,1,High,High,Public,Neutral,3,Yes,High School,Near,Female,65,Average Performer
5276,19,74,Medium,Medium,Yes,10,85,Medium,Yes,1,Low,Medium,Public,Positive,5,No,Postgraduate,Moderate,Male,67,Average Performer
5277,16,93,Medium,Medium,Yes,8,55,Low,Yes,0,High,Medium,Public,Neutral,4,No,High School,Moderate,Male,67,Average Performer
5278,14,90,Low,Medium,Yes,6,50,Medium,Yes,0,Medium,High,Private,Positive,3,No,College,Moderate,Male,65,Average Performer
5279,20,73,Medium,High,Yes,4,60,Medium,Yes,1,Low,Medium,Private,Positive,3,Yes,High School,Moderate,Male,64,Average Performer
5280,22,64,High,Low,No,7,59,High,Yes,0,Medium,High,Private,Positive,5,Yes,High School,Near,Female,64,Average Performer
5281,33,63,High,High,Yes,9,59,Medium,Yes,1,Medium,Medium,Public,Positive,4,No,High School,Near,Male,69,Average Performer
5282,11,64,Medium,Medium,No,8,75,Low,Yes,1,High,Medium,Private,Positive,3,No,High School,Moderate,Male,60,Average Performer
5283,27,83,Medium,Medium,Yes,9,76,Medium,Yes,1,Low,High,Public,Positive,4,No,High School,Near,Male,70,Average Performer
5284,26,62,Low,High,No,6,86,Medium,Yes,2,Medium,Medium,Public,Positive,3,No,High School,Near,Male,66,Average Performer
5285,15,73,Medium,Medium,Yes,7,60,High,Yes,3,Medium,Medium,Public,Neutral,4,No,College,Near,Female,66,Average Performer
5286,21,90,Medium,Low,No,7,55,Medium,Yes,2,Medium,Medium,Public,Neutral,2,No,College,Near,Female,68,Average Performer
5287,17,72,Low,Medium,No,7,83,Low,Yes,3,Medium,High,Public,Negative,3,Yes,,Far,Female,62,Average Performer
5288,21,91,Medium,High,Yes,8,74,Low,Yes,0,Medium,Medium,Public,Negative,2,No,Postgraduate,Near,Female,70,Average Performer
5289,29,90,Medium,Medium,Yes,9,83,Medium,Yes,0,Medium,High,Private,Positive,3,No,High School,Near,Female,72,Average Performer
5290,24,70,Low,Low,Yes,10,69,High,Yes,1,High,Medium,Public,Negative,2,No,High School,Moderate,Female,64,Average Performer
5291,23,89,Low,Medium,No,9,88,High,Yes,1,High,Medium,Public,Neutral,5,No,Postgraduate,,Male,71,Average Performer
5292,17,90,Medium,High,No,8,84,Medium,Yes,1,Low,Low,Public,Negative,4,No,High School,Far,Female,67,Average Performer
5293,11,76,Low,Medium,No,6,83,High,Yes,3,Medium,Medium,Public,Positive,1,No,High School,Near,Female,64,Average Performer
5294,19,68,High,High,No,7,51,Medium,No,1,High,Medium,Public,Positive,1,No,High School,Moderate,Female,64,Average Performer
5295,27,81,Medium,High,Yes,8,93,Medium,Yes,0,High,High,Public,Neutral,3,No,College,Near,Female,72,Average Performer
5296,11,97,Low,Low,Yes,7,69,Medium,Yes,3,Low,Medium,Public,Positive,2,No,High School,Near,Female,66,Average Performer
5297,14,86,High,Medium,No,6,57,Medium,Yes,3,High,High,Private,Neutral,2,No,College,Near,Female,68,Average Performer
5298,21,67,Medium,Medium,Yes,6,88,Medium,Yes,1,Low,Medium,Private,Positive,5,No,Postgraduate,Near,Female,95,Top Performer
5299,14,87,Medium,Low,Yes,8,74,Medium,Yes,0,Medium,High,Public,Neutral,3,Yes,College,Moderate,Male,64,Average Performer
5300,15,77,Medium,Medium,Yes,7,52,Medium,Yes,1,Medium,Medium,Public,Neutral,2,No,College,Near,Male,64,Average Performer
5301,17,84,Low,High,Yes,7,89,Medium,Yes,2,High,Medium,Public,Positive,2,No,High School,Moderate,Male,68,Average Performer
5302,12,89,Medium,Low,Yes,7,72,Medium,Yes,1,High,High,Public,Neutral,5,No,College,Near,Male,67,Average Performer
5303,14,81,Medium,Medium,No,6,88,Medium,Yes,1,High,Medium,Public,Positive,3,No,Postgraduate,Moderate,Female,67,Average Performer
5304,24,93,High,Medium,Yes,7,88,Low,Yes,1,Medium,High,Public,Negative,3,No,High School,Moderate,Female,71,Average Performer
5305,12,89,Medium,Low,Yes,6,55,Low,Yes,1,Low,High,Public,Negative,3,No,High School,Near,Female,63,Average Performer
5306,10,85,Medium,Medium,Yes,6,81,Medium,Yes,3,Low,Medium,Public,Neutral,3,No,High School,Near,Female,66,Average Performer
5307,16,66,High,High,No,5,68,High,No,2,Low,Medium,Public,Positive,5,No,Postgraduate,Moderate,Male,65,Average Performer
5308,24,93,Medium,Low,Yes,7,77,Medium,Yes,0,Low,Medium,Private,Negative,3,No,High School,Near,Female,68,Average Performer
5309,19,97,Medium,Low,Yes,8,54,Medium,Yes,0,High,Medium,Public,Neutral,2,No,High School,Near,Male,68,Average Performer
5310,17,65,Medium,High,No,9,79,Medium,Yes,0,Medium,Medium,Public,Positive,2,Yes,High School,Moderate,Male,62,Average Performer
5311,20,80,Low,Medium,Yes,5,89,Medium,Yes,0,High,High,Public,Neutral,3,No,Postgraduate,Far,Male,67,Average Performer
5312,10,70,High,High,Yes,9,99,Medium,Yes,1,Medium,Medium,Public,Neutral,4,No,High School,Moderate,Female,65,Average Performer
5313,23,90,High,Medium,Yes,7,66,Low,Yes,2,High,High,Public,Neutral,3,No,High School,Near,Female,71,Average Performer
5314,22,89,Medium,High,Yes,5,58,Medium,Yes,4,High,High,Public,Neutral,2,Yes,College,Near,Female,71,Average Performer
5315,18,66,High,Medium,Yes,6,68,Low,No,1,Medium,High,Public,Positive,3,Yes,High School,Far,Male,61,Average Performer
5316,26,95,Medium,Medium,No,4,51,Medium,Yes,1,Low,Medium,Public,Positive,2,No,High School,Near,Male,70,Average Performer
5317,13,67,Medium,Low,Yes,5,70,Medium,Yes,0,Low,High,Private,Negative,2,No,High School,Near,Male,60,Average Performer
5318,27,92,Low,Medium,No,10,96,Medium,Yes,0,Low,Medium,Public,Neutral,2,No,Postgraduate,Far,Male,70,Average Performer
5319,21,78,Medium,High,No,6,60,High,Yes,1,Low,High,Private,Neutral,2,No,College,Near,Female,67,Average Performer
5320,18,73,Medium,Medium,Yes,8,74,Low,No,3,Medium,High,Private,Neutral,2,No,Postgraduate,Near,Male,66,Average Performer
5321,20,66,Low,Low,Yes,7,79,Medium,Yes,2,Medium,Medium,Private,Positive,2,No,High School,Moderate,Female,63,Average Performer
5322,19,67,Medium,Medium,No,7,59,Low,Yes,3,Low,High,Private,Positive,3,No,Postgraduate,Near,Female,65,Average Performer
5323,27,86,High,Medium,Yes,8,67,High,Yes,5,High,High,Public,Positive,2,Yes,Postgraduate,Near,Female,75,Top Performer
5324,14,82,High,Medium,No,4,96,Low,Yes,2,High,Medium,Private,Negative,4,Yes,High School,Near,Male,66,Average Performer
5325,15,65,Medium,Medium,No,9,65,Medium,Yes,1,Low,Medium,Public,Neutral,2,No,College,Near,Female,61,Average Performer
5326,26,65,Medium,Medium,Yes,7,82,Low,Yes,1,Low,Medium,Public,Positive,1,No,Postgraduate,Far,Male,65,Average Performer
5327,16,63,Low,Medium,Yes,6,57,Medium,Yes,2,Low,Low,Public,Neutral,3,No,Postgraduate,Near,Male,61,Average Performer
5328,25,90,High,High,Yes,8,83,Medium,Yes,2,Medium,Medium,Public,Negative,3,No,College,Near,Male,73,Average Performer
5329,30,88,High,Medium,Yes,6,64,Medium,Yes,1,High,Medium,Public,Neutral,2,No,College,Near,Female,73,Average Performer
5330,18,62,Medium,Medium,Yes,7,62,Medium,Yes,1,Medium,Medium,Public,Positive,5,No,College,Moderate,Male,63,Average Performer
5331,24,82,Low,Medium,No,7,56,Medium,Yes,1,Medium,Medium,Public,Positive,3,No,Postgraduate,Moderate,Male,67,Average Performer
5332,13,63,Medium,High,Yes,8,52,Medium,Yes,2,Low,Medium,Public,Positive,4,No,High School,Near,Male,62,Average Performer
5333,25,96,Low,Low,No,7,98,Medium,Yes,1,Medium,Medium,Private,Neutral,3,No,College,Near,Male,71,Average Performer
5334,21,96,Medium,Medium,Yes,5,71,Medium,Yes,2,Low,High,Public,Negative,4,No,High School,Moderate,Male,70,Average Performer
5335,23,88,Medium,Medium,No,8,89,Medium,Yes,0,Medium,High,Private,Positive,5,No,High School,Near,Female,70,Average Performer
5336,16,97,Medium,Medium,No,7,96,Low,No,4,Low,High,Private,Neutral,2,No,High School,Near,Female,69,Average Performer
5337,10,92,Medium,Medium,No,4,60,High,Yes,3,Low,Low,Public,Positive,2,No,College,Near,Female,66,Average Performer
5338,23,93,Low,High,Yes,7,93,High,Yes,1,Medium,High,Public,Negative,3,No,High School,Near,Female,72,Average Performer
5339,8,83,High,Low,Yes,6,85,Low,Yes,1,Low,High,Public,Neutral,3,No,High School,Far,Female,63,Average Performer
5340,18,72,Low,Medium,Yes,8,79,Medium,Yes,1,Medium,High,Public,Positive,4,No,High School,Moderate,Male,65,Average Performer
5341,26,69,High,High,Yes,6,90,Medium,Yes,3,Medium,Medium,Public,Positive,3,No,College,Moderate,Female,71,Average Performer
5342,21,73,Medium,Medium,No,5,56,Medium,Yes,5,High,Medium,Private,Neutral,3,No,High School,Moderate,Male,66,Average Performer
5343,32,85,Medium,Low,Yes,9,63,Low,No,2,High,Medium,Public,Neutral,3,No,High School,Moderate,Male,69,Average Performer
5344,26,67,Low,Medium,No,8,57,Medium,Yes,0,Medium,Medium,Public,Negative,4,No,College,Far,Female,62,Average Performer
5345,16,70,High,High,No,7,95,High,No,1,Medium,Medium,Public,Neutral,3,No,High School,Near,Female,66,Average Performer
5346,20,79,Medium,Low,Yes,8,55,Low,Yes,3,Low,Medium,Private,Positive,4,No,High School,Near,Female,66,Average Performer
5347,20,69,Medium,Low,Yes,8,99,High,Yes,1,Medium,High,Public,Negative,3,Yes,High School,Moderate,Female,64,Average Performer
5348,11,84,Low,Medium,Yes,7,55,High,Yes,0,Medium,High,Public,Negative,3,No,,Near,Male,63,Average Performer
5349,14,97,Medium,Medium,Yes,5,83,Medium,Yes,0,Low,Medium,Public,Positive,2,No,High School,Near,Female,68,Average Performer
5350,17,90,Medium,Medium,No,7,83,Low,Yes,5,Medium,High,Public,Negative,3,Yes,High School,Near,Male,68,Average Performer
5351,8,87,High,High,No,9,97,Low,Yes,2,Low,Medium,Public,Positive,3,No,High School,Near,Male,67,Average Performer
5352,20,83,High,Low,Yes,8,66,Medium,Yes,1,High,Medium,Private,Neutral,3,Yes,College,Near,Female,67,Average Performer
5353,19,80,High,High,Yes,7,67,Medium,Yes,2,Low,High,Public,Neutral,2,Yes,Postgraduate,Near,Female,68,Average Performer
5354,10,67,High,Medium,Yes,8,92,Medium,Yes,1,Medium,High,Public,Negative,4,No,Postgraduate,Near,Male,65,Average Performer
5355,22,96,Low,High,Yes,7,99,High,Yes,4,Low,Medium,Public,Positive,4,No,College,Moderate,Male,74,Average Performer
5356,24,70,Medium,High,Yes,9,52,High,Yes,1,Low,Medium,Public,Positive,2,No,Postgraduate,Moderate,Male,85,Top Performer
5357,21,64,Medium,Medium,No,9,82,Medium,Yes,2,Low,Medium,Public,Neutral,3,No,College,Moderate,Male,64,Average Performer
5358,18,90,Low,Medium,Yes,5,62,High,Yes,3,Medium,Medium,Private,Neutral,2,No,High School,Moderate,Female,67,Average Performer
5359,24,67,High,High,Yes,9,86,Medium,Yes,2,Medium,Medium,Public,Negative,2,No,College,Near,Female,68,Average Performer
5360,24,75,Low,Medium,Yes,10,89,Low,Yes,0,Medium,High,Private,Positive,3,No,College,Near,Female,67,Average Performer
5361,22,61,High,Medium,No,8,88,Low,Yes,1,Medium,High,Public,Neutral,4,No,High School,Near,Female,65,Average Performer
5362,15,65,High,High,Yes,8,72,Low,Yes,2,Low,Medium,Private,Neutral,2,Yes,Postgraduate,Far,Male,63,Average Performer
5363,22,67,Medium,Medium,Yes,6,58,Medium,Yes,1,Low,Medium,Public,Neutral,2,No,Postgraduate,Near,Male,64,Average Performer
5364,27,62,Low,Low,Yes,6,79,Medium,Yes,0,Low,Medium,Private,Negative,3,No,College,Moderate,Male,62,Average Performer
5365,16,86,Low,High,Yes,7,89,Low,Yes,1,Medium,Low,Public,Positive,2,No,Postgraduate,Near,Female,68,Average Performer
5366,33,93,Medium,Medium,Yes,6,96,High,Yes,0,Low,Medium,Private,Positive,4,No,Postgraduate,Far,Female,75,Top Performer
5367,17,75,Medium,Low,No,5,73,High,Yes,0,Low,Medium,Private,Neutral,4,No,High School,Near,Female,63,Average Performer
5368,20,95,Medium,Low,Yes,7,62,Low,Yes,2,Low,Medium,Public,Neutral,4,No,College,Moderate,Male,68,Average Performer
5369,16,69,Medium,Medium,No,8,56,Low,Yes,2,Medium,Medium,Private,Neutral,3,No,Postgraduate,Near,Male,63,Average Performer
5370,21,73,High,High,No,5,90,Medium,Yes,0,Medium,Medium,Public,Neutral,2,No,College,Near,Female,68,Average Performer
5371,10,66,Medium,High,No,7,77,Medium,Yes,0,Medium,High,Public,Positive,2,No,High School,Near,Male,62,Average Performer
5372,17,85,Low,Medium,Yes,7,84,Medium,Yes,3,Medium,Medium,Public,Positive,2,No,College,Far,Female,67,Average Performer
5373,13,77,High,High,No,7,58,Medium,Yes,2,Low,Medium,Public,Positive,3,No,High School,Near,Male,66,Average Performer
5374,21,85,Medium,Medium,No,8,50,Low,Yes,1,Medium,High,Private,Neutral,2,No,High School,Far,Male,65,Average Performer
5375,26,90,Medium,Medium,Yes,8,98,Medium,Yes,0,Low,Low,Private,Negative,3,Yes,Postgraduate,Moderate,Female,69,Average Performer
5376,24,82,High,Medium,No,6,91,Medium,Yes,2,High,Medium,Public,Positive,1,No,High School,,Male,70,Average Performer
5377,6,85,High,Medium,Yes,9,70,High,Yes,0,Low,Medium,Public,Positive,3,Yes,Postgraduate,Near,Female,64,Average Performer
5378,32,97,High,Medium,Yes,8,73,Medium,Yes,0,High,Medium,Public,Negative,3,No,College,Near,Female,75,Top Performer
5379,22,72,Low,Low,Yes,9,96,High,Yes,1,Low,Medium,Private,Positive,3,No,College,Near,Male,66,Average Performer
5380,15,74,Medium,Low,No,7,60,Low,Yes,2,Medium,Medium,Public,Positive,3,No,High School,Far,Female,62,Average Performer
5381,21,89,Low,Medium,No,7,90,Low,Yes,4,High,Medium,Public,Neutral,5,No,Postgraduate,Far,Male,70,Average Performer
5382,21,84,High,High,No,7,51,Medium,Yes,0,Medium,Medium,Public,Positive,3,No,High School,Moderate,Male,68,Average Performer
5383,16,67,Medium,High,Yes,9,94,High,Yes,1,Medium,Medium,Private,Neutral,2,No,Postgraduate,Near,Female,66,Average Performer
5384,21,75,Low,High,Yes,7,79,Medium,Yes,0,Low,Medium,Public,Neutral,2,No,High School,Near,Male,65,Average Performer
5385,16,79,High,Medium,Yes,7,74,High,Yes,3,Medium,Medium,Private,Positive,2,No,Postgraduate,Far,Male,68,Average Performer
5386,18,77,High,Medium,No,10,85,Low,Yes,2,Medium,Medium,Public,Positive,3,No,Postgraduate,Near,Female,68,Average Performer
5387,16,67,Medium,Medium,Yes,5,53,Low,Yes,2,Medium,Medium,Private,Positive,3,No,High School,Moderate,Male,62,Average Performer
5388,11,97,Low,Medium,Yes,8,60,Low,Yes,2,Low,Medium,Public,Positive,3,No,College,Near,Female,66,Average Performer
5389,21,90,Medium,Low,No,7,70,Medium,Yes,2,Low,Medium,Public,Negative,2,No,Postgraduate,Near,Female,68,Average Performer
5390,24,79,High,Medium,No,7,81,High,Yes,0,High,Medium,Public,Positive,2,No,High School,Moderate,Male,69,Average Performer
5391,23,87,Medium,Low,No,6,57,Medium,Yes,2,High,Medium,Public,Positive,3,Yes,High School,Near,Male,67,Average Performer
5392,25,96,Low,High,Yes,6,69,Low,Yes,3,High,Medium,Public,Positive,2,No,Postgraduate,Near,Male,74,Average Performer
5393,22,65,Low,Medium,No,6,63,Medium,No,2,Medium,Medium,Public,Neutral,3,No,High School,Far,Male,61,Average Performer
5394,17,70,High,Medium,No,8,82,Low,Yes,2,High,High,Public,Negative,2,Yes,High School,Moderate,Female,64,Average Performer
5395,25,82,Medium,Medium,No,8,96,Medium,Yes,1,Low,Medium,Private,Positive,2,No,High School,Moderate,Female,69,Average Performer
5396,12,92,High,Medium,No,4,58,Low,Yes,2,Medium,Medium,Public,Positive,2,Yes,College,Moderate,Male,66,Average Performer
5397,15,61,Medium,Medium,No,5,59,High,Yes,0,Low,High,Public,Neutral,4,No,High School,Near,Female,61,Average Performer
5398,14,99,Medium,Medium,Yes,8,80,High,Yes,3,Medium,Low,Private,Neutral,4,No,College,Near,Female,71,Average Performer
5399,26,78,High,High,Yes,8,73,Medium,No,2,Low,Medium,Private,Positive,4,No,College,Near,Female,71,Average Performer
5400,26,74,Medium,Medium,No,5,86,Low,Yes,2,Low,High,Public,Positive,4,No,College,Near,Female,69,Average Performer
5401,23,72,Medium,Medium,Yes,8,64,Low,Yes,1,Low,Medium,Public,Neutral,4,No,Postgraduate,Near,Female,66,Average Performer
5402,26,67,Low,Medium,Yes,7,77,Low,Yes,2,Low,High,Private,Neutral,3,Yes,High School,Moderate,Male,64,Average Performer
5403,15,92,Low,Medium,No,8,69,Medium,Yes,1,High,Medium,Private,Neutral,4,No,Postgraduate,Near,Male,68,Average Performer
5404,22,98,High,Medium,Yes,6,64,Low,Yes,0,Medium,High,Public,Positive,3,No,High School,Moderate,Female,71,Average Performer
5405,19,77,High,Medium,Yes,5,86,High,Yes,0,Medium,Low,Public,Negative,4,Yes,High School,Near,Male,66,Average Performer
5406,25,98,Medium,Medium,Yes,7,90,High,Yes,1,High,Low,Public,Neutral,4,No,Postgraduate,Near,Male,94,Top Performer
5407,19,93,Low,High,Yes,7,66,Low,Yes,1,Medium,Medium,Private,Neutral,3,No,High School,Near,Female,68,Average Performer
5408,18,79,Medium,Medium,No,7,81,Medium,No,1,Medium,High,Private,Positive,4,No,College,Moderate,Female,66,Average Performer
5409,23,87,High,Low,No,6,59,Medium,Yes,4,Medium,High,Public,Neutral,2,No,High School,Near,Male,70,Average Performer
5410,25,77,Medium,Medium,No,10,90,Medium,Yes,1,Low,Medium,Public,Neutral,3,No,High School,Near,Male,68,Average Performer
5411,16,82,High,Low,No,4,64,Low,Yes,1,Medium,,Private,Neutral,2,No,Postgraduate,Moderate,Male,65,Average Performer
5412,20,62,Medium,Medium,Yes,6,59,Low,Yes,3,Medium,Medium,Public,Positive,4,No,High School,Near,Male,64,Average Performer
5413,14,88,High,Medium,Yes,6,97,Medium,Yes,0,Low,Medium,Public,Positive,3,No,College,Near,Male,69,Average Performer
5414,5,62,High,High,No,7,71,Low,Yes,1,Low,Medium,Private,Positive,4,No,College,Far,Male,59,Average Performer
5415,21,93,Low,Medium,No,8,82,Medium,Yes,2,Medium,High,Private,Neutral,4,No,College,Near,Male,70,Average Performer
5416,24,93,High,Low,Yes,8,90,High,Yes,0,High,Medium,Private,Negative,2,No,College,Near,Male,72,Average Performer
5417,22,69,Low,Medium,No,9,84,Medium,Yes,0,Medium,Medium,Public,Neutral,3,No,College,Moderate,Male,64,Average Performer
5418,8,73,Medium,High,No,8,78,High,Yes,0,Medium,High,Private,Negative,3,No,High School,Near,Male,63,Average Performer
5419,18,79,Medium,Medium,Yes,4,69,Medium,Yes,2,High,Low,Private,Positive,3,No,College,Near,Male,67,Average Performer
5420,7,84,Medium,Medium,Yes,5,96,Medium,No,1,Low,Low,Public,Positive,3,Yes,High School,Near,Male,62,Average Performer
5421,28,71,Medium,Medium,Yes,9,57,High,Yes,1,Low,High,Public,Neutral,4,No,Postgraduate,Near,Female,69,Average Performer
5422,13,84,Medium,Medium,Yes,9,94,Medium,Yes,3,Medium,Medium,Public,Negative,2,Yes,High School,Near,Male,66,Average Performer
5423,28,72,Low,Low,No,8,85,High,Yes,4,Low,Medium,Private,Negative,2,No,High School,Near,Female,66,Average Performer
5424,26,62,Low,Medium,No,6,79,Medium,Yes,1,Low,Medium,Public,Positive,3,Yes,College,Near,Female,63,Average Performer
5425,15,60,Medium,Medium,No,7,66,High,Yes,2,High,Medium,Public,Neutral,4,No,High School,Near,Male,62,Average Performer
5426,13,64,Medium,High,No,6,57,Low,Yes,1,Low,Low,Public,Neutral,3,Yes,High School,Moderate,Female,58,Average Performer
5427,22,92,Medium,Low,No,5,72,Low,Yes,0,Medium,Medium,Private,Negative,4,No,College,Moderate,Male,67,Average Performer
5428,15,98,Medium,Medium,Yes,7,89,Low,No,2,Low,Low,Public,Neutral,3,No,College,Moderate,Male,68,Average Performer
5429,21,77,High,Medium,No,10,87,Low,Yes,1,Low,Medium,Public,Neutral,3,No,College,Near,Male,67,Average Performer
5430,17,81,Medium,Medium,No,6,82,Medium,Yes,3,Low,Medium,Private,Neutral,4,No,College,Near,Male,67,Average Performer
5431,9,66,Low,Medium,No,9,100,Low,Yes,3,Medium,Medium,Public,Neutral,3,No,College,Near,Male,62,Average Performer
5432,7,82,Medium,High,Yes,6,99,Medium,Yes,2,Medium,High,Public,Negative,2,No,Postgraduate,Moderate,Male,66,Average Performer
5433,21,66,Medium,Medium,Yes,5,70,Medium,Yes,1,Low,High,Private,Positive,5,No,High School,Near,Female,65,Average Performer
5434,17,84,Medium,High,Yes,8,60,Medium,Yes,0,Low,Low,Private,Positive,5,No,College,Near,Female,67,Average Performer
5435,17,97,Medium,Low,No,7,73,High,No,1,Medium,High,Private,Neutral,4,No,College,Near,Male,69,Average Performer
5436,24,68,Medium,High,Yes,9,92,Low,Yes,1,Low,High,Public,Positive,2,No,High School,Near,Male,67,Average Performer
5437,27,91,Low,Medium,Yes,9,73,Low,Yes,0,Low,Medium,Private,Neutral,3,No,College,Near,Male,69,Average Performer
5438,18,61,Medium,Low,No,7,67,Low,Yes,2,High,Medium,Public,Positive,4,No,High School,Near,Male,62,Average Performer
5439,18,75,Medium,Medium,Yes,9,87,Low,Yes,3,Low,Medium,Public,Negative,3,No,Postgraduate,Near,Female,67,Average Performer
5440,23,64,Medium,Low,Yes,6,83,Medium,Yes,0,Medium,Medium,Public,Neutral,3,No,High School,Moderate,Male,63,Average Performer
5441,12,74,Medium,Medium,No,6,98,High,Yes,2,Low,Medium,Public,Neutral,3,No,College,Near,Male,65,Average Performer
5442,21,67,Medium,Medium,Yes,9,77,Medium,Yes,3,High,Low,Public,Neutral,3,No,College,Moderate,Female,66,Average Performer
5443,23,75,Medium,High,Yes,5,98,Medium,Yes,3,Medium,High,Public,Positive,1,No,College,Near,Female,71,Average Performer
5444,24,77,Low,High,Yes,7,65,High,Yes,1,Medium,High,Private,Positive,4,No,Postgraduate,Near,Male,70,Average Performer
5445,8,72,High,High,Yes,9,93,High,Yes,4,Medium,Medium,Public,Positive,4,No,High School,Near,Male,68,Average Performer
5446,15,86,High,Medium,Yes,9,68,High,Yes,0,Medium,Low,Public,Neutral,3,No,High School,Near,Male,67,Average Performer
5447,15,97,Medium,High,No,6,90,High,Yes,2,High,High,Private,Neutral,0,No,High School,Near,Male,71,Average Performer
5448,21,76,Low,Medium,Yes,9,96,Medium,Yes,1,Low,Low,Public,Negative,5,No,High School,Near,Male,65,Average Performer
5449,23,68,Low,Medium,Yes,5,81,Low,Yes,1,Low,Low,Public,Neutral,2,No,Postgraduate,Near,Male,64,Average Performer
5450,29,71,Medium,Medium,Yes,6,86,Medium,Yes,1,Low,Medium,Public,Positive,2,No,College,Near,Female,69,Average Performer
5451,17,94,Medium,Low,Yes,7,98,Low,Yes,1,Medium,High,Public,Negative,2,No,High School,Near,Male,68,Average Performer
5452,17,83,Medium,Low,Yes,8,69,Low,Yes,4,Low,High,Public,Neutral,3,No,College,Near,Male,67,Average Performer
5453,27,78,Medium,Medium,Yes,5,76,High,Yes,1,Medium,Medium,Private,Positive,4,No,Postgraduate,Near,Male,71,Average Performer
5454,22,66,Medium,Low,Yes,10,95,Medium,Yes,1,Medium,Medium,Private,Negative,3,No,High School,Near,Male,64,Average Performer
5455,28,78,Medium,High,Yes,4,84,Medium,Yes,2,Low,Low,Public,Negative,3,No,College,Far,Female,69,Average Performer
5456,22,71,Medium,High,Yes,7,94,Medium,Yes,1,Medium,Medium,Public,Neutral,4,No,High School,Near,Male,68,Average Performer
5457,13,98,High,Low,Yes,7,81,Medium,Yes,1,Medium,Low,Private,Negative,3,No,Postgraduate,Near,Male,69,Average Performer
5458,12,95,Medium,Medium,No,4,87,Medium,Yes,0,Low,Medium,Public,Positive,3,No,High School,Moderate,Male,67,Average Performer
5459,11,63,Medium,High,Yes,9,51,High,Yes,0,Low,Low,Public,Negative,3,Yes,College,Moderate,Male,58,Average Performer
5460,24,81,Low,Medium,Yes,6,67,High,Yes,0,Medium,High,Public,Negative,2,No,High School,Far,Male,66,Average Performer
5461,27,69,Medium,High,Yes,7,89,Low,Yes,2,High,High,Private,Neutral,1,No,High School,Moderate,Male,69,Average Performer
5462,31,76,Medium,High,Yes,7,70,Low,Yes,3,Low,Medium,Public,Neutral,3,No,College,Moderate,Male,70,Average Performer
5463,25,95,Medium,Low,Yes,5,68,Medium,Yes,1,Medium,High,Public,Positive,3,No,High School,Far,Male,70,Average Performer
5464,27,81,Medium,Low,Yes,5,98,Medium,Yes,0,High,Medium,Public,Positive,3,No,High School,Near,Male,70,Average Performer
5465,17,73,High,High,No,9,78,Medium,Yes,0,Low,High,Public,Negative,3,No,Postgraduate,Moderate,Female,66,Average Performer
5466,13,68,Low,High,No,7,60,Medium,Yes,1,Medium,Low,Private,Positive,3,No,College,Moderate,Female,61,Average Performer
5467,25,92,Medium,Medium,Yes,4,74,Medium,Yes,3,Low,High,Public,Positive,2,Yes,High School,Moderate,Female,71,Average Performer
5468,23,85,High,Low,Yes,7,76,High,Yes,2,Low,Medium,Public,Neutral,3,No,College,,Female,69,Average Performer
5469,21,79,Medium,Medium,Yes,7,99,Medium,Yes,2,Low,Medium,Public,Positive,2,No,Postgraduate,Near,Male,69,Average Performer
5470,22,69,High,Medium,No,7,86,Low,Yes,0,Medium,Medium,Public,Neutral,1,No,High School,Near,Female,65,Average Performer
5471,22,73,High,High,Yes,4,76,High,Yes,3,Medium,Medium,Public,Negative,4,No,College,Far,Male,69,Average Performer
5472,28,98,Medium,High,Yes,7,72,Medium,Yes,1,Low,High,Private,Positive,2,No,College,Near,Male,74,Average Performer
5473,28,81,Medium,Medium,Yes,6,96,High,Yes,2,Low,Medium,Private,Positive,5,No,High School,Moderate,Male,71,Average Performer
5474,23,76,High,Medium,No,7,82,High,Yes,0,Medium,High,Private,Neutral,1,No,College,Near,Male,68,Average Performer
5475,25,81,High,High,Yes,8,68,Low,Yes,0,Low,High,Public,Neutral,3,No,College,Moderate,Female,69,Average Performer
5476,23,91,Low,Medium,Yes,8,73,Medium,No,3,Medium,Medium,Public,Negative,5,No,High School,Far,Male,68,Average Performer
5477,17,74,Medium,Low,No,9,64,Medium,Yes,2,Medium,Medium,Public,Neutral,3,No,High School,Near,Male,63,Average Performer
5478,25,67,Medium,Medium,Yes,10,98,High,Yes,0,High,Medium,Public,Positive,2,No,High School,Near,Male,68,Average Performer
5479,12,83,High,Medium,Yes,5,85,Medium,Yes,2,Low,High,Private,Negative,2,No,College,Near,Male,67,Average Performer
5480,26,87,Medium,High,No,6,70,Low,Yes,3,Medium,Medium,Public,Neutral,3,No,College,Moderate,Male,71,Average Performer
5481,13,89,High,High,No,8,59,Low,Yes,0,Low,High,Public,Neutral,2,No,Postgraduate,Moderate,Male,66,Average Performer
5482,22,95,High,Medium,No,7,59,Medium,Yes,2,Low,Medium,Public,Negative,3,Yes,High School,Near,Male,69,Average Performer
5483,15,75,High,Medium,Yes,4,74,Medium,Yes,3,Medium,High,Public,Positive,4,No,College,Near,Female,68,Average Performer
5484,23,63,Medium,Medium,No,7,73,Low,Yes,1,Low,Medium,Public,Neutral,3,No,College,Moderate,Male,63,Average Performer
5485,20,98,Medium,Medium,No,9,71,Medium,Yes,0,Low,Medium,Public,Negative,4,No,College,Moderate,Male,69,Average Performer
5486,10,77,Low,High,Yes,5,93,Medium,Yes,3,Low,Medium,Public,Positive,3,No,College,Near,Female,66,Average Performer
5487,23,85,Medium,Medium,Yes,7,99,High,Yes,1,Low,High,Public,Neutral,5,No,College,Near,Female,71,Average Performer
5488,17,87,Medium,High,No,4,68,Medium,Yes,2,Low,Low,Public,Positive,4,No,Postgraduate,Moderate,Male,68,Average Performer
5489,25,82,Medium,Medium,Yes,8,65,Medium,Yes,0,High,Medium,Private,Neutral,4,No,High School,Near,Male,69,Average Performer
5490,20,68,Medium,Medium,Yes,7,89,Medium,Yes,0,Medium,High,Private,Positive,3,No,High School,Far,Female,65,Average Performer
5491,22,90,Medium,Low,Yes,6,72,Medium,Yes,0,Low,Medium,Public,Neutral,4,No,College,Near,Male,68,Average Performer
5492,14,92,High,Medium,Yes,6,61,High,Yes,0,Low,Medium,Private,Neutral,2,No,College,Moderate,Male,67,Average Performer
5493,16,82,Medium,Medium,No,5,59,Medium,Yes,1,Medium,Medium,Public,Positive,3,No,High School,Near,Male,65,Average Performer
5494,17,80,Low,Medium,Yes,9,64,Medium,Yes,1,Low,Medium,Private,Positive,4,No,Postgraduate,Far,Female,65,Average Performer
5495,25,65,Medium,Low,Yes,6,50,Medium,Yes,2,Low,Medium,Public,Positive,2,No,College,Near,Female,64,Average Performer
5496,30,63,High,High,No,8,97,Medium,Yes,1,Low,High,Public,Neutral,3,No,High School,Near,Female,69,Average Performer
5497,15,74,High,Low,No,6,72,Low,Yes,2,Low,Medium,Public,Positive,3,No,High School,Near,Male,64,Average Performer
5498,26,72,Medium,Medium,No,10,54,Medium,No,2,High,High,Public,Neutral,2,No,College,Moderate,Male,66,Average Performer
5499,7,98,Medium,Low,Yes,9,58,Medium,Yes,2,Medium,Medium,Private,Neutral,5,Yes,College,Near,Male,65,Average Performer
5500,13,91,High,Medium,Yes,10,66,Medium,Yes,2,Medium,Medium,Public,Positive,4,No,High School,Near,Female,69,Average Performer
5501,14,86,Low,Medium,Yes,10,78,Medium,Yes,3,Medium,High,Private,Negative,4,Yes,High School,Near,Female,66,Average Performer
5502,12,81,Medium,Medium,Yes,6,85,High,Yes,0,Low,Medium,Private,Positive,2,Yes,High School,Near,Male,64,Average Performer
5503,10,67,Medium,Medium,Yes,6,65,Medium,Yes,1,Medium,High,Public,Negative,4,No,High School,Near,Female,61,Average Performer
5504,22,99,Medium,Medium,No,10,98,Low,Yes,1,Medium,Medium,Private,Neutral,1,No,College,Near,Male,72,Average Performer
5505,19,75,Medium,Medium,Yes,7,88,Low,Yes,1,Medium,Medium,Private,Positive,3,No,Postgraduate,Moderate,Male,67,Average Performer
5506,22,64,Low,Medium,Yes,8,91,Low,Yes,0,Low,Medium,Public,Neutral,4,No,College,Moderate,Female,63,Average Performer
5507,24,80,Medium,High,No,6,66,High,Yes,1,Medium,Medium,Public,Neutral,3,No,College,Moderate,Male,69,Average Performer
5508,22,95,Low,High,Yes,6,69,High,Yes,3,Medium,Medium,Public,Neutral,2,Yes,Postgraduate,Far,Male,70,Average Performer
5509,24,95,Medium,High,Yes,8,77,Low,Yes,1,Low,Medium,Public,Positive,3,Yes,High School,Near,Male,71,Average Performer
5510,20,60,Medium,Low,Yes,4,73,Medium,Yes,0,Low,Low,Public,Neutral,1,No,Postgraduate,Moderate,Female,60,Average Performer
5511,13,95,Medium,High,Yes,8,63,Medium,Yes,3,Medium,Medium,Private,Neutral,2,No,Postgraduate,Near,Female,70,Average Performer
5512,26,71,Low,High,No,8,100,Low,Yes,1,Low,High,Private,Positive,4,No,College,Near,Female,69,Average Performer
5513,16,62,Medium,High,No,6,92,Medium,No,0,Medium,Medium,Private,Positive,4,No,High School,Near,Female,63,Average Performer
5514,14,94,Medium,Medium,Yes,7,62,High,Yes,2,Medium,High,Private,Negative,1,No,Postgraduate,Near,Male,69,Average Performer
5515,19,95,Medium,Medium,Yes,7,95,High,Yes,0,Medium,High,Private,Negative,2,No,College,Near,Male,71,Average Performer
5516,15,84,Medium,High,Yes,7,79,Medium,Yes,1,Medium,High,Public,Neutral,4,No,High School,Near,Female,68,Average Performer
5517,17,83,Medium,High,No,8,51,Low,Yes,0,Low,Medium,Public,Negative,4,No,High School,Moderate,Male,64,Average Performer
5518,22,93,Low,Medium,No,6,67,Medium,Yes,0,Medium,Medium,Public,Neutral,3,No,College,Near,Female,68,Average Performer
5519,22,91,Low,Medium,Yes,10,51,High,Yes,2,High,Medium,Public,Neutral,3,No,High School,Near,Female,69,Average Performer
5520,15,96,Medium,Low,No,7,54,Low,Yes,0,Low,Medium,Public,Neutral,3,No,College,Near,Female,65,Average Performer
5521,17,82,Medium,Medium,Yes,7,59,Medium,Yes,3,Medium,Medium,Public,Positive,4,No,College,Near,Male,68,Average Performer
5522,26,99,Medium,High,Yes,10,74,Medium,Yes,1,Medium,Medium,Private,Neutral,2,No,College,Near,Male,74,Average Performer
5523,23,100,High,Low,Yes,4,69,Low,Yes,0,Low,High,Public,Positive,4,No,Postgraduate,Near,Female,72,Average Performer
5524,32,65,High,Medium,No,10,57,Medium,Yes,1,High,Medium,Private,Negative,2,No,High School,Near,Female,67,Average Performer
5525,27,94,High,High,Yes,7,70,Low,Yes,1,Medium,High,Public,Neutral,2,No,High School,Moderate,Female,73,Average Performer
5526,27,80,Medium,Medium,No,6,65,High,No,1,High,Medium,Private,Neutral,4,No,College,Moderate,Male,68,Average Performer
5527,12,76,Medium,Low,Yes,5,71,Low,Yes,0,Medium,Medium,Public,Negative,4,No,High School,Near,Male,61,Average Performer
5528,25,85,High,High,No,5,59,Medium,Yes,3,Low,Medium,Public,Neutral,4,No,High School,Near,Female,70,Average Performer
5529,20,62,Medium,Low,Yes,6,80,High,No,1,Medium,High,Public,Neutral,3,No,College,Moderate,Female,62,Average Performer
5530,17,80,Medium,Medium,Yes,7,52,High,Yes,2,Medium,Medium,Private,Neutral,3,No,Postgraduate,Near,Female,67,Average Performer
5531,21,95,Low,High,Yes,8,69,Medium,No,0,Low,High,Public,Negative,3,No,Postgraduate,Near,Male,69,Average Performer
5532,26,69,High,High,No,7,95,Low,No,0,Medium,Medium,Public,Negative,3,No,Postgraduate,Near,Female,93,Top Performer
5533,23,77,Medium,High,No,6,71,Low,Yes,3,Medium,Low,Private,Positive,4,No,High School,Moderate,Male,68,Average Performer
5534,15,98,Medium,Medium,Yes,9,72,Medium,Yes,1,Low,High,Public,Neutral,2,No,College,Near,Female,69,Average Performer
5535,24,77,Medium,Medium,Yes,10,53,High,Yes,2,High,Medium,Public,Neutral,4,No,College,Moderate,Male,68,Average Performer
5536,16,74,Medium,High,No,9,80,Low,Yes,0,Medium,Medium,Public,Negative,5,No,High School,Near,Male,64,Average Performer
5537,21,78,High,Medium,Yes,6,97,Medium,Yes,0,Medium,Medium,Public,Positive,2,No,High School,Near,Female,69,Average Performer
5538,18,81,Medium,Medium,No,8,65,Low,Yes,2,Low,Medium,Public,Neutral,4,No,Postgraduate,Near,Male,66,Average Performer
5539,19,85,Medium,Medium,No,8,70,Low,Yes,4,High,Medium,Public,Neutral,3,No,High School,Moderate,Male,68,Average Performer
5540,25,92,Medium,Medium,Yes,9,79,Medium,Yes,3,Medium,High,Public,Negative,4,No,College,Moderate,Male,72,Average Performer
5541,14,78,High,Medium,No,6,55,Low,Yes,2,Low,Medium,Private,Neutral,2,No,High School,Near,Female,63,Average Performer
5542,32,93,High,Medium,No,6,98,Medium,Yes,0,Medium,Medium,Public,Neutral,4,Yes,High School,Near,Male,73,Average Performer
5543,9,81,High,Medium,Yes,9,73,Medium,Yes,1,Medium,Medium,Public,Negative,1,No,Postgraduate,Near,Male,65,Average Performer
5544,16,74,High,High,Yes,8,56,Low,Yes,1,Low,Medium,Private,Positive,2,No,High School,Near,Female,65,Average Performer
5545,22,86,Low,Medium,Yes,5,67,Medium,Yes,0,High,Medium,Public,Positive,2,No,College,Near,Male,68,Average Performer
5546,24,89,High,Medium,No,8,69,Low,No,3,High,Medium,Public,Neutral,2,No,College,Near,Male,70,Average Performer
5547,19,82,Medium,Medium,No,10,67,Medium,Yes,0,Low,Low,Public,Positive,2,No,Postgraduate,Far,Male,65,Average Performer
5548,20,62,High,Medium,Yes,6,85,Medium,Yes,2,Medium,Medium,Public,Neutral,3,No,College,Near,Female,66,Average Performer
5549,22,67,Medium,High,Yes,6,67,High,Yes,1,Low,Medium,Private,Neutral,1,No,College,Near,Male,66,Average Performer
5550,19,71,Medium,High,Yes,7,66,Low,Yes,2,Low,Medium,Public,Neutral,3,No,,Near,Female,65,Average Performer
5551,28,71,Medium,High,No,8,66,Medium,Yes,2,Low,Medium,Private,Positive,3,No,College,Near,Male,69,Average Performer
5552,25,87,Low,High,Yes,7,89,Medium,Yes,1,Low,Medium,Public,Neutral,4,Yes,High School,Near,Female,69,Average Performer
5553,25,61,Medium,High,No,9,65,Medium,Yes,2,Medium,Medium,Private,Neutral,4,Yes,High School,Moderate,Female,64,Average Performer
5554,14,90,Medium,Medium,Yes,7,51,Medium,Yes,1,Medium,Medium,Public,Positive,4,Yes,High School,Near,Female,66,Average Performer
5555,20,71,Low,Medium,Yes,9,68,Medium,Yes,1,Low,Medium,Private,Positive,3,No,High School,Far,Male,63,Average Performer
5556,18,72,High,Medium,Yes,6,64,Medium,Yes,4,Low,Medium,Public,Positive,3,No,Postgraduate,Near,Female,68,Average Performer
5557,14,81,High,Medium,Yes,5,95,Low,Yes,2,Low,High,Public,Positive,3,No,High School,Near,Male,68,Average Performer
5558,22,69,High,Medium,No,6,74,High,Yes,1,Medium,Low,Public,Negative,3,Yes,College,Near,Female,65,Average Performer
5559,17,95,High,Medium,No,5,62,High,Yes,1,Medium,Medium,Private,Positive,3,No,High School,Moderate,Male,69,Average Performer
5560,24,63,Medium,Medium,No,8,99,Low,Yes,2,Low,High,Public,Neutral,1,No,Postgraduate,Near,Female,66,Average Performer
5561,14,78,Medium,Medium,No,4,62,Medium,Yes,1,Low,Medium,Public,Neutral,4,No,College,,Male,63,Average Performer
5562,30,94,Low,Medium,Yes,6,88,Low,Yes,2,Low,Medium,Private,Neutral,3,Yes,College,Near,Female,72,Average Performer
5563,15,85,High,Medium,No,7,82,High,Yes,2,Medium,Medium,Public,Negative,4,No,High School,Far,Male,67,Average Performer
5564,21,72,High,High,No,5,73,Medium,Yes,1,Medium,Medium,Public,Neutral,3,No,High School,Near,Male,67,Average Performer
5565,25,77,High,Medium,Yes,7,70,Medium,Yes,0,Medium,Medium,Public,Neutral,5,No,High School,Near,Male,68,Average Performer
5566,17,88,High,High,Yes,7,94,Medium,No,2,Medium,High,Public,Positive,3,No,High School,Near,Male,71,Average Performer
5567,25,99,Medium,High,No,9,74,Medium,Yes,1,Medium,High,Private,Negative,3,No,High School,Near,Male,73,Average Performer
5568,13,96,Medium,Medium,No,5,69,Medium,Yes,2,Medium,Low,Public,Positive,3,No,High School,Near,Male,68,Average Performer
5569,29,74,High,Medium,No,8,68,Medium,Yes,0,Medium,High,Public,Positive,4,No,High School,Near,Female,69,Average Performer
5570,20,100,Medium,Medium,Yes,8,64,Medium,Yes,0,Low,Medium,Public,Neutral,2,No,High School,Moderate,Male,69,Average Performer
5571,16,60,Medium,High,No,7,70,Low,Yes,3,High,High,Private,Negative,4,No,High School,Near,Female,63,Average Performer
5572,18,61,Medium,Medium,Yes,6,56,Medium,Yes,3,Low,Medium,Public,Neutral,3,No,High School,Moderate,Male,62,Average Performer
5573,25,93,Medium,Medium,Yes,5,53,Medium,Yes,0,High,Medium,Private,Neutral,5,No,College,Moderate,Female,70,Average Performer
5574,16,68,High,Medium,No,10,77,Medium,Yes,1,High,Medium,Public,Positive,3,No,Postgraduate,Near,Male,66,Average Performer
5575,16,62,Medium,Medium,No,7,73,Low,Yes,3,High,Medium,Public,Negative,3,No,High School,Near,Female,62,Average Performer
5576,19,69,Medium,High,Yes,7,59,Low,Yes,2,Low,Low,Private,Neutral,2,No,Postgraduate,Moderate,Female,64,Average Performer
5577,13,77,Medium,Medium,Yes,10,55,Low,Yes,2,Low,Medium,Private,Positive,3,No,College,Moderate,Male,63,Average Performer
5578,31,89,Medium,Medium,Yes,7,57,Medium,Yes,1,High,Low,Public,Positive,2,No,College,Moderate,Female,71,Average Performer
5579,17,85,High,Medium,Yes,10,66,Medium,Yes,1,High,Medium,Public,Neutral,1,Yes,Postgraduate,Moderate,Male,67,Average Performer
5580,25,70,Low,High,Yes,5,73,Medium,Yes,2,Medium,Medium,Private,Neutral,1,No,Postgraduate,Near,Male,67,Average Performer
5581,21,80,Low,High,Yes,7,60,Medium,Yes,1,Medium,High,Public,Positive,2,No,College,Moderate,Male,67,Average Performer
5582,14,97,Low,Medium,Yes,5,88,Medium,Yes,2,High,Medium,Public,Positive,3,No,Postgraduate,Near,Male,71,Average Performer
5583,20,93,High,Medium,No,7,60,High,Yes,0,Low,High,Public,Neutral,3,No,High School,Near,Male,69,Average Performer
5584,25,73,Medium,Medium,Yes,7,56,Medium,Yes,2,High,Medium,Public,Neutral,4,No,High School,Near,Female,93,Top Performer
5585,19,99,High,Medium,Yes,6,100,Medium,Yes,1,Low,Medium,Private,Positive,1,No,High School,Moderate,Male,72,Average Performer
5586,27,88,Medium,High,No,7,72,Medium,Yes,1,Low,High,Public,Positive,1,No,High School,Near,Female,71,Average Performer
5587,26,62,Medium,Medium,No,6,59,Medium,Yes,1,Medium,Medium,Public,Neutral,3,No,High School,Moderate,Male,63,Average Performer
5588,26,61,High,Low,Yes,7,95,Low,No,0,Medium,High,Public,Neutral,3,No,Postgraduate,Moderate,Male,65,Average Performer
5589,17,67,Low,Medium,Yes,6,62,Medium,Yes,0,Medium,Medium,Public,Neutral,3,No,College,Moderate,Female,61,Average Performer
5590,14,89,Medium,Low,No,9,96,Low,Yes,2,Low,High,Private,Neutral,3,No,College,Moderate,Female,66,Average Performer
5591,16,67,Medium,Medium,Yes,5,56,Low,Yes,1,Low,Medium,Public,Negative,2,No,College,Near,Female,61,Average Performer
5592,21,80,Medium,Medium,No,7,92,Low,Yes,1,Medium,Medium,Public,Positive,3,No,High School,Moderate,Male,67,Average Performer
5593,23,64,Medium,Low,Yes,5,59,Medium,Yes,3,Low,Medium,Public,Positive,5,No,High School,Moderate,Female,64,Average Performer
5594,7,97,Low,High,No,6,97,Medium,Yes,3,Medium,High,Private,Positive,2,No,College,Moderate,Female,69,Average Performer
5595,20,74,Low,Medium,No,6,79,Medium,Yes,1,High,,Public,Neutral,2,Yes,College,Far,Male,64,Average Performer
5596,21,96,Medium,Medium,Yes,7,59,Low,Yes,2,High,Medium,Public,Negative,2,No,College,Near,Male,70,Average Performer
5597,18,98,High,Medium,Yes,7,92,Medium,Yes,2,Low,High,Private,Neutral,4,No,High School,Near,Male,73,Average Performer
5598,28,60,Low,Medium,Yes,5,70,Low,Yes,0,Low,Medium,Private,Neutral,5,No,High School,Near,Male,63,Average Performer
5599,23,79,Medium,Medium,Yes,6,87,Medium,No,2,Low,High,Public,Neutral,4,No,College,Moderate,Male,68,Average Performer
5600,28,61,Low,Low,Yes,6,82,Low,Yes,0,Medium,High,Public,Positive,3,No,College,Near,Female,64,Average Performer
5601,19,96,Medium,Low,Yes,5,86,Medium,No,3,Medium,Medium,Public,Positive,3,No,High School,Moderate,Male,69,Average Performer
5602,26,81,Medium,Medium,Yes,9,67,Medium,Yes,3,Low,Medium,Public,Neutral,2,No,College,Near,Female,69,Average Performer
5603,30,63,High,Low,No,5,97,High,Yes,2,Low,High,Public,Positive,2,Yes,College,Moderate,Female,67,Average Performer
5604,28,64,High,Low,Yes,7,78,Medium,Yes,3,Medium,High,Private,Positive,4,No,Postgraduate,Moderate,Male,69,Average Performer
5605,13,75,Medium,High,No,10,54,Medium,Yes,1,Low,Medium,Private,Negative,3,Yes,College,Near,Male,62,Average Performer
5606,18,98,Low,Medium,No,9,53,Medium,Yes,0,High,Medium,Public,Neutral,1,No,High School,Moderate,Male,66,Average Performer
5607,18,88,Low,Medium,No,8,87,Medium,Yes,2,Medium,High,Public,Neutral,2,No,Postgraduate,Moderate,Female,68,Average Performer
5608,23,95,High,Low,No,7,92,High,Yes,1,Low,Medium,Public,Positive,1,No,High School,Near,Female,71,Average Performer
5609,24,75,Medium,Low,No,8,85,Medium,Yes,1,Low,Medium,Public,Positive,2,Yes,Postgraduate,Near,Male,66,Average Performer
5610,15,62,Low,High,No,8,64,High,Yes,2,Low,Medium,Public,Neutral,4,No,College,Near,Female,62,Average Performer
5611,20,99,Low,Low,Yes,9,61,Low,Yes,1,High,Medium,Private,Neutral,4,No,High School,Moderate,Male,68,Average Performer
5612,8,61,Medium,Low,Yes,7,78,Medium,Yes,0,Medium,Medium,Private,Positive,3,No,High School,Near,Female,59,Average Performer
5613,29,98,Medium,Medium,Yes,9,60,Low,Yes,0,Low,Medium,Private,Negative,4,No,High School,Near,Female,70,Average Performer
5614,17,75,High,Low,Yes,7,69,Medium,Yes,1,High,Medium,Public,Positive,4,No,High School,Near,Male,66,Average Performer
5615,20,60,Medium,Medium,Yes,10,81,Medium,Yes,3,Low,Medium,Public,Positive,3,No,College,Near,Male,65,Average Performer
5616,18,88,Medium,Medium,No,7,64,Low,Yes,0,Medium,Low,Public,Positive,4,No,College,Moderate,Male,66,Average Performer
5617,27,99,Medium,Medium,Yes,5,69,Medium,Yes,2,Medium,Low,Public,Positive,2,No,Postgraduate,Moderate,Male,73,Average Performer
5618,3,99,Medium,Low,Yes,7,68,Medium,Yes,2,High,Medium,Private,Neutral,3,No,High School,Near,Female,65,Average Performer
5619,20,66,Medium,High,Yes,8,73,Medium,Yes,0,High,Low,Public,Positive,3,No,High School,Moderate,Male,65,Average Performer
5620,19,67,High,Medium,No,9,84,Low,Yes,0,Medium,Medium,Public,Positive,3,No,,Moderate,Female,64,Average Performer
5621,17,83,Medium,Medium,Yes,6,89,High,Yes,0,Low,Medium,Public,Positive,4,No,Postgraduate,Near,Male,69,Average Performer
5622,30,85,Medium,Medium,No,4,83,Low,Yes,2,High,High,Public,Positive,3,No,Postgraduate,Near,Female,74,Average Performer
5623,15,90,High,High,Yes,8,51,High,Yes,2,High,Medium,Public,Negative,2,No,High School,Moderate,Female,68,Average Performer
5624,25,67,Low,Medium,No,8,95,Medium,Yes,0,Medium,Medium,Public,Neutral,4,No,Postgraduate,Moderate,Female,65,Average Performer
5625,22,98,Medium,High,Yes,5,79,Medium,No,2,High,Medium,Public,Neutral,5,No,High School,Moderate,Male,72,Average Performer
5626,28,86,Medium,Medium,Yes,7,96,Medium,Yes,2,Medium,Low,Public,Neutral,4,No,High School,Near,Male,71,Average Performer
5627,16,94,High,Medium,No,7,98,Medium,Yes,0,Low,Medium,Public,Neutral,4,No,High School,Moderate,Female,69,Average Performer
5628,16,82,Low,High,Yes,8,73,Low,Yes,3,Low,High,Public,Positive,1,No,College,Near,Male,67,Average Performer
5629,27,77,Medium,High,Yes,6,96,Low,Yes,0,Medium,High,Public,Positive,3,No,Postgraduate,Moderate,Male,71,Average Performer
5630,23,99,Low,Low,Yes,6,68,High,Yes,1,Medium,Medium,Public,Neutral,3,Yes,College,Far,Male,68,Average Performer
5631,11,83,Low,Medium,No,7,63,High,Yes,3,High,Medium,Public,Negative,2,No,,Far,Female,63,Average Performer
5632,17,95,High,Medium,No,5,54,Low,Yes,2,High,High,Public,Neutral,2,No,College,Moderate,Female,69,Average Performer
5633,22,98,Medium,Low,No,10,73,Medium,Yes,1,Low,Low,Public,Negative,4,Yes,College,Near,Female,68,Average Performer
5634,25,87,High,High,Yes,8,84,Low,Yes,2,High,Medium,Public,Positive,4,No,College,Moderate,Male,73,Average Performer
5635,16,82,Medium,Medium,Yes,6,99,Medium,Yes,3,High,Medium,Public,Positive,2,No,High School,Near,Male,69,Average Performer
5636,3,60,Medium,Medium,Yes,5,76,Medium,Yes,0,Medium,High,Private,Neutral,4,No,High School,Moderate,Female,58,Average Performer
5637,23,62,High,Low,No,5,87,Medium,Yes,1,High,Low,Private,Positive,3,No,High School,Near,Male,65,Average Performer
5638,13,68,Medium,Medium,Yes,8,95,Medium,Yes,2,Low,Low,Private,Positive,4,No,High School,Moderate,Male,63,Average Performer
5639,8,67,Low,Low,No,5,77,Low,Yes,1,Medium,High,Public,Positive,2,No,College,,Male,59,Average Performer
5640,3,70,Medium,Medium,Yes,7,58,Medium,Yes,0,Medium,Medium,Private,Neutral,2,No,High School,Moderate,Male,58,Average Performer
5641,25,72,Medium,Medium,Yes,4,92,High,Yes,1,Low,Medium,Private,Negative,2,Yes,High School,Near,Male,66,Average Performer
5642,21,74,Medium,High,Yes,8,79,Medium,Yes,0,Low,High,Private,Positive,4,No,High School,Near,Male,67,Average Performer
5643,19,77,High,Medium,Yes,8,88,Medium,No,3,Low,Medium,Public,Positive,3,No,College,Moderate,Male,67,Average Performer
5644,28,64,High,Medium,No,7,83,Low,Yes,2,High,Medium,Private,Neutral,4,No,High School,Moderate,Male,67,Average Performer
5645,24,62,High,Low,Yes,7,53,Medium,Yes,0,Medium,Medium,Public,Positive,6,No,Postgraduate,Near,Female,65,Average Performer
5646,30,87,High,Medium,Yes,8,58,High,Yes,1,Low,Medium,Public,Negative,1,No,College,Near,Male,71,Average Performer
5647,12,81,Medium,Medium,Yes,7,64,High,Yes,2,High,Medium,Public,Neutral,3,No,High School,Near,Male,66,Average Performer
5648,20,78,Medium,High,Yes,8,64,Medium,Yes,2,High,Medium,Private,Positive,2,No,High School,Moderate,Female,68,Average Performer
5649,10,85,Medium,High,Yes,5,92,Medium,Yes,0,Low,High,Private,Positive,4,Yes,High School,Far,Female,65,Average Performer
5650,19,93,High,High,No,8,80,Medium,Yes,1,Medium,Medium,Private,Neutral,3,No,College,Moderate,Male,71,Average Performer
5651,19,77,Medium,Low,Yes,7,54,Low,Yes,2,Low,Medium,Private,Positive,4,No,High School,Near,Female,64,Average Performer
5652,24,86,Medium,High,Yes,9,69,High,Yes,1,Medium,High,Public,Neutral,3,No,Postgraduate,Near,Male,72,Average Performer
5653,20,98,Low,Low,No,7,78,Low,Yes,4,High,High,Public,Neutral,2,No,High School,Far,Male,69,Average Performer
5654,24,94,Medium,Medium,No,7,63,Medium,Yes,1,Low,High,Public,Neutral,3,No,High School,Near,Male,70,Average Performer
5655,24,77,Medium,Medium,Yes,6,52,Medium,Yes,0,Medium,Medium,Private,Negative,4,No,High School,Near,Male,66,Average Performer
5656,33,86,Medium,Medium,No,9,69,Medium,No,0,Medium,Medium,Public,Neutral,3,No,College,Near,Female,70,Average Performer
5657,18,67,High,Low,No,4,73,Low,Yes,0,Medium,Medium,Private,Neutral,2,No,Postgraduate,Moderate,Male,62,Average Performer
5658,14,82,Low,Medium,Yes,8,95,Medium,Yes,1,Low,Medium,Private,Neutral,3,No,Postgraduate,Moderate,Male,66,Average Performer
5659,21,99,High,Low,No,7,95,Low,Yes,2,Low,Medium,Public,Negative,1,No,High School,Near,Female,70,Average Performer
5660,15,81,Low,Low,Yes,7,75,Low,Yes,1,Medium,High,Public,Negative,1,No,Postgraduate,Moderate,Male,63,Average Performer
5661,29,97,High,Medium,Yes,7,74,Medium,Yes,1,Medium,Low,Public,Positive,4,Yes,High School,Near,Female,73,Average Performer
5662,18,76,Medium,High,Yes,7,82,High,Yes,2,Medium,High,Public,Neutral,4,No,Postgraduate,Near,Female,70,Average Performer
5663,17,100,High,High,No,8,63,Low,Yes,1,Low,Medium,Private,Positive,5,No,High School,Near,Male,71,Average Performer
5664,17,83,Low,Medium,No,6,64,Medium,Yes,1,Medium,Medium,Private,Positive,4,No,High School,Near,Female,65,Average Performer
5665,24,62,Medium,Low,Yes,7,50,Medium,Yes,1,High,High,Private,Negative,2,No,Postgraduate,Near,Male,64,Average Performer
5666,19,83,High,Low,Yes,8,54,Medium,Yes,1,Low,Medium,Private,Positive,4,No,High School,Moderate,Male,66,Average Performer
5667,16,71,Low,Low,Yes,6,59,High,Yes,1,Low,High,Public,Positive,3,No,Postgraduate,Near,Male,82,Top Performer
5668,30,61,Low,High,Yes,8,82,Low,Yes,2,Low,High,Public,Neutral,3,No,Postgraduate,Near,Female,68,Average Performer
5669,15,93,Medium,Medium,No,8,61,High,Yes,1,Medium,Medium,Public,Neutral,4,No,High School,Near,Female,67,Average Performer
5670,20,71,Low,High,Yes,6,56,High,Yes,5,Medium,Medium,Private,Positive,5,No,College,Near,Male,68,Average Performer
5671,24,92,Low,High,Yes,5,81,Medium,Yes,2,Low,Medium,Private,Negative,3,Yes,High School,Near,Male,69,Average Performer
5672,10,72,Medium,Medium,Yes,6,83,Medium,Yes,0,Medium,Medium,Public,Positive,4,No,High School,Near,Male,63,Average Performer
5673,23,68,Medium,High,No,7,53,High,Yes,3,High,Medium,Public,Neutral,3,No,High School,Moderate,Female,66,Average Performer
5674,14,99,Medium,Medium,No,7,89,High,No,0,Medium,Medium,Private,Positive,2,No,Postgraduate,Far,Female,68,Average Performer
5675,25,74,High,Medium,Yes,9,80,Medium,Yes,4,Medium,Medium,Public,Positive,3,No,College,Moderate,Female,71,Average Performer
5676,14,84,Medium,High,Yes,6,70,High,Yes,2,High,Medium,Public,Positive,3,No,College,Near,Female,69,Average Performer
5677,24,84,Low,Medium,Yes,6,99,Medium,Yes,1,Medium,High,Public,Positive,2,No,Postgraduate,Far,Female,70,Average Performer
5678,27,82,Medium,Medium,No,8,51,High,Yes,3,High,Medium,Public,Neutral,2,No,College,Near,Male,70,Average Performer
5679,25,97,Medium,Medium,Yes,6,77,Low,Yes,1,Low,High,Private,Positive,4,No,Postgraduate,Near,Male,73,Average Performer
5680,22,87,Medium,High,Yes,6,58,Medium,Yes,0,Low,Medium,Private,Neutral,4,No,High School,Near,Female,68,Average Performer
5681,19,76,Medium,Low,Yes,6,66,Medium,Yes,1,High,Medium,Public,Positive,3,No,High School,Near,Male,65,Average Performer
5682,17,94,High,High,Yes,4,57,Medium,Yes,4,Medium,High,Public,Neutral,4,No,High School,Moderate,Male,72,Average Performer
5683,29,67,High,Low,Yes,8,83,Medium,Yes,2,Low,Medium,Private,Positive,4,Yes,High School,Near,Female,67,Average Performer
5684,16,82,Low,Medium,Yes,8,70,High,Yes,4,Low,High,Public,Neutral,4,No,College,Near,Female,68,Average Performer
5685,14,98,Medium,Medium,Yes,8,99,Low,Yes,0,High,Medium,Public,Neutral,3,No,High School,Near,Male,69,Average Performer
5686,24,85,Medium,Medium,Yes,10,83,Low,Yes,1,Medium,High,Public,Positive,4,No,College,Moderate,Female,70,Average Performer
5687,15,93,High,Medium,Yes,9,96,Medium,Yes,1,Medium,Medium,Public,Negative,2,No,High School,Moderate,Female,69,Average Performer
5688,14,86,High,High,Yes,6,62,Medium,Yes,1,Medium,Medium,Private,Positive,2,No,High School,Near,Male,68,Average Performer
5689,11,94,Medium,Medium,No,9,66,Medium,No,2,Low,High,Private,Positive,2,No,High School,Moderate,Male,65,Average Performer
5690,17,98,Medium,High,Yes,7,68,Medium,Yes,1,Low,Medium,Public,Positive,4,No,College,Moderate,Male,70,Average Performer
5691,20,71,Medium,Low,Yes,6,92,High,Yes,1,Low,Medium,Private,Negative,4,No,College,Near,Male,65,Average Performer
5692,21,67,Medium,Low,No,6,61,Medium,Yes,0,Low,Medium,Private,Positive,3,No,High School,Moderate,Female,61,Average Performer
5693,26,79,Medium,Low,No,7,97,Medium,Yes,1,High,Medium,Private,Positive,2,No,High School,Near,Male,69,Average Performer
5694,23,88,Medium,Low,Yes,7,52,Medium,Yes,0,Medium,Low,Public,Neutral,4,No,High School,Near,Male,67,Average Performer
5695,19,69,Medium,Medium,Yes,9,94,Medium,Yes,1,Low,High,Public,Positive,3,No,High School,Moderate,Male,65,Average Performer
5696,19,60,Medium,Medium,No,8,73,High,Yes,3,Medium,Low,Private,Neutral,3,No,High School,Near,Male,63,Average Performer
5697,23,74,Medium,High,Yes,6,76,Medium,Yes,0,Medium,High,Private,Negative,4,No,High School,Near,Male,67,Average Performer
5698,28,99,High,Low,No,5,100,Medium,Yes,6,Medium,Medium,Private,Neutral,5,No,High School,Moderate,Female,76,Top Performer
5699,21,88,Medium,Medium,No,8,94,Medium,Yes,0,Medium,High,Public,Neutral,3,No,College,Near,Male,70,Average Performer
5700,17,76,Medium,High,Yes,8,95,Low,Yes,1,Low,Medium,Private,Neutral,4,No,Postgraduate,Near,Female,67,Average Performer
5701,14,68,High,High,Yes,9,79,Low,Yes,2,Low,Medium,Private,Positive,4,No,College,Near,Female,66,Average Performer
5702,11,74,Medium,High,Yes,7,98,Low,Yes,1,Low,Medium,Public,Positive,2,No,High School,Near,Male,65,Average Performer
5703,24,67,Low,High,No,8,84,High,Yes,0,Low,Medium,Public,Neutral,1,No,College,Near,Female,65,Average Performer
5704,23,64,Low,Medium,No,8,91,Medium,Yes,2,Low,Medium,Public,Negative,3,No,High School,Far,Female,63,Average Performer
5705,23,96,Medium,High,Yes,5,86,Medium,Yes,3,Medium,High,Public,Neutral,3,Yes,,Near,Male,74,Average Performer
5706,19,100,Low,High,Yes,7,89,High,Yes,2,High,Low,Private,Neutral,3,No,College,Moderate,Male,72,Average Performer
5707,28,67,High,High,No,8,82,Low,Yes,1,High,Low,Public,Neutral,4,No,High School,Near,Female,68,Average Performer
5708,17,62,Medium,Low,No,8,86,High,Yes,2,Medium,Medium,Public,Neutral,4,No,High School,Moderate,Female,62,Average Performer
5709,26,73,Low,High,No,7,72,Medium,Yes,1,Low,Low,Private,Neutral,3,No,College,Far,Male,65,Average Performer
5710,20,78,High,Medium,Yes,10,85,Medium,Yes,1,High,High,Private,Negative,3,No,High School,Near,Male,69,Average Performer
5711,16,68,Medium,Low,Yes,10,64,Medium,Yes,2,High,Low,Public,Negative,2,No,High School,Moderate,Male,61,Average Performer
5712,24,72,Medium,Medium,Yes,7,82,High,Yes,2,Medium,Medium,Private,Positive,4,No,High School,Far,Male,67,Average Performer
5713,22,68,Medium,High,No,7,76,Medium,Yes,1,Medium,Medium,Public,Positive,4,No,High School,Near,Male,66,Average Performer
5714,22,91,Low,Medium,Yes,8,95,Medium,Yes,1,Low,High,Private,Neutral,2,No,High School,Near,Male,70,Average Performer
5715,20,89,Medium,High,No,7,84,Low,Yes,5,High,Medium,Public,Neutral,3,No,Postgraduate,Moderate,Male,72,Average Performer
5716,20,85,High,Low,Yes,9,80,Medium,Yes,3,Low,Medium,Private,Neutral,3,No,Postgraduate,Moderate,Male,69,Average Performer
5717,34,75,Low,Medium,Yes,5,66,Medium,Yes,0,Low,Medium,Private,Positive,3,No,High School,Near,Male,68,Average Performer
5718,27,96,Medium,Medium,No,7,93,Medium,Yes,2,Medium,Medium,Public,Neutral,2,No,College,Near,Male,74,Average Performer
5719,24,99,High,Medium,No,8,53,High,Yes,1,Low,Medium,Private,Neutral,3,Yes,High School,Near,Male,70,Average Performer
5720,21,67,Medium,Medium,Yes,9,95,High,Yes,1,Medium,Medium,Private,Positive,4,No,High School,Near,Male,67,Average Performer
5721,26,69,Medium,Medium,Yes,5,83,Medium,Yes,4,Medium,High,Private,Neutral,2,No,High School,Moderate,Female,68,Average Performer
5722,23,81,High,Low,No,6,59,Medium,Yes,2,High,High,Private,Neutral,1,No,Postgraduate,Near,Female,69,Average Performer
5723,20,64,High,Low,No,4,95,Medium,Yes,4,Medium,Medium,Public,Neutral,4,No,High School,Near,Male,66,Average Performer
5724,18,77,Medium,Low,No,6,66,High,Yes,3,Medium,High,Public,Positive,3,No,College,Moderate,Male,66,Average Performer
5725,20,83,High,High,Yes,5,58,Medium,Yes,1,Medium,Medium,Public,Neutral,3,No,High School,Near,Male,68,Average Performer
5726,1,81,Medium,Medium,Yes,8,66,Medium,Yes,1,Low,Medium,Public,Negative,2,No,College,Near,Male,60,Average Performer
5727,21,73,High,Medium,No,7,98,High,Yes,0,High,High,Public,Positive,4,Yes,Postgraduate,Near,Male,69,Average Performer
5728,17,82,High,Medium,No,7,88,Medium,Yes,1,Medium,Medium,Public,Negative,1,Yes,High School,Near,Male,66,Average Performer
5729,30,98,Medium,High,Yes,7,96,Medium,Yes,1,Medium,Medium,Private,Neutral,3,No,Postgraduate,Near,Female,77,Top Performer
5730,20,68,Medium,Low,No,9,65,Low,Yes,1,High,Medium,Public,Negative,5,No,College,Near,Male,63,Average Performer
5731,13,86,Medium,Low,Yes,5,54,Medium,Yes,3,High,High,Public,Neutral,3,Yes,College,Near,Male,66,Average Performer
5732,20,62,High,Medium,Yes,4,78,Medium,No,1,High,Medium,Private,Positive,4,No,High School,Moderate,Female,64,Average Performer
5733,14,63,High,High,No,8,74,Medium,Yes,1,Low,Medium,Private,Neutral,4,No,Postgraduate,Moderate,Female,63,Average Performer
5734,23,82,Low,Medium,Yes,6,86,Medium,Yes,0,High,Medium,Public,Neutral,4,No,High School,Near,Male,68,Average Performer
5735,22,64,High,Medium,No,5,77,Medium,Yes,1,High,Medium,Private,Negative,2,No,College,Near,Male,65,Average Performer
5736,26,61,High,Medium,Yes,8,70,Low,Yes,1,Medium,Medium,Private,Neutral,4,Yes,Postgraduate,Moderate,Male,65,Average Performer
5737,15,67,High,High,Yes,4,50,Low,Yes,0,Medium,,Public,Positive,1,No,College,Near,Male,64,Average Performer
5738,20,83,High,Medium,Yes,6,73,Medium,Yes,0,High,Medium,Public,Positive,3,No,College,Far,Male,68,Average Performer
5739,12,88,Low,Medium,Yes,4,56,Medium,Yes,0,Low,High,Private,Neutral,2,No,High School,Far,Male,62,Average Performer
5740,24,68,Medium,Medium,Yes,7,96,Medium,Yes,1,Low,High,Public,Positive,3,No,High School,Near,Male,67,Average Performer
5741,23,87,High,High,Yes,9,96,High,Yes,1,Medium,Medium,Private,Positive,1,No,College,Near,Female,73,Average Performer
5742,23,67,High,High,Yes,6,90,Medium,Yes,2,High,Medium,Private,Positive,3,No,High School,Near,Female,69,Average Performer
5743,20,85,Medium,Medium,No,6,58,Low,Yes,0,Low,Medium,Private,Negative,2,No,Postgraduate,Near,Male,65,Average Performer
5744,22,76,Medium,Medium,Yes,10,57,Medium,Yes,1,Medium,High,Private,Neutral,3,No,High School,Far,Male,66,Average Performer
5745,30,86,High,Medium,No,8,78,Medium,Yes,4,Medium,Low,Public,Positive,2,No,College,Far,Male,73,Average Performer
5746,18,100,High,Medium,Yes,10,86,Medium,Yes,1,Medium,Medium,Public,Neutral,3,No,High School,Near,Male,72,Average Performer
5747,21,98,Medium,Medium,Yes,7,95,Low,Yes,3,High,Low,Public,Neutral,1,No,High School,Near,Male,72,Average Performer
5748,13,60,Low,High,Yes,7,95,Medium,Yes,1,Low,Medium,Private,Positive,1,No,High School,Near,Female,61,Average Performer
5749,15,95,High,Medium,Yes,9,58,Low,Yes,2,Low,High,Private,Neutral,3,No,High School,Near,Female,69,Average Performer
5750,21,63,High,Medium,No,7,100,Medium,Yes,1,High,Medium,Private,Neutral,2,No,Postgraduate,Moderate,Female,66,Average Performer
5751,27,98,High,High,No,7,58,Medium,Yes,1,High,Medium,Public,Positive,3,No,Postgraduate,Far,Female,74,Average Performer
5752,18,71,High,Low,Yes,4,92,Medium,Yes,1,Low,Medium,Public,Negative,4,Yes,College,Near,Female,64,Average Performer
5753,19,75,Medium,High,Yes,10,79,Medium,Yes,1,Medium,Medium,Public,Neutral,2,No,High School,Near,Female,66,Average Performer
5754,18,64,High,Medium,Yes,8,84,Medium,No,2,Medium,Medium,Public,Neutral,3,No,College,Near,Female,64,Average Performer
5755,17,64,High,High,No,7,80,Low,Yes,3,Medium,Medium,Private,Positive,4,No,High School,Near,Male,66,Average Performer
5756,22,89,Medium,High,No,8,93,Medium,Yes,2,High,Low,Private,Neutral,5,No,High School,Near,Male,72,Average Performer
5757,11,98,High,High,Yes,5,82,High,Yes,1,Medium,Medium,Private,Neutral,2,No,Postgraduate,Near,Male,71,Average Performer
5758,28,84,High,Medium,Yes,6,92,Medium,Yes,1,Medium,Medium,Public,Negative,3,Yes,High School,Near,Female,70,Average Performer
5759,16,89,High,Medium,Yes,8,58,Low,Yes,2,Low,Medium,Public,Neutral,3,No,College,Moderate,Male,67,Average Performer
5760,24,90,Medium,High,No,7,93,Low,Yes,1,Low,High,Public,Neutral,2,Yes,Postgraduate,Near,Male,71,Average Performer
5761,12,71,Medium,Low,No,8,100,Medium,Yes,2,High,Medium,Public,Neutral,3,Yes,College,Near,Male,63,Average Performer
5762,24,62,Medium,High,No,7,83,Low,Yes,1,Medium,Low,Public,Neutral,2,No,College,Moderate,Female,64,Average Performer
5763,24,60,Medium,Medium,Yes,8,99,Medium,Yes,2,Low,Low,Public,Neutral,1,No,High School,Moderate,Male,64,Average Performer
5764,22,74,Medium,Low,No,5,61,Medium,Yes,1,Low,Medium,Public,Positive,3,No,Postgraduate,Near,Female,65,Average Performer
5765,14,70,Medium,Medium,Yes,9,91,High,Yes,2,Medium,Medium,Public,Neutral,4,No,High School,Near,Female,65,Average Performer
5766,21,62,Medium,Low,No,6,58,Medium,Yes,2,Low,High,Private,Neutral,3,No,College,Moderate,Female,62,Average Performer
5767,13,67,High,High,Yes,7,76,Medium,Yes,2,Low,Medium,Private,Neutral,5,No,High School,Near,Male,65,Average Performer
5768,18,65,Medium,High,No,6,83,Low,Yes,1,Medium,High,Private,Neutral,2,No,High School,Near,Male,64,Average Performer
5769,26,97,Medium,Medium,Yes,7,83,Low,Yes,2,Low,Medium,Public,Positive,3,No,Postgraduate,Near,Male,74,Average Performer
5770,25,66,Medium,High,Yes,7,84,Low,Yes,2,High,Medium,Public,Positive,1,No,High School,Near,Male,67,Average Performer
5771,20,82,Low,Medium,No,8,66,Low,Yes,0,High,Medium,Public,Positive,2,No,Postgraduate,Near,Male,66,Average Performer
5772,14,84,High,High,No,8,99,Medium,No,3,Medium,High,Public,Neutral,4,No,Postgraduate,Near,Female,70,Average Performer
5773,24,82,Medium,High,No,8,50,Medium,Yes,0,Medium,Medium,Public,Positive,2,No,Postgraduate,Moderate,Male,68,Average Performer
5774,20,64,Medium,Medium,No,6,81,Medium,Yes,0,High,High,Public,Positive,1,No,,Moderate,Female,64,Average Performer
5775,6,73,Medium,Medium,No,8,93,Low,Yes,0,Low,Medium,Private,Neutral,1,Yes,High School,Far,Female,58,Average Performer
5776,25,62,Medium,Medium,Yes,7,95,Low,Yes,1,High,Medium,Public,Neutral,4,Yes,College,Near,Male,65,Average Performer
5777,20,76,Medium,High,Yes,7,86,Medium,Yes,2,Medium,Medium,Public,Negative,5,No,High School,Near,Female,68,Average Performer
5778,27,68,Low,Medium,No,8,79,Medium,Yes,2,Low,High,Private,Negative,1,Yes,Postgraduate,Moderate,Female,64,Average Performer
5779,13,82,Medium,High,No,5,73,Low,Yes,4,Low,Medium,Public,Negative,4,No,High School,Near,Male,66,Average Performer
5780,1,88,Medium,High,Yes,4,72,High,Yes,3,Medium,Medium,Private,Negative,2,No,College,Near,Male,92,Top Performer
5781,22,81,High,Medium,Yes,9,71,Medium,Yes,2,High,Low,Public,Negative,4,No,High School,Near,Male,69,Average Performer
5782,22,77,Medium,High,No,7,85,Low,Yes,2,Low,Medium,Public,Neutral,2,No,College,Near,Male,68,Average Performer
5783,10,75,Medium,Medium,No,8,87,Low,Yes,2,Medium,Medium,Public,Positive,4,Yes,High School,Near,Female,63,Average Performer
5784,14,94,Low,Medium,Yes,6,76,Medium,No,0,Low,Low,Public,Neutral,3,No,High School,Near,Male,64,Average Performer
5785,37,69,Medium,High,Yes,9,87,Medium,No,1,Low,Medium,Public,Negative,2,No,College,Far,Female,68,Average Performer
5786,18,89,Medium,Low,No,8,76,High,Yes,0,Low,Medium,Public,Positive,2,No,High School,Near,Male,67,Average Performer
5787,24,90,Low,Medium,Yes,7,55,Medium,Yes,1,High,Medium,Public,Negative,2,No,Postgraduate,Far,Male,68,Average Performer
5788,16,77,Medium,Medium,Yes,7,93,Medium,Yes,1,Low,Medium,Public,Positive,2,No,,Moderate,Male,66,Average Performer
5789,7,72,Medium,Medium,Yes,4,94,Medium,Yes,4,Medium,Medium,Private,Positive,4,No,Postgraduate,Near,Male,66,Average Performer
5790,19,79,Medium,High,Yes,8,63,Medium,Yes,4,Low,High,Public,Neutral,2,No,High School,Moderate,Male,68,Average Performer
5791,18,64,Medium,High,Yes,9,89,Low,Yes,1,Medium,High,Private,Neutral,3,No,High School,Moderate,Male,64,Average Performer
5792,18,62,High,Medium,Yes,7,76,Medium,Yes,2,Medium,Medium,Private,Negative,3,Yes,College,Near,Female,63,Average Performer
5793,19,64,Medium,Medium,Yes,7,56,Medium,Yes,0,Low,Medium,Private,Neutral,4,No,High School,Near,Female,62,Average Performer
5794,22,67,Medium,High,No,7,70,High,Yes,2,Low,Medium,Private,Positive,2,No,High School,Near,Male,66,Average Performer
5795,19,80,High,Medium,Yes,9,54,Medium,Yes,0,Low,Medium,Public,Negative,2,No,Postgraduate,Moderate,Male,65,Average Performer
5796,12,94,Medium,Low,Yes,9,89,Medium,Yes,1,Low,Low,Private,Negative,3,No,High School,Near,Male,66,Average Performer
5797,23,69,Medium,High,Yes,6,60,Medium,Yes,2,Low,High,Private,Negative,4,No,High School,Near,Male,66,Average Performer
5798,8,97,Medium,High,Yes,8,58,High,Yes,2,High,Medium,Public,Neutral,2,No,College,Near,Female,69,Average Performer
5799,8,98,Low,Medium,Yes,7,60,Medium,Yes,1,High,High,Private,Negative,3,No,Postgraduate,Near,Female,67,Average Performer
5800,24,98,Medium,High,No,8,61,Medium,Yes,6,Medium,High,Private,Positive,3,No,High School,Near,Female,75,Top Performer
5801,23,94,High,Medium,Yes,6,84,High,Yes,0,Low,High,Public,Neutral,3,No,Postgraduate,Near,Male,73,Average Performer
5802,20,75,Medium,Medium,Yes,9,82,High,Yes,0,Low,Low,Public,Positive,5,No,College,Moderate,Female,66,Average Performer
5803,12,63,Medium,Medium,No,8,56,Low,Yes,4,Medium,Medium,Public,Positive,4,No,College,Moderate,Male,61,Average Performer
5804,16,83,Medium,Medium,Yes,9,86,Medium,Yes,5,Low,High,Private,Negative,4,No,High School,Moderate,Female,68,Average Performer
5805,18,82,Medium,Medium,Yes,5,67,High,No,1,Medium,High,Public,Neutral,4,No,College,Near,Male,67,Average Performer
5806,10,94,Medium,High,No,5,73,Medium,Yes,1,Medium,Medium,Public,Negative,3,No,High School,Moderate,Male,66,Average Performer
5807,16,100,Medium,High,No,10,56,Medium,Yes,1,High,Medium,Public,Neutral,2,No,High School,Near,Female,69,Average Performer
5808,24,80,Medium,Medium,No,9,85,Low,Yes,3,Low,Medium,Public,Positive,4,No,High School,Near,Male,69,Average Performer
5809,29,74,Medium,High,Yes,6,69,Medium,Yes,1,Low,High,Private,Negative,1,No,College,Far,Female,67,Average Performer
5810,17,67,High,Medium,No,8,82,Medium,Yes,0,Medium,Medium,Public,Positive,4,No,High School,Near,Female,65,Average Performer
5811,25,60,Medium,Low,No,6,71,Low,Yes,2,High,Medium,Public,Positive,2,No,High School,Near,Male,63,Average Performer
5812,9,80,Medium,Low,Yes,4,52,Low,Yes,1,High,Medium,Public,Positive,2,No,Postgraduate,Near,Female,63,Average Performer
5813,24,82,Medium,Medium,No,4,85,Low,No,1,Low,Medium,Public,Negative,2,No,High School,Near,Male,66,Average Performer
5814,15,93,Medium,Medium,Yes,7,78,Low,Yes,0,Medium,Medium,Public,Negative,4,No,High School,Moderate,Male,66,Average Performer
5815,22,80,Medium,High,Yes,9,72,Low,Yes,2,Medium,Medium,Public,Neutral,4,No,College,Near,Female,69,Average Performer
5816,19,97,High,Medium,Yes,9,60,High,Yes,3,Medium,Medium,Public,Negative,4,No,Postgraduate,Moderate,Female,72,Average Performer
5817,28,85,Medium,Medium,Yes,9,81,Low,Yes,2,Low,Medium,Public,Neutral,3,No,High School,Near,Male,70,Average Performer
5818,15,94,Medium,High,Yes,8,64,Medium,Yes,2,Low,Medium,Public,Negative,1,No,College,Near,Male,68,Average Performer
5819,24,66,High,Medium,Yes,7,71,Low,Yes,1,Low,High,Public,Neutral,3,No,High School,Near,Male,66,Average Performer
5820,18,94,Low,Medium,Yes,9,53,Medium,Yes,3,Low,Medium,Public,Negative,3,No,College,Moderate,Female,67,Average Performer
5821,19,87,High,Medium,No,4,89,Medium,Yes,0,Low,Low,Public,Positive,5,Yes,Postgraduate,Moderate,Female,68,Average Performer
5822,19,67,Medium,Low,Yes,8,55,Medium,No,0,Medium,High,Private,Positive,4,No,High School,Near,Male,62,Average Performer
5823,15,68,Medium,High,No,5,95,High,Yes,1,Medium,Medium,Private,Positive,2,Yes,College,Near,Female,64,Average Performer
5824,20,97,High,Low,Yes,6,93,Low,Yes,1,High,High,Public,Positive,1,No,College,Far,Male,71,Average Performer
5825,20,61,High,Medium,No,8,99,Medium,Yes,0,Medium,High,Public,Neutral,4,No,College,Near,Male,65,Average Performer
5826,21,79,Medium,Medium,Yes,8,95,High,Yes,0,Medium,Medium,Public,Neutral,2,No,Postgraduate,Near,Female,69,Average Performer
5827,21,73,Medium,Medium,No,6,99,Medium,No,1,Low,Medium,Public,Neutral,5,No,High School,Near,Male,65,Average Performer
5828,25,87,Medium,Medium,No,8,94,High,Yes,0,Medium,High,Public,Positive,4,No,High School,Near,Male,71,Average Performer
5829,26,94,Low,Medium,No,8,56,Low,Yes,1,High,Medium,Public,Negative,2,No,College,Near,Female,69,Average Performer
5830,14,74,High,Medium,Yes,7,72,High,No,2,Medium,Medium,Private,Negative,3,No,College,Near,Male,65,Average Performer
5831,25,77,Low,Medium,Yes,7,54,Medium,Yes,2,Medium,Medium,Public,Neutral,1,No,College,Moderate,Male,66,Average Performer
5832,13,99,Medium,Medium,Yes,10,77,Low,Yes,0,Medium,High,Private,Negative,3,No,College,Moderate,Female,68,Average Performer
5833,24,91,High,High,Yes,7,76,Medium,Yes,0,Medium,Medium,Private,Positive,2,No,High School,Moderate,Female,72,Average Performer
5834,24,96,High,High,Yes,7,96,Medium,Yes,1,Medium,Medium,Public,Negative,3,No,High School,Near,Female,74,Average Performer
5835,9,78,Medium,Medium,No,7,98,Low,Yes,3,Low,Medium,Public,Positive,2,No,High School,Near,Male,64,Average Performer
5836,21,69,High,Low,Yes,7,63,Medium,Yes,0,Medium,Medium,Public,Positive,3,No,High School,Moderate,Male,64,Average Performer
5837,17,76,Medium,Medium,Yes,8,79,Low,No,1,Low,Medium,Public,Neutral,4,Yes,Postgraduate,Far,Female,63,Average Performer
5838,15,89,High,Low,No,9,73,High,Yes,2,Low,Low,Private,Neutral,2,No,High School,Near,Male,66,Average Performer
5839,28,64,Medium,Medium,Yes,7,77,Medium,Yes,1,High,Medium,Public,Positive,2,No,High School,Near,Male,67,Average Performer
5840,16,71,High,Low,Yes,6,77,Low,Yes,4,Medium,Medium,Public,Neutral,5,Yes,College,Moderate,Male,64,Average Performer
5841,15,62,Low,High,No,10,96,Low,Yes,0,Medium,High,Private,Positive,4,No,High School,Far,Male,62,Average Performer
5842,20,77,Medium,Low,Yes,7,95,High,Yes,0,Medium,,Public,Positive,1,No,High School,Far,Male,66,Average Performer
5843,24,93,Medium,High,No,4,56,Low,Yes,4,Low,High,Public,Negative,2,No,Postgraduate,Moderate,Female,71,Average Performer
5844,19,61,High,Low,Yes,10,67,Low,No,1,Medium,Medium,Public,Positive,6,No,Postgraduate,Near,Female,63,Average Performer
5845,27,87,High,Medium,Yes,9,88,Medium,Yes,1,Low,High,Public,Positive,4,Yes,College,Near,Male,72,Average Performer
5846,23,97,Medium,High,No,9,84,Low,Yes,1,High,Medium,Public,Positive,3,Yes,High School,Far,Female,71,Average Performer
5847,7,69,Low,Medium,No,9,82,Low,Yes,1,Medium,High,Private,Positive,3,No,Postgraduate,Near,Female,61,Average Performer
5848,17,88,Medium,High,Yes,10,100,Medium,Yes,1,Low,High,Public,Positive,2,No,Postgraduate,Near,Female,71,Average Performer
5849,17,99,Medium,Medium,No,5,67,Low,Yes,2,Medium,Medium,Private,Neutral,4,No,Postgraduate,Far,Male,69,Average Performer
5850,23,98,Medium,High,Yes,6,76,Low,Yes,3,Low,High,Public,Positive,3,No,,Near,Male,74,Average Performer
5851,4,69,Medium,High,Yes,6,99,Medium,Yes,0,Medium,High,Public,Neutral,2,No,High School,Moderate,Male,61,Average Performer
5852,35,64,Medium,Low,No,6,85,High,Yes,2,Medium,High,Private,Neutral,2,No,High School,Moderate,Male,68,Average Performer
5853,23,66,Medium,High,Yes,7,82,High,Yes,1,Medium,Medium,Public,Positive,2,No,High School,Near,Male,67,Average Performer
5854,21,88,High,Low,No,6,58,Medium,Yes,3,High,Medium,Private,Neutral,4,No,College,Near,Male,70,Average Performer
5855,27,89,Medium,Medium,No,5,62,Medium,Yes,0,Low,Medium,Public,Neutral,3,No,High School,Near,Male,69,Average Performer
5856,34,87,Medium,Low,No,6,69,High,Yes,3,Low,Medium,Private,Neutral,2,No,College,Moderate,Male,72,Average Performer
5857,25,73,Medium,Low,Yes,7,73,Medium,Yes,1,Medium,Medium,Public,Positive,2,No,High School,Near,Male,66,Average Performer
5858,26,67,Medium,Medium,No,9,75,Medium,Yes,2,Medium,Medium,Public,Positive,3,No,High School,Near,Male,67,Average Performer
5859,21,83,Medium,Medium,No,6,95,High,Yes,4,High,High,Public,Neutral,2,No,High School,Far,Female,70,Average Performer
5860,19,79,Medium,High,Yes,8,55,Medium,Yes,3,Medium,Medium,Private,Neutral,4,Yes,Postgraduate,Near,Male,68,Average Performer
5861,17,89,Low,Medium,Yes,5,62,High,Yes,2,Medium,Medium,Private,Positive,2,No,College,Near,Female,68,Average Performer
5862,15,78,Medium,High,No,4,57,High,Yes,2,Medium,High,Public,Negative,2,No,High School,Near,Female,65,Average Performer
5863,16,74,Medium,Low,Yes,7,87,Medium,Yes,0,Low,Low,Public,Positive,3,No,College,Near,Female,63,Average Performer
5864,12,72,Low,Low,Yes,6,99,High,Yes,0,Low,Medium,Public,Positive,4,No,College,Far,Female,62,Average Performer
5865,20,68,Medium,High,Yes,6,95,Medium,Yes,0,Low,Medium,Public,Positive,4,No,High School,Near,Female,66,Average Performer
5866,10,71,Medium,High,Yes,6,86,Medium,Yes,1,Medium,Low,Public,Negative,2,Yes,Postgraduate,Near,Male,62,Average Performer
5867,21,64,Low,High,Yes,6,51,Low,Yes,0,High,Low,Public,Negative,3,No,College,Moderate,Female,61,Average Performer
5868,20,74,Low,Medium,Yes,6,67,High,Yes,0,Medium,Medium,Private,Negative,4,Yes,College,Moderate,Female,63,Average Performer
5869,21,61,Medium,Medium,Yes,6,93,Low,Yes,3,Medium,High,Private,Neutral,3,No,,Near,Female,65,Average Performer
5870,17,67,High,Low,No,5,83,High,Yes,3,Low,Medium,Public,Positive,3,No,High School,Moderate,Male,64,Average Performer
5871,38,90,High,Medium,Yes,4,60,Low,Yes,2,Low,Medium,Public,Neutral,4,No,College,Moderate,Male,74,Average Performer
5872,28,73,Low,Medium,Yes,4,73,Medium,Yes,2,High,High,Public,Positive,2,No,Postgraduate,Near,Female,70,Average Performer
5873,13,87,Low,Medium,No,10,54,Low,Yes,2,Low,Medium,Public,Positive,2,No,,Moderate,Female,63,Average Performer
5874,21,89,Low,Medium,No,7,76,Medium,Yes,3,High,Medium,Public,Positive,2,No,High School,Far,Female,68,Average Performer
5875,16,83,Medium,High,Yes,9,95,Medium,Yes,2,Low,High,Public,Neutral,2,No,College,Near,Male,69,Average Performer
5876,14,98,Medium,High,Yes,7,52,High,Yes,1,Medium,High,Private,Negative,4,No,,Moderate,Male,70,Average Performer
5877,12,61,Medium,Medium,Yes,7,81,Medium,Yes,2,High,Medium,Public,Neutral,3,No,College,Far,Male,62,Average Performer
5878,23,90,High,Medium,Yes,7,62,Medium,Yes,3,Medium,Low,Private,Positive,2,No,Postgraduate,Moderate,Male,71,Average Performer
5879,16,98,Medium,Low,No,8,100,Low,Yes,2,Low,Medium,Public,Neutral,1,No,,Near,Male,69,Average Performer
5880,26,94,High,Low,Yes,5,53,Low,Yes,0,Low,High,Public,Neutral,2,No,High School,Near,Male,69,Average Performer
5881,26,67,Low,High,Yes,6,81,High,Yes,4,Low,High,Public,Neutral,3,Yes,College,Near,Male,68,Average Performer
5882,28,73,Low,Medium,Yes,7,63,Low,Yes,0,Low,Medium,Public,Positive,2,No,High School,Near,Male,65,Average Performer
5883,15,67,Medium,High,Yes,4,94,High,Yes,1,Medium,Medium,Private,Positive,5,No,High School,Far,Male,65,Average Performer
5884,23,84,Low,Low,Yes,9,56,Low,No,1,Medium,High,Public,Positive,4,No,High School,Near,Female,65,Average Performer
5885,24,88,High,High,No,9,71,Medium,Yes,2,High,High,Public,Negative,3,No,High School,Near,Female,72,Average Performer
5886,17,73,Medium,Low,No,4,59,High,Yes,2,Low,High,Private,Negative,4,No,High School,Moderate,Female,63,Average Performer
5887,15,82,Medium,High,Yes,6,90,High,No,2,High,Medium,Public,Positive,2,No,High School,Near,Male,68,Average Performer
5888,30,88,Medium,Medium,Yes,7,68,Low,Yes,1,Medium,High,Public,Positive,3,No,College,Near,Female,72,Average Performer
5889,21,77,Medium,Low,Yes,8,59,Medium,Yes,3,Low,Medium,Private,Positive,2,No,High School,Near,Male,66,Average Performer
5890,24,94,Low,Medium,No,9,86,High,Yes,2,Low,Medium,Public,Neutral,3,No,College,Near,Female,71,Average Performer
5891,15,91,Medium,Low,Yes,6,91,Low,Yes,0,Medium,Medium,Public,Positive,3,No,College,Moderate,Female,67,Average Performer
5892,13,63,Medium,Medium,No,10,73,Low,Yes,2,Low,High,Public,Negative,3,No,Postgraduate,Moderate,Male,61,Average Performer
5893,17,85,High,High,Yes,7,69,Medium,Yes,4,Low,High,Private,Neutral,2,No,High School,Near,Female,70,Average Performer
5894,19,69,Medium,Medium,Yes,7,82,Low,No,2,Low,,Public,Neutral,3,No,College,Near,Male,64,Average Performer
5895,14,82,Medium,Medium,Yes,8,83,Medium,Yes,0,Medium,Medium,Public,Negative,2,No,High School,Moderate,Male,64,Average Performer
5896,20,98,Low,High,Yes,7,83,Medium,No,0,Low,Medium,Public,Neutral,3,No,High School,Far,Female,68,Average Performer
5897,10,95,High,Medium,No,7,64,High,Yes,4,Low,Medium,Private,Positive,3,No,Postgraduate,Near,Male,70,Average Performer
5898,13,76,Low,Medium,Yes,10,97,High,Yes,4,Low,Low,Public,Neutral,3,No,College,Moderate,Male,65,Average Performer
5899,24,72,High,High,No,7,61,Medium,Yes,3,Low,Medium,Private,Neutral,2,No,High School,Near,Female,67,Average Performer
5900,24,69,Medium,Low,Yes,6,69,Medium,Yes,0,Low,High,Private,Neutral,4,No,College,Near,Male,65,Average Performer
5901,18,81,Low,Medium,Yes,6,64,Medium,Yes,1,Medium,Medium,Public,Positive,4,No,High School,Moderate,Female,65,Average Performer
5902,14,65,Medium,High,Yes,9,97,Low,Yes,3,Low,High,Public,Positive,4,No,High School,Near,Female,65,Average Performer
5903,14,82,High,Low,Yes,8,91,High,Yes,1,Low,Medium,Public,Negative,2,No,High School,Near,Male,66,Average Performer
5904,18,60,Medium,High,No,5,91,Low,Yes,2,Low,Medium,Public,Negative,4,Yes,High School,Near,Male,62,Average Performer
5905,24,73,Medium,Medium,Yes,5,50,Low,Yes,1,Low,Medium,Public,Negative,2,No,High School,Near,Male,63,Average Performer
5906,26,69,Low,Low,Yes,7,84,Medium,Yes,0,Medium,Medium,Private,Neutral,3,Yes,High School,Moderate,Male,63,Average Performer
5907,17,99,Medium,Medium,Yes,8,62,Medium,Yes,3,Medium,Medium,Private,Neutral,3,No,High School,Near,Male,70,Average Performer
5908,13,89,Low,High,Yes,6,98,Medium,Yes,0,Medium,Medium,Private,Negative,4,No,High School,Near,Male,67,Average Performer
5909,22,74,High,High,No,4,77,Low,Yes,0,High,Medium,Private,Negative,3,Yes,High School,Near,Male,66,Average Performer
5910,15,64,High,Medium,No,5,78,Medium,Yes,2,Low,Medium,Public,Positive,2,No,High School,Moderate,Male,63,Average Performer
5911,17,81,High,Low,Yes,9,68,High,Yes,1,Low,Low,Private,Positive,3,No,College,Near,Female,66,Average Performer
5912,28,69,Low,Medium,No,8,77,Medium,Yes,3,Medium,Medium,Public,Neutral,4,No,College,Moderate,Female,67,Average Performer
5913,25,81,Medium,Medium,No,9,87,Low,Yes,1,Low,High,Private,Negative,1,No,Postgraduate,Moderate,Female,68,Average Performer
5914,21,93,Low,High,Yes,9,78,Low,Yes,1,Medium,Low,Public,Neutral,2,Yes,High School,Far,Male,67,Average Performer
5915,12,85,Medium,High,Yes,6,82,Medium,Yes,1,High,Medium,Public,Neutral,2,No,High School,Far,Male,66,Average Performer
5916,21,85,High,High,Yes,6,74,Medium,Yes,2,Medium,Medium,Public,Neutral,4,No,High School,Near,Female,71,Average Performer
5917,26,82,Medium,Medium,Yes,7,86,Medium,Yes,0,Low,High,Public,Neutral,2,Yes,Postgraduate,Near,Male,69,Average Performer
5918,18,97,High,Low,Yes,8,95,High,Yes,1,Medium,Medium,Public,Positive,2,No,Postgraduate,Moderate,Male,72,Average Performer
5919,28,97,High,Low,Yes,9,53,Low,Yes,0,Low,Medium,Private,Negative,3,No,College,Moderate,Female,70,Average Performer
5920,28,81,Medium,Medium,Yes,10,55,Medium,Yes,2,Medium,Low,Private,Neutral,3,No,High School,Near,Male,68,Average Performer
5921,30,72,Medium,Medium,No,8,84,Medium,Yes,1,Low,High,Private,Positive,1,No,High School,Near,Male,68,Average Performer
5922,22,78,Low,High,Yes,8,69,High,Yes,2,Low,Medium,Public,Negative,2,No,High School,Near,Female,67,Average Performer
5923,24,67,Medium,Medium,No,10,64,Low,Yes,1,Low,Medium,Public,Positive,2,Yes,College,Far,Female,62,Average Performer
5924,28,85,Medium,Low,No,7,59,Low,Yes,1,Low,Medium,Public,Neutral,3,No,Postgraduate,Far,Male,67,Average Performer
5925,23,80,High,Medium,No,9,79,Medium,Yes,1,Medium,High,Public,Negative,2,No,Postgraduate,Near,Male,69,Average Performer
5926,17,64,Medium,High,Yes,8,67,Medium,Yes,3,Low,Medium,Public,Negative,3,No,College,Near,Male,64,Average Performer
5927,17,68,Medium,High,Yes,8,75,Medium,Yes,2,Low,High,Private,Positive,3,No,College,Near,Female,66,Average Performer
5928,21,79,High,Low,Yes,7,98,High,Yes,2,Low,Medium,Public,Positive,1,No,High School,Near,Male,69,Average Performer
5929,12,96,High,High,No,5,88,High,Yes,0,Medium,Medium,Private,Positive,2,No,College,Moderate,Female,70,Average Performer
5930,19,83,High,Medium,No,8,90,Low,Yes,3,Low,Medium,Public,Positive,3,No,College,Moderate,Female,69,Average Performer
5931,27,87,Medium,Medium,Yes,8,56,Medium,Yes,3,Medium,High,Public,Neutral,3,No,Postgraduate,Near,Male,72,Average Performer
5932,7,74,Medium,Medium,Yes,6,66,Low,Yes,1,Low,High,Private,Positive,2,No,High School,Near,Female,61,Average Performer
5933,29,83,Medium,Medium,No,7,55,High,Yes,2,Low,Low,Private,Negative,4,No,High School,Near,Female,68,Average Performer
5934,27,78,Medium,Medium,No,6,98,Low,Yes,1,Medium,Medium,Public,Positive,3,No,High School,Far,Male,68,Average Performer
5935,17,86,Low,Medium,No,6,84,High,Yes,0,Medium,Medium,Private,Neutral,3,No,High School,Near,Female,66,Average Performer
5936,23,62,Medium,Medium,No,6,51,Medium,Yes,5,High,Medium,Public,Negative,2,No,College,Near,Male,65,Average Performer
5937,20,80,High,Low,Yes,5,74,Medium,Yes,2,Low,Low,Public,Negative,4,No,College,Moderate,Female,66,Average Performer
5938,27,72,Medium,Medium,No,6,63,Medium,Yes,1,High,Medium,Private,Negative,5,No,College,Moderate,Female,67,Average Performer
5939,26,73,Medium,High,No,8,77,Medium,Yes,0,Medium,High,Private,Positive,2,No,College,Far,Male,68,Average Performer
5940,12,98,Low,Medium,No,9,59,Low,Yes,1,High,Medium,Public,Neutral,2,No,Postgraduate,Near,Female,67,Average Performer
5941,24,67,Low,Medium,Yes,10,53,Medium,Yes,0,Medium,Medium,Public,Positive,3,Yes,College,Near,Female,63,Average Performer
5942,19,72,Medium,Low,No,6,66,Medium,Yes,0,Medium,High,Private,Neutral,2,No,Postgraduate,Near,Male,64,Average Performer
5943,20,80,Medium,Low,No,9,65,High,Yes,1,Medium,Medium,Private,Positive,3,No,College,Far,Male,66,Average Performer
5944,16,95,High,Medium,Yes,8,86,Medium,Yes,0,Low,Low,Public,Positive,4,No,High School,Moderate,Male,69,Average Performer
5945,30,77,Medium,Low,Yes,7,74,Medium,Yes,3,High,Medium,Private,Neutral,3,No,Postgraduate,Moderate,Male,70,Average Performer
5946,26,90,Medium,Medium,No,8,65,High,Yes,3,Medium,High,Private,Positive,2,No,High School,Near,Female,72,Average Performer
5947,16,94,Medium,High,No,9,79,High,Yes,2,High,,Public,Positive,5,No,High School,Moderate,Female,71,Average Performer
5948,12,72,Medium,Medium,Yes,6,54,Low,Yes,3,Low,Medium,Public,Positive,2,No,Postgraduate,Near,Male,63,Average Performer
5949,18,76,High,High,No,6,83,Medium,Yes,1,High,Medium,Public,Neutral,4,No,High School,Near,Male,68,Average Performer
5950,23,74,Medium,High,Yes,6,57,Low,No,1,High,High,Private,Neutral,3,No,College,Near,Male,67,Average Performer
5951,21,93,Medium,Low,No,6,64,Medium,Yes,2,Low,Medium,Public,Positive,4,No,Postgraduate,Moderate,Male,69,Average Performer
5952,28,62,Medium,Medium,No,9,64,High,Yes,1,Low,Medium,Private,Negative,2,No,Postgraduate,Near,Male,65,Average Performer
5953,25,72,High,Low,Yes,6,73,High,Yes,4,Medium,High,Public,Neutral,4,No,College,Moderate,Male,69,Average Performer
5954,26,87,Medium,Medium,No,6,98,High,Yes,0,Medium,High,Public,Negative,4,No,College,Moderate,Male,71,Average Performer
5955,22,83,Medium,Low,Yes,7,66,Medium,Yes,2,Medium,Medium,Private,Neutral,3,No,High School,Near,Female,67,Average Performer
5956,12,77,Low,Medium,No,7,64,Low,Yes,2,High,High,Public,Positive,4,No,College,Moderate,Female,64,Average Performer
5957,19,82,High,Medium,Yes,6,58,Low,Yes,2,Medium,High,Private,Positive,3,No,College,Near,Female,68,Average Performer
5958,26,68,High,Low,Yes,10,70,Medium,Yes,1,Low,Medium,Public,Positive,3,No,College,Near,Male,67,Average Performer
5959,20,77,Low,Low,No,6,59,Low,Yes,1,High,Medium,Public,Negative,2,No,High School,Moderate,Female,62,Average Performer
5960,23,80,High,Medium,No,7,57,Low,Yes,2,Medium,High,Public,Negative,2,No,Postgraduate,Moderate,Female,68,Average Performer
5961,18,96,Medium,Medium,Yes,4,93,Medium,Yes,0,Medium,High,Public,Positive,4,No,College,Near,Female,72,Average Performer
5962,14,70,Medium,High,Yes,7,53,Low,Yes,0,Medium,Medium,Public,Negative,3,No,High School,Moderate,Male,61,Average Performer
5963,19,95,Low,Low,Yes,5,86,Medium,Yes,0,High,Medium,Public,Negative,4,No,High School,Moderate,Male,67,Average Performer
5964,22,86,High,Medium,No,6,60,High,Yes,0,High,High,Public,Neutral,3,No,Postgraduate,Near,Male,70,Average Performer
5965,16,61,Low,Medium,Yes,4,51,Low,Yes,1,Low,Medium,Public,Neutral,3,No,High School,Near,Male,59,Average Performer
5966,19,89,High,Medium,Yes,6,90,High,Yes,0,Low,High,Private,Negative,4,No,College,Moderate,Female,70,Average Performer
5967,14,61,Low,Medium,No,7,85,High,Yes,1,Low,Medium,Public,Neutral,1,No,High School,Near,Female,60,Average Performer
5968,27,100,High,Medium,No,7,67,Medium,Yes,1,High,High,Public,Neutral,3,No,College,Moderate,Male,74,Average Performer
5969,18,95,Low,High,Yes,6,54,High,Yes,0,Medium,High,Private,Negative,3,No,College,Moderate,Male,68,Average Performer
5970,29,72,Medium,Medium,No,7,68,Low,Yes,0,Low,Medium,Public,Positive,3,No,College,Near,Female,67,Average Performer
5971,29,70,Medium,Low,No,6,59,High,Yes,2,Medium,Medium,Private,Neutral,4,No,Postgraduate,Far,Male,67,Average Performer
5972,20,75,Low,Medium,Yes,7,97,High,Yes,0,Medium,Medium,Public,Neutral,2,No,College,,Female,66,Average Performer
5973,14,74,Medium,Medium,No,7,76,High,Yes,1,Low,High,Public,Neutral,2,No,High School,Far,Female,63,Average Performer
5974,7,75,Medium,Medium,No,7,98,Low,No,1,Low,High,Public,Positive,3,No,College,Near,Male,62,Average Performer
5975,11,73,High,Low,Yes,7,68,High,Yes,3,Low,High,Private,Neutral,3,No,College,Moderate,Female,64,Average Performer
5976,12,85,Medium,Medium,Yes,6,78,High,Yes,3,Medium,Medium,Public,Neutral,4,No,College,Near,Male,68,Average Performer
5977,28,67,Medium,Medium,No,8,60,High,Yes,0,Medium,Medium,Public,Positive,3,No,High School,Moderate,Female,65,Average Performer
5978,21,94,Medium,Low,Yes,8,90,Low,Yes,1,Medium,Medium,Public,Positive,4,No,Postgraduate,Near,Female,71,Average Performer
5979,22,92,Medium,Medium,Yes,7,52,Low,No,1,Medium,Medium,Private,Negative,3,No,Postgraduate,Near,Female,68,Average Performer
5980,7,79,Low,High,Yes,9,85,Medium,Yes,0,Medium,Medium,Public,Negative,2,No,High School,Near,Male,62,Average Performer
5981,13,94,High,High,Yes,7,70,Medium,Yes,1,Medium,Medium,Private,Negative,3,No,High School,Moderate,Male,68,Average Performer
5982,25,70,Medium,Medium,Yes,7,79,Low,Yes,3,High,Medium,Public,Neutral,3,No,High School,Near,Male,68,Average Performer
5983,22,61,High,Medium,Yes,7,80,High,Yes,3,Medium,High,Public,Neutral,3,No,Postgraduate,Moderate,Male,67,Average Performer
5984,19,85,Medium,Medium,Yes,7,86,Medium,Yes,0,Low,Medium,Public,Positive,2,No,College,Moderate,Female,67,Average Performer
5985,23,78,High,High,Yes,6,60,Medium,Yes,2,High,High,Public,Positive,4,No,High School,Far,Male,70,Average Performer
5986,30,83,Low,Medium,Yes,4,77,Medium,Yes,0,Low,Medium,Public,Neutral,4,No,High School,Near,Female,69,Average Performer
5987,19,96,Low,Medium,No,7,71,Medium,Yes,2,Low,High,Private,Positive,3,No,Postgraduate,Moderate,Male,70,Average Performer
5988,20,99,Medium,Low,No,8,64,Low,Yes,1,High,Medium,Public,Positive,2,No,High School,Near,Male,69,Average Performer
5989,21,85,High,Medium,Yes,5,75,Low,Yes,1,High,High,Public,Positive,2,No,High School,Moderate,Female,70,Average Performer
5990,34,91,Medium,Low,No,9,98,Medium,Yes,0,Medium,Medium,Public,Neutral,4,No,,Moderate,Male,72,Average Performer
5991,7,63,Low,Medium,No,5,97,Medium,Yes,1,Low,Medium,Public,Neutral,2,No,High School,Near,Female,59,Average Performer
5992,24,66,Medium,Medium,No,6,64,Medium,No,0,Medium,High,Public,Neutral,4,No,High School,Near,Male,64,Average Performer
5993,19,89,High,High,Yes,10,94,Medium,Yes,0,High,Medium,Private,Neutral,1,No,College,Near,Female,72,Average Performer
5994,23,77,Low,High,Yes,8,94,Medium,Yes,0,High,Medium,Private,Positive,3,No,Postgraduate,Near,Male,70,Average Performer
5995,16,78,Low,High,No,7,62,Medium,Yes,0,High,High,Public,Negative,1,No,High School,Far,Female,63,Average Performer
5996,20,72,High,Medium,Yes,7,80,Medium,Yes,1,Low,High,Private,Negative,3,No,College,Near,Male,66,Average Performer
5997,24,84,High,High,No,9,93,Medium,Yes,3,High,Medium,Public,Neutral,4,No,High School,Far,Male,72,Average Performer
5998,39,67,High,High,Yes,5,76,Medium,No,2,Medium,Medium,Private,Negative,4,No,,Near,Female,71,Average Performer
5999,25,85,High,High,No,9,68,Medium,Yes,1,High,Medium,Public,Negative,3,No,Postgraduate,Far,Female,71,Average Performer
6000,15,67,Low,Medium,Yes,6,83,Low,Yes,3,Medium,Low,Public,Positive,3,No,High School,Moderate,Male,62,Average Performer
6001,17,63,Medium,Medium,Yes,8,59,Medium,Yes,1,Low,High,Public,Positive,1,No,Postgraduate,Moderate,Male,62,Average Performer
6002,17,73,Medium,Low,No,6,58,Medium,Yes,4,Medium,Medium,Public,Positive,1,No,College,Near,Male,64,Average Performer
6003,9,69,High,High,Yes,10,92,Medium,Yes,2,Low,Medium,Private,Neutral,3,No,Postgraduate,Near,Male,65,Average Performer
6004,18,96,High,Low,Yes,7,52,Low,Yes,1,Low,Medium,Private,Neutral,4,No,College,Near,Female,68,Average Performer
6005,24,62,High,Medium,Yes,5,90,Low,Yes,0,High,Medium,Private,Positive,3,No,College,Near,Male,67,Average Performer
6006,12,67,Medium,Medium,Yes,8,65,Low,Yes,1,High,Medium,Public,Neutral,3,No,High School,Moderate,Male,61,Average Performer
6007,26,82,Low,Low,Yes,9,74,High,Yes,2,Medium,Medium,Public,Negative,5,No,High School,Moderate,Female,68,Average Performer
6008,23,79,Medium,High,No,9,77,Medium,Yes,1,Low,High,Public,Neutral,3,No,High School,Near,Male,68,Average Performer
6009,16,62,Medium,Medium,No,7,88,Medium,Yes,1,Low,High,Public,Neutral,1,No,High School,Near,Female,62,Average Performer
6010,19,60,Medium,Low,No,8,94,High,Yes,1,Low,Low,Private,Neutral,3,No,High School,Near,Female,62,Average Performer
6011,30,100,High,High,Yes,6,90,Low,Yes,0,Medium,Low,Public,Positive,2,Yes,High School,Near,Male,74,Average Performer
6012,24,86,Medium,Medium,Yes,8,79,Medium,No,0,Low,Medium,Public,Neutral,4,No,High School,Near,Female,68,Average Performer
6013,20,75,Low,High,No,8,67,Medium,Yes,1,High,Low,Public,Positive,4,No,College,Moderate,Male,66,Average Performer
6014,19,79,Medium,Medium,No,4,76,High,Yes,1,Medium,Medium,Private,Neutral,3,No,,Near,Male,67,Average Performer
6015,20,71,High,Medium,No,5,52,High,Yes,1,Medium,High,Public,Neutral,3,No,High School,Moderate,Male,65,Average Performer
6016,17,74,Medium,Medium,Yes,7,62,Medium,Yes,2,High,Medium,Public,Positive,4,No,High School,Near,Male,66,Average Performer
6017,7,86,High,Medium,No,7,68,Medium,Yes,5,Low,Medium,Public,Positive,4,No,Postgraduate,Moderate,Male,67,Average Performer
6018,32,95,Medium,Medium,Yes,7,66,High,Yes,5,High,Medium,Private,Negative,3,No,College,Near,Male,76,Top Performer
6019,21,67,Low,High,Yes,7,55,High,Yes,2,High,High,Private,Positive,3,No,High School,Moderate,Female,66,Average Performer
6020,22,94,Low,Low,No,9,53,High,Yes,1,Medium,High,Public,Neutral,3,No,College,Near,Female,68,Average Performer
6021,20,65,High,Medium,Yes,8,71,Low,Yes,2,Low,Medium,Private,Neutral,3,Yes,College,Near,Female,63,Average Performer
6022,16,69,Medium,High,Yes,4,54,Medium,Yes,4,Low,Low,Public,Positive,4,No,College,Near,Female,65,Average Performer
6023,19,61,High,Medium,No,10,64,Medium,Yes,3,Low,Medium,Public,Positive,3,No,High School,Moderate,Male,63,Average Performer
6024,10,66,Medium,Medium,No,4,74,Low,Yes,2,Low,Medium,Public,Negative,2,No,High School,Moderate,Male,59,Average Performer
6025,34,97,Medium,Medium,No,8,60,Medium,Yes,2,Medium,Medium,Private,Neutral,4,No,High School,Near,Male,74,Average Performer
6026,13,78,Medium,Low,Yes,5,54,Low,Yes,2,Low,High,Public,Positive,3,Yes,College,Near,Male,62,Average Performer
6027,14,63,Low,Low,Yes,9,72,Medium,Yes,3,Low,Low,Public,Positive,4,Yes,High School,Near,Female,59,Average Performer
6028,17,98,Medium,High,Yes,7,72,High,Yes,0,Low,Medium,Public,Positive,3,No,High School,Near,Male,71,Average Performer
6029,28,95,Medium,Medium,No,8,96,Medium,Yes,1,Medium,Medium,Public,Neutral,3,No,Postgraduate,Moderate,Male,73,Average Performer
6030,20,90,High,Medium,Yes,4,56,Medium,Yes,0,Low,High,Private,Positive,1,No,High School,Moderate,Male,68,Average Performer
6031,13,97,Medium,Medium,Yes,8,81,Medium,Yes,3,Low,Medium,Public,Neutral,1,No,High School,Far,Male,68,Average Performer
6032,28,69,Medium,Medium,Yes,8,66,Medium,Yes,0,Low,Medium,Public,Positive,6,No,College,Far,Male,66,Average Performer
6033,24,93,Low,High,Yes,8,56,Medium,Yes,1,Low,Medium,Public,Neutral,3,No,College,Moderate,Male,69,Average Performer
6034,23,88,Medium,Medium,No,8,70,Medium,Yes,2,Medium,High,Public,Neutral,4,No,High School,Near,Female,70,Average Performer
6035,24,95,Medium,High,Yes,7,71,High,Yes,1,Medium,High,Public,Positive,3,No,High School,Near,Male,74,Average Performer
6036,34,92,High,Medium,No,7,68,Low,Yes,0,Medium,High,Public,Positive,5,No,College,Near,Female,75,Top Performer
6037,33,74,Medium,Medium,Yes,6,88,Medium,Yes,2,Medium,Medium,Private,Neutral,3,No,College,Near,Male,71,Average Performer
6038,16,91,High,High,Yes,6,92,Low,Yes,2,Low,High,Private,Positive,3,No,High School,Moderate,Male,71,Average Performer
6039,30,70,Medium,Medium,No,9,57,Medium,Yes,1,Low,Medium,Public,Negative,4,No,College,Far,Female,65,Average Performer
6040,22,73,Low,Medium,No,6,58,High,Yes,1,Medium,Medium,Private,Positive,3,No,Postgraduate,Moderate,Male,65,Average Performer
6041,23,64,Medium,High,No,4,71,Low,Yes,2,Medium,Medium,Public,Negative,1,No,Postgraduate,Near,Male,65,Average Performer
6042,10,97,Medium,Medium,No,6,66,Medium,Yes,2,Low,Medium,Public,Neutral,2,No,Postgraduate,Near,Female,67,Average Performer
6043,19,72,Medium,Medium,Yes,8,91,High,Yes,1,Low,Medium,Private,Positive,4,No,,Moderate,Male,67,Average Performer
6044,15,81,Medium,Medium,Yes,7,100,Medium,Yes,1,Low,Medium,Public,Neutral,3,No,Postgraduate,Moderate,Male,67,Average Performer
6045,25,76,High,High,Yes,8,59,Medium,Yes,4,Medium,Medium,Private,Neutral,4,No,College,Near,Female,71,Average Performer
6046,26,98,High,Low,No,4,88,Low,Yes,1,Medium,High,Public,Neutral,1,No,College,Moderate,Female,72,Average Performer
6047,8,73,Medium,High,Yes,4,80,Low,Yes,0,Low,High,Public,Neutral,4,No,College,Moderate,Male,62,Average Performer
6048,20,91,High,Low,Yes,7,82,Medium,Yes,0,Medium,Medium,Public,Neutral,4,No,College,Near,Male,70,Average Performer
6049,27,94,Medium,High,No,9,63,High,Yes,0,Low,Medium,Public,Neutral,4,No,College,Near,Female,72,Average Performer
6050,19,77,Low,Medium,Yes,4,55,Medium,Yes,0,Medium,Low,Public,Positive,4,No,College,Moderate,Male,64,Average Performer
6051,24,75,High,Low,Yes,8,77,High,Yes,1,Low,Medium,Private,Negative,1,No,College,Moderate,Male,66,Average Performer
6052,22,90,Low,Medium,Yes,9,81,Medium,Yes,0,Medium,Medium,Public,Neutral,4,No,High School,Near,Male,69,Average Performer
6053,22,97,High,Medium,No,7,98,High,Yes,0,Medium,Medium,Public,Negative,0,No,College,Moderate,Female,71,Average Performer
6054,18,90,Medium,Low,No,8,84,High,Yes,2,Low,High,Private,Positive,3,No,High School,Moderate,Male,68,Average Performer
6055,13,69,Medium,Medium,Yes,7,72,Low,Yes,2,High,Medium,Public,Positive,2,No,High School,Moderate,Female,63,Average Performer
6056,13,96,Medium,High,Yes,7,100,Medium,No,4,Medium,High,Public,Negative,3,No,High School,Near,Male,71,Average Performer
6057,24,76,High,Low,Yes,8,69,Low,Yes,3,Low,Medium,Private,Negative,1,No,High School,,Male,65,Average Performer
6058,20,83,Low,High,Yes,10,58,Medium,Yes,0,Low,High,Public,Neutral,1,No,High School,Near,Female,66,Average Performer
6059,19,93,Low,Low,Yes,6,81,Medium,Yes,2,High,Medium,Private,Positive,3,Yes,College,Moderate,Female,68,Average Performer
6060,17,68,Medium,Medium,Yes,7,63,Medium,No,0,Low,Medium,Public,Neutral,3,No,High School,Moderate,Male,61,Average Performer
6061,18,91,Low,High,No,6,96,Medium,Yes,2,Low,Medium,Private,Positive,3,No,Postgraduate,Near,Male,71,Average Performer
6062,26,84,Medium,High,Yes,7,71,Medium,Yes,0,Medium,Medium,Public,Neutral,2,No,High School,Near,Female,70,Average Performer
6063,18,96,High,Low,No,7,57,Low,Yes,1,Low,Medium,Public,Negative,3,No,High School,Moderate,Female,66,Average Performer
6064,12,67,High,Medium,Yes,9,57,Low,Yes,0,Low,Medium,Private,Positive,2,No,College,Moderate,Male,61,Average Performer
6065,24,77,High,Low,Yes,9,82,Low,Yes,1,Medium,Medium,Private,Neutral,2,No,High School,Near,Male,67,Average Performer
6066,19,93,High,Medium,Yes,8,68,Medium,Yes,1,High,High,Public,Positive,3,No,Postgraduate,Near,Female,72,Average Performer
6067,20,61,High,High,No,9,68,Medium,Yes,1,High,Low,Private,Positive,3,No,High School,Near,Female,65,Average Performer
6068,30,64,High,Medium,No,6,81,Low,Yes,3,Medium,Medium,Public,Negative,2,No,College,Near,Female,68,Average Performer
6069,20,100,Low,Medium,Yes,6,61,High,No,3,Medium,Medium,Public,Positive,4,No,College,Far,Male,70,Average Performer
6070,22,71,Medium,Low,Yes,8,57,Medium,Yes,1,Low,High,Public,Negative,4,No,High School,Moderate,Male,63,Average Performer
6071,13,99,High,Low,No,7,83,Medium,Yes,1,Medium,Medium,Public,Neutral,4,No,Postgraduate,Far,Female,69,Average Performer
6072,19,67,Medium,Low,No,10,50,Medium,Yes,0,High,Medium,Public,Positive,3,No,High School,Near,Male,62,Average Performer
6073,24,74,High,High,No,4,95,High,Yes,1,High,Medium,Public,Neutral,4,No,Postgraduate,Moderate,Female,71,Average Performer
6074,11,90,Low,Low,Yes,8,59,Low,Yes,1,Low,High,Public,Positive,4,No,High School,Near,Male,64,Average Performer
6075,21,86,High,Medium,No,8,72,Medium,Yes,0,High,High,Public,Positive,3,No,High School,Moderate,Male,69,Average Performer
6076,21,83,Medium,High,Yes,6,61,High,Yes,2,Low,High,Public,Positive,3,No,Postgraduate,Near,Male,71,Average Performer
6077,20,81,Low,Medium,Yes,6,61,Low,No,0,Low,Medium,Public,Positive,4,Yes,High School,Near,Female,63,Average Performer
6078,26,94,Low,High,Yes,6,92,Low,Yes,1,Low,High,Public,Neutral,3,No,High School,Near,Female,72,Average Performer
6079,22,69,Medium,Medium,Yes,5,79,Medium,Yes,1,Low,Low,Public,Positive,3,No,College,Near,Male,66,Average Performer
6080,29,78,High,Medium,Yes,9,66,Medium,Yes,2,Low,Medium,Public,Neutral,4,No,High School,Moderate,Male,69,Average Performer
6081,14,66,Medium,Medium,Yes,10,63,Low,Yes,0,Low,Medium,Public,Positive,3,No,High School,Moderate,Male,60,Average Performer
6082,21,84,High,High,Yes,6,61,Low,Yes,1,Medium,High,Private,Negative,4,No,High School,Moderate,Female,68,Average Performer
6083,21,70,Medium,High,No,6,78,Medium,Yes,3,Medium,Low,Public,Neutral,2,No,College,Far,Male,65,Average Performer
6084,14,73,High,Medium,No,5,87,High,Yes,2,Medium,Medium,Public,Positive,4,No,College,Near,Female,67,Average Performer
6085,26,79,Medium,Low,Yes,5,63,Medium,Yes,0,Low,Medium,Public,Positive,2,No,High School,Near,Male,66,Average Performer
6086,34,61,Medium,Medium,Yes,6,67,High,Yes,1,High,Medium,Private,Neutral,2,No,Postgraduate,Moderate,Male,68,Average Performer
6087,20,64,Low,Medium,Yes,9,86,Medium,Yes,0,Low,High,Private,Negative,4,No,High School,Near,Female,63,Average Performer
6088,23,87,High,High,Yes,10,87,Medium,Yes,1,Medium,Medium,Private,Positive,3,No,College,Near,Male,73,Average Performer
6089,21,77,Medium,Medium,Yes,6,60,Medium,Yes,1,Medium,Medium,Private,Neutral,3,No,College,Moderate,Male,66,Average Performer
6090,16,95,Low,Medium,Yes,6,69,Low,Yes,2,Low,High,Public,Neutral,3,Yes,College,Near,Male,67,Average Performer
6091,9,88,Low,Medium,Yes,5,93,Low,Yes,2,Medium,Medium,Public,Neutral,4,No,Postgraduate,Near,Male,66,Average Performer
6092,16,60,Medium,Low,No,8,87,Low,Yes,0,Low,Low,Public,Positive,5,No,High School,Near,Male,60,Average Performer
6093,12,85,High,High,No,8,58,Low,Yes,1,Low,High,Public,Positive,3,No,Postgraduate,Near,Male,67,Average Performer
6094,30,64,Medium,Medium,No,7,69,Medium,Yes,3,High,Low,Public,Negative,4,No,High School,Near,Female,67,Average Performer
6095,19,91,Medium,Medium,Yes,6,99,High,Yes,0,Medium,Medium,Public,Neutral,2,No,High School,Near,Female,70,Average Performer
6096,18,100,High,Low,No,9,76,Low,Yes,1,Low,Medium,Public,Positive,2,No,High School,Near,Female,69,Average Performer
6097,25,81,Medium,Low,Yes,8,86,Medium,Yes,1,Low,Medium,Public,Negative,3,No,Postgraduate,Near,Male,68,Average Performer
6098,13,87,High,Low,Yes,8,55,High,Yes,1,High,High,Private,Positive,3,No,High School,Near,Female,67,Average Performer
6099,15,69,Medium,High,No,8,92,Low,Yes,0,Low,Medium,Public,Neutral,1,No,College,Moderate,Male,63,Average Performer
6100,20,78,High,Medium,No,7,80,High,Yes,2,High,Medium,Public,Positive,3,No,College,Near,Male,70,Average Performer
6101,26,94,Low,Medium,No,6,59,High,Yes,4,Low,Medium,Public,Neutral,3,No,High School,Near,Female,71,Average Performer
6102,23,67,High,High,Yes,8,69,Low,Yes,1,High,Medium,Public,Neutral,2,No,High School,Near,Female,67,Average Performer
6103,21,71,Medium,Medium,No,8,54,High,Yes,1,Medium,Medium,Private,Neutral,3,No,High School,Near,Male,64,Average Performer
6104,20,78,Low,Medium,No,8,89,High,No,0,Medium,Medium,Private,Neutral,4,No,College,Near,Female,66,Average Performer
6105,22,88,Medium,Medium,Yes,5,87,Low,Yes,1,Low,High,Public,Neutral,3,No,Postgraduate,Near,Male,70,Average Performer
6106,21,75,Medium,Low,Yes,8,75,High,Yes,1,Medium,Medium,Private,Negative,2,No,High School,Moderate,Male,65,Average Performer
6107,14,97,Low,Medium,Yes,7,73,Medium,Yes,2,Medium,Low,Public,Positive,3,No,College,Moderate,Male,68,Average Performer
6108,20,64,Medium,Low,Yes,6,73,High,Yes,3,Medium,High,Public,Negative,5,No,Postgraduate,Far,Female,65,Average Performer
6109,14,75,High,Medium,No,8,52,Medium,Yes,3,Medium,Medium,Public,Neutral,1,No,Postgraduate,Near,Male,65,Average Performer
6110,20,88,Medium,Medium,Yes,7,68,Medium,Yes,0,Low,High,Public,Positive,4,No,College,Near,Female,69,Average Performer
6111,17,69,Medium,Medium,No,10,56,Medium,Yes,1,Medium,Medium,Public,Neutral,4,No,High School,Near,Female,63,Average Performer
6112,35,86,Low,Medium,No,8,59,Medium,Yes,2,Low,Low,Public,Positive,2,No,College,Moderate,Female,70,Average Performer
6113,20,67,Low,Low,Yes,7,98,Medium,Yes,1,Medium,Medium,Public,Neutral,4,No,College,Near,Male,64,Average Performer
6114,12,62,Medium,High,Yes,7,63,High,Yes,1,High,Medium,Public,Neutral,4,No,High School,Near,Female,62,Average Performer
6115,19,65,High,High,Yes,5,74,Medium,Yes,1,Low,,Private,Positive,3,No,High School,Near,Female,66,Average Performer
6116,23,97,High,Low,Yes,9,94,High,Yes,2,Low,Medium,Public,Positive,3,No,High School,Moderate,Male,73,Average Performer
6117,30,82,Medium,High,Yes,7,71,Medium,Yes,3,Low,High,Public,Neutral,3,No,Postgraduate,Far,Female,72,Average Performer
6118,16,92,Medium,Medium,Yes,7,76,High,No,0,High,Medium,Private,Neutral,2,No,Postgraduate,Far,Male,68,Average Performer
6119,11,73,Medium,High,No,5,58,Medium,No,0,Medium,Medium,Private,Positive,4,No,College,Near,Male,62,Average Performer
6120,25,84,Medium,Low,No,8,64,Medium,Yes,2,Low,Medium,Private,Neutral,4,No,High School,,Male,67,Average Performer
6121,12,80,Medium,Low,No,6,75,Medium,Yes,1,Low,High,Public,Negative,4,No,High School,Moderate,Male,62,Average Performer
6122,17,98,High,High,No,6,68,Medium,Yes,2,Medium,Medium,Public,Positive,3,No,High School,Near,Male,72,Average Performer
6123,18,90,Low,High,No,7,52,High,Yes,2,Medium,High,Public,Negative,2,No,High School,Near,Male,67,Average Performer
6124,20,89,High,Medium,Yes,6,70,Low,Yes,1,Low,Medium,Private,Positive,3,No,High School,Moderate,Female,68,Average Performer
6125,24,62,Low,High,Yes,6,91,Medium,Yes,2,Medium,Medium,Public,Neutral,3,No,High School,Moderate,Female,65,Average Performer
6126,16,82,Medium,Medium,No,7,56,Low,Yes,0,High,High,Private,Negative,1,Yes,High School,Far,Female,79,Top Performer
6127,18,79,High,Low,No,9,51,High,Yes,2,Medium,Medium,Private,Positive,3,No,High School,Near,Male,66,Average Performer
6128,20,97,Medium,Medium,Yes,8,56,Low,Yes,1,Low,Medium,Private,Neutral,2,No,High School,Near,Female,68,Average Performer
6129,21,70,Low,Low,Yes,8,84,Medium,Yes,1,High,High,Public,Positive,3,Yes,Postgraduate,Near,Male,65,Average Performer
6130,21,71,Medium,High,Yes,8,90,Medium,Yes,3,Low,Medium,Public,Neutral,4,No,High School,Moderate,Female,67,Average Performer
6131,23,76,Medium,High,Yes,6,52,Low,Yes,3,Medium,Medium,Public,Neutral,4,No,College,Moderate,Male,67,Average Performer
6132,25,70,Low,Medium,Yes,9,94,Medium,Yes,1,Medium,,Public,Neutral,4,No,High School,Moderate,Male,67,Average Performer
6133,22,65,Medium,Medium,Yes,4,81,High,Yes,5,Medium,Medium,Public,Positive,4,No,College,Far,Female,68,Average Performer
6134,23,94,Medium,High,No,8,76,Low,Yes,3,Medium,Medium,Public,Positive,3,No,High School,Moderate,Male,72,Average Performer
6135,11,82,High,Medium,No,8,63,High,Yes,1,Medium,Medium,Public,Neutral,5,No,High School,Near,Male,65,Average Performer
6136,20,94,Low,Medium,No,7,69,Low,Yes,0,Low,Medium,Public,Positive,3,Yes,High School,Moderate,Female,65,Average Performer
6137,23,93,Medium,Medium,Yes,6,97,Low,No,1,Medium,Medium,Public,Positive,2,No,College,Moderate,Male,70,Average Performer
6138,24,71,Medium,Medium,Yes,7,96,Medium,Yes,2,Low,,Public,Negative,2,No,High School,Near,Male,67,Average Performer
6139,16,82,Medium,High,Yes,6,81,Medium,Yes,1,Medium,Medium,Private,Neutral,4,No,College,Near,Male,68,Average Performer
6140,16,63,Medium,Medium,No,8,79,Medium,Yes,2,Low,High,Public,Positive,3,No,College,Moderate,Male,63,Average Performer
6141,17,97,Medium,Medium,Yes,8,61,Low,Yes,2,Low,Medium,Public,Neutral,2,No,High School,Near,Male,68,Average Performer
6142,23,76,Medium,High,Yes,8,98,Medium,Yes,0,Medium,Low,Public,Neutral,2,No,Postgraduate,Moderate,Female,69,Average Performer
6143,26,76,Low,Low,Yes,8,88,Low,Yes,2,Low,Low,Public,Positive,4,No,High School,Near,Male,66,Average Performer
6144,18,72,High,Medium,Yes,8,69,High,No,2,High,Medium,Public,Neutral,4,Yes,High School,Far,Female,64,Average Performer
6145,25,78,High,Low,Yes,8,91,Medium,Yes,3,Low,Medium,Public,Negative,4,No,High School,Near,Male,69,Average Performer
6146,21,70,Low,Medium,No,6,61,Medium,Yes,1,Low,Medium,Public,Neutral,3,No,High School,Near,Male,62,Average Performer
6147,19,75,Medium,High,Yes,5,61,High,Yes,0,Medium,Medium,Public,Negative,3,No,High School,Near,Female,65,Average Performer
6148,19,92,Medium,Medium,Yes,7,90,Medium,Yes,1,Low,High,Public,Positive,2,No,High School,Near,Female,70,Average Performer
6149,24,93,Low,High,Yes,8,78,Medium,Yes,1,High,Medium,Public,Neutral,4,No,High School,Near,Female,72,Average Performer
6150,22,72,Medium,Medium,No,5,78,High,Yes,1,Low,High,Public,Positive,3,No,High School,Near,Female,66,Average Performer
6151,34,79,High,Low,Yes,7,79,Low,Yes,3,Medium,High,Private,Negative,2,Yes,High School,Moderate,Male,70,Average Performer
6152,15,95,Medium,Medium,No,9,56,Medium,No,3,Low,High,Public,Positive,1,No,High School,Near,Male,67,Average Performer
6153,23,62,High,High,Yes,7,67,Low,Yes,1,Low,Medium,Public,Negative,4,No,Postgraduate,Moderate,Female,65,Average Performer
6154,17,96,Medium,Low,Yes,9,79,Low,No,3,Medium,Medium,Private,Neutral,2,No,Postgraduate,Moderate,Male,68,Average Performer
6155,15,69,Low,Medium,Yes,9,62,Low,Yes,2,Medium,High,Public,Neutral,3,No,High School,Moderate,Male,62,Average Performer
6156,20,87,Low,Medium,Yes,7,75,High,Yes,1,Low,Medium,Public,Negative,3,No,Postgraduate,Near,Male,68,Average Performer
6157,21,83,High,Medium,No,6,78,Medium,Yes,2,High,High,Public,Positive,3,Yes,High School,Near,Female,69,Average Performer
6158,38,82,Medium,Low,No,6,97,Low,Yes,2,Low,Medium,Private,Negative,3,No,College,Near,Male,72,Average Performer
6159,19,94,Low,Medium,No,7,62,Medium,Yes,0,Medium,Medium,Public,Negative,3,Yes,High School,Moderate,Male,65,Average Performer
6160,13,64,Medium,High,Yes,5,72,Medium,Yes,2,Medium,Medium,Private,Neutral,2,No,Postgraduate,Moderate,Male,63,Average Performer
6161,22,74,High,High,Yes,5,99,Medium,Yes,0,Low,Medium,Public,Neutral,2,No,College,Near,Female,68,Average Performer
6162,8,82,High,Low,No,4,59,Medium,Yes,1,Medium,Medium,Public,Neutral,2,No,College,Near,Male,62,Average Performer
6163,19,92,Medium,Medium,Yes,7,89,Medium,No,0,Low,High,Private,Neutral,2,No,Postgraduate,Near,Male,69,Average Performer
6164,20,69,Medium,Low,No,10,59,Medium,Yes,2,High,High,Public,Positive,4,No,High School,Near,Female,65,Average Performer
6165,25,92,High,Medium,No,4,93,High,Yes,3,High,Medium,Public,Neutral,2,No,High School,Near,Female,74,Average Performer
6166,26,76,High,Low,Yes,7,74,Medium,Yes,4,Medium,High,Public,Positive,3,No,High School,Moderate,Female,70,Average Performer
6167,17,68,Medium,Low,Yes,7,99,High,Yes,2,Medium,Medium,Public,Positive,3,No,High School,Near,Female,65,Average Performer
6168,19,90,High,High,No,7,59,Low,Yes,3,High,Medium,Public,Neutral,3,No,College,Moderate,Male,70,Average Performer
6169,15,64,Low,Low,Yes,9,84,Low,Yes,0,Medium,Medium,Public,Neutral,3,No,College,Far,Male,59,Average Performer
6170,13,81,Low,Medium,Yes,6,85,Low,Yes,1,Low,Medium,Private,Neutral,3,No,High School,Moderate,Male,63,Average Performer
6171,22,63,Low,High,Yes,4,86,Low,Yes,0,Low,High,Public,Neutral,4,No,College,Near,Female,64,Average Performer
6172,12,74,Low,High,Yes,6,55,High,Yes,0,Medium,Low,Public,Positive,3,No,Postgraduate,Near,Male,63,Average Performer
6173,18,84,High,Low,No,6,64,Medium,Yes,2,Low,High,Public,Positive,2,No,High School,Near,Female,67,Average Performer
6174,14,82,Medium,Medium,Yes,4,67,Medium,Yes,1,High,Medium,Public,Neutral,4,No,High School,Moderate,Female,65,Average Performer
6175,23,76,Medium,Medium,No,7,66,Medium,Yes,2,Medium,Medium,Public,Neutral,3,No,College,Near,Male,67,Average Performer
6176,31,77,High,Medium,No,5,84,Medium,Yes,2,High,High,Public,Positive,5,No,,Near,Male,73,Average Performer
6177,12,69,High,High,Yes,7,53,Low,Yes,2,Low,High,Public,Neutral,3,No,College,Near,Male,64,Average Performer
6178,9,78,Low,High,No,6,87,Medium,Yes,0,Medium,High,Private,Positive,3,No,Postgraduate,Near,Male,65,Average Performer
6179,19,98,Medium,High,Yes,5,76,Medium,Yes,2,Medium,Medium,Private,Positive,3,No,High School,Moderate,Male,72,Average Performer
6180,20,94,High,Medium,No,8,59,High,Yes,3,Medium,Medium,Public,Positive,4,No,High School,Near,Female,72,Average Performer
6181,21,66,High,Medium,No,7,61,Medium,Yes,2,High,High,Public,Neutral,2,No,College,Near,Male,66,Average Performer
6182,17,61,High,Medium,Yes,7,55,High,Yes,1,Medium,Medium,Private,Negative,2,Yes,College,Near,Male,62,Average Performer
6183,19,97,Low,Medium,No,8,73,Medium,Yes,2,Medium,Medium,Private,Negative,1,No,College,Near,Male,68,Average Performer
6184,22,81,Medium,Low,Yes,7,80,Low,Yes,1,Medium,Medium,Public,Positive,3,No,College,Moderate,Female,67,Average Performer
6185,26,82,High,Low,No,7,79,Medium,Yes,1,Medium,Medium,Public,Positive,2,Yes,Postgraduate,Near,Female,69,Average Performer
6186,8,91,High,Low,No,6,98,Medium,Yes,1,Medium,Medium,Private,Positive,3,No,High School,Near,Female,67,Average Performer
6187,18,73,Medium,Medium,No,5,65,Medium,Yes,1,Low,High,Public,Negative,3,No,College,Moderate,Female,63,Average Performer
6188,21,79,Low,Medium,Yes,7,88,Low,Yes,0,Low,Medium,Private,Negative,4,No,High School,Moderate,Male,65,Average Performer
6189,14,99,High,Medium,No,6,86,Low,Yes,2,High,High,Private,Negative,4,No,College,Near,Male,71,Average Performer
6190,30,87,Medium,Medium,No,8,53,Low,Yes,1,Low,High,Private,Neutral,1,No,Postgraduate,Near,Male,70,Average Performer
6191,16,66,Medium,Medium,Yes,7,97,Medium,Yes,5,Low,High,Public,Positive,3,No,Postgraduate,Near,Male,68,Average Performer
6192,20,65,Medium,Medium,Yes,8,97,High,Yes,0,Low,Medium,Public,Negative,3,No,College,Near,Female,65,Average Performer
6193,23,68,Medium,High,Yes,6,70,Medium,Yes,4,Medium,Medium,Public,Positive,2,No,High School,Near,Male,68,Average Performer
6194,16,91,Medium,Medium,Yes,5,71,Medium,Yes,2,High,Medium,Public,Negative,3,No,College,Near,Male,69,Average Performer
6195,9,72,Medium,High,Yes,10,91,Medium,No,1,High,Medium,Public,Neutral,2,No,High School,Far,Female,62,Average Performer
6196,17,61,Low,High,Yes,7,75,Medium,No,2,Medium,High,Public,Negative,4,No,College,Near,Female,62,Average Performer
6197,26,98,High,Low,No,8,90,Low,Yes,1,High,Low,Public,Positive,2,Yes,Postgraduate,Moderate,Female,72,Average Performer
6198,18,67,High,Medium,No,5,52,High,Yes,0,Medium,Medium,Private,Neutral,4,No,Postgraduate,Moderate,Male,64,Average Performer
6199,15,60,High,Medium,No,7,63,Low,Yes,0,Low,High,Public,Positive,1,Yes,High School,Far,Female,58,Average Performer
6200,26,69,High,Medium,No,9,55,Low,Yes,1,Low,Medium,Public,Neutral,3,No,College,Near,Male,66,Average Performer
6201,18,69,Medium,Low,Yes,5,73,Low,Yes,1,Low,High,Public,Positive,4,No,Postgraduate,Moderate,Male,64,Average Performer
6202,17,77,Medium,High,Yes,10,93,Low,Yes,3,High,High,Private,Positive,1,No,College,Far,Female,68,Average Performer
6203,21,97,Low,Low,No,7,78,Medium,Yes,0,High,Medium,Public,Neutral,3,No,Postgraduate,Near,Female,69,Average Performer
6204,25,95,Low,High,No,6,76,Medium,Yes,1,Low,Medium,Public,Positive,5,No,High School,Near,Male,71,Average Performer
6205,34,78,Medium,High,Yes,8,68,Medium,Yes,1,Medium,Medium,Public,Negative,2,No,College,Near,Male,71,Average Performer
6206,25,76,Medium,Medium,Yes,9,53,Medium,Yes,0,High,High,Private,Positive,3,No,High School,Moderate,Male,67,Average Performer
6207,27,82,High,Low,Yes,6,88,Medium,Yes,2,High,High,Private,Neutral,3,No,High School,Near,Male,71,Average Performer
6208,17,70,Medium,Medium,Yes,6,79,Low,Yes,2,Medium,Medium,Public,Positive,3,No,High School,,Female,64,Average Performer
6209,14,62,Medium,Medium,Yes,7,97,High,Yes,0,Medium,Medium,Public,Positive,1,No,High School,Moderate,Male,62,Average Performer
6210,20,98,Medium,Medium,No,8,72,Medium,Yes,1,High,Medium,Public,Negative,4,No,High School,Near,Female,70,Average Performer
6211,21,67,Low,High,No,7,70,Low,Yes,2,Low,Medium,Private,Negative,2,No,Postgraduate,Moderate,Female,63,Average Performer
6212,14,68,High,Medium,Yes,8,99,High,Yes,0,High,Medium,Public,Positive,3,No,High School,Near,Female,66,Average Performer
6213,19,79,Medium,Medium,Yes,8,57,Low,Yes,2,Low,Low,Public,Positive,3,No,High School,Moderate,Male,65,Average Performer
6214,22,80,Medium,High,No,7,63,Medium,Yes,1,High,Medium,Public,Positive,3,No,College,Near,Male,69,Average Performer
6215,22,61,High,Low,Yes,6,74,Medium,Yes,1,Low,Medium,Public,Negative,3,No,High School,Near,Male,63,Average Performer
6216,23,66,Medium,Medium,No,7,76,Low,Yes,1,High,Medium,Public,Neutral,2,No,College,Moderate,Male,64,Average Performer
6217,22,75,Medium,Medium,Yes,10,77,High,Yes,2,Low,Low,Public,Neutral,2,No,High School,Near,Male,66,Average Performer
6218,17,87,Medium,Medium,Yes,7,61,Medium,Yes,4,High,Medium,Public,Negative,3,Yes,High School,Near,Female,67,Average Performer
6219,17,69,High,High,Yes,9,96,Medium,Yes,2,Low,Medium,Public,Negative,3,No,College,Far,Male,66,Average Performer
6220,13,77,Low,High,No,6,85,Low,Yes,2,Low,Medium,Public,Neutral,4,No,Postgraduate,Near,Female,65,Average Performer
6221,31,82,High,Medium,Yes,7,63,Medium,No,2,High,Medium,Private,Positive,2,No,Postgraduate,Moderate,Male,72,Average Performer
6222,20,96,High,Medium,Yes,8,65,High,Yes,0,Medium,Low,Public,Neutral,2,No,High School,Near,Female,70,Average Performer
6223,19,73,Medium,Medium,Yes,9,94,Medium,Yes,1,High,Low,Public,Positive,1,No,College,Near,Female,67,Average Performer
6224,14,65,Medium,High,No,9,69,Low,Yes,4,Medium,,Public,Neutral,3,No,College,Near,Male,64,Average Performer
6225,38,80,High,Medium,No,5,78,Medium,Yes,1,Low,Medium,Public,Positive,4,No,College,Far,Female,72,Average Performer
6226,14,90,Medium,Medium,Yes,9,56,Medium,Yes,0,Low,Medium,Public,Neutral,4,No,High School,Near,Female,65,Average Performer
6227,17,64,High,Low,Yes,10,63,Medium,Yes,0,High,Medium,Public,Positive,3,No,High School,Moderate,Female,62,Average Performer
6228,22,77,Medium,High,No,6,71,High,Yes,3,Low,Medium,Public,Negative,4,No,High School,Far,Female,67,Average Performer
6229,24,61,Medium,Medium,No,6,83,High,Yes,0,Medium,Medium,Public,Positive,3,Yes,High School,Near,Male,64,Average Performer
6230,26,61,Medium,Medium,No,7,64,Low,Yes,0,Medium,Medium,Private,Negative,3,No,Postgraduate,,Male,63,Average Performer
6231,31,79,Medium,High,No,7,98,Medium,Yes,1,Medium,High,Public,Neutral,2,No,College,Moderate,Male,72,Average Performer
6232,23,72,Low,Medium,No,6,61,High,Yes,1,High,Medium,Public,Positive,5,No,High School,Near,Male,66,Average Performer
6233,14,94,High,Medium,Yes,5,89,Medium,Yes,0,Medium,Medium,Public,Positive,1,No,Postgraduate,Near,Female,70,Average Performer
6234,18,84,Medium,Low,Yes,9,68,Low,Yes,0,Medium,High,Private,Negative,2,No,Postgraduate,Near,Female,66,Average Performer
6235,22,78,High,High,No,6,92,Low,Yes,1,High,High,Public,Positive,3,No,High School,Moderate,Male,70,Average Performer
6236,32,76,Low,Low,Yes,6,96,Low,Yes,0,Low,High,Public,Neutral,2,No,High School,Moderate,Female,67,Average Performer
6237,12,80,Medium,Medium,Yes,7,59,High,Yes,1,Low,High,Public,Positive,2,No,High School,Near,Female,64,Average Performer
6238,27,62,High,Medium,No,5,75,Medium,Yes,2,Medium,High,Public,Positive,2,No,,Near,Male,67,Average Performer
6239,21,96,High,High,Yes,5,58,Medium,Yes,0,High,High,Public,Neutral,4,No,College,Far,Male,72,Average Performer
6240,25,100,High,Low,No,6,85,Low,Yes,1,Medium,Medium,Public,Positive,3,No,High School,Near,Male,72,Average Performer
6241,19,67,High,Medium,Yes,8,92,Low,Yes,2,High,Medium,Public,Neutral,5,No,Postgraduate,Moderate,Female,68,Average Performer
6242,15,65,Medium,Medium,Yes,7,69,Medium,Yes,1,High,Medium,Public,Neutral,3,No,Postgraduate,Near,Female,64,Average Performer
6243,25,66,High,Medium,Yes,4,70,Medium,No,1,High,Medium,Public,Positive,3,No,High School,Moderate,Male,66,Average Performer
6244,24,86,Low,High,No,9,60,Medium,Yes,0,Low,High,Private,Positive,3,No,College,Far,Male,68,Average Performer
6245,26,86,Low,Low,No,8,65,Low,Yes,0,Low,High,Public,Neutral,4,No,High School,Near,Female,66,Average Performer
6246,20,94,Low,High,Yes,7,66,High,Yes,1,Low,High,Private,Positive,1,No,High School,Near,Female,70,Average Performer
6247,16,90,High,High,Yes,7,58,High,Yes,1,Low,Medium,Public,Neutral,4,No,Postgraduate,Near,Female,70,Average Performer
6248,11,78,Low,High,Yes,8,65,Medium,Yes,0,Medium,,Private,Neutral,2,No,High School,,Female,62,Average Performer
6249,25,85,Low,Medium,Yes,10,95,Medium,Yes,0,Medium,Low,Public,Positive,1,No,College,Near,Male,69,Average Performer
6250,23,88,Medium,Medium,Yes,8,66,Low,Yes,2,Medium,High,Private,Positive,2,No,College,Moderate,Male,69,Average Performer
6251,14,81,Medium,Medium,Yes,7,64,Medium,Yes,2,Medium,Medium,Public,Positive,4,Yes,College,Near,Male,66,Average Performer
6252,17,79,High,High,No,5,69,Medium,Yes,4,Low,Medium,Public,Negative,3,No,Postgraduate,Near,Female,68,Average Performer
6253,17,86,Medium,High,No,7,98,Medium,Yes,2,Low,High,Public,Positive,5,No,Postgraduate,Moderate,Male,71,Average Performer
6254,11,82,Medium,Medium,Yes,8,88,Medium,No,1,Low,Medium,Private,Negative,2,No,Postgraduate,Moderate,Female,64,Average Performer
6255,15,86,Low,High,No,7,60,Medium,Yes,2,Medium,Medium,Public,Positive,3,No,College,Near,Male,67,Average Performer
6256,13,85,Medium,High,Yes,6,88,Medium,Yes,2,Medium,High,Public,Positive,3,No,High School,Moderate,Female,68,Average Performer
6257,18,89,Low,High,Yes,8,88,Low,Yes,0,High,,Public,Negative,1,No,,Moderate,Male,67,Average Performer
6258,16,86,Medium,Medium,No,6,98,High,Yes,1,Low,Medium,Public,Neutral,3,No,Postgraduate,Near,Male,68,Average Performer
6259,10,81,Medium,High,Yes,8,95,Medium,Yes,5,Low,High,Public,Positive,3,No,High School,Near,Female,69,Average Performer
6260,32,87,Medium,High,Yes,6,55,Medium,Yes,0,Low,High,Public,Neutral,3,No,High School,Near,Male,71,Average Performer
6261,28,78,High,Low,Yes,4,73,Low,No,3,Low,Medium,Private,Positive,4,No,High School,Moderate,Female,68,Average Performer
6262,15,70,High,High,No,6,85,High,Yes,0,Low,Medium,Private,Positive,2,No,College,Moderate,Male,65,Average Performer
6263,22,60,Low,Medium,No,7,99,Medium,Yes,1,Low,High,Public,Neutral,3,No,College,Moderate,Male,63,Average Performer
6264,23,82,Low,Medium,Yes,8,54,Medium,Yes,0,Medium,High,Public,Negative,1,No,High School,Near,Female,65,Average Performer
6265,27,84,High,High,No,8,68,Low,Yes,3,Low,High,Private,Positive,2,Yes,Postgraduate,Near,Female,72,Average Performer
6266,15,99,Low,Medium,Yes,5,75,Low,Yes,2,Medium,Low,Public,Neutral,1,No,College,Moderate,Male,67,Average Performer
6267,27,74,Medium,High,No,7,71,Medium,Yes,1,Medium,Medium,Public,Positive,3,No,High School,Near,Female,69,Average Performer
6268,17,76,Medium,Medium,No,6,73,Medium,Yes,3,Low,High,Private,Neutral,3,No,Postgraduate,Near,Male,67,Average Performer
6269,12,68,High,Medium,Yes,6,68,Low,Yes,2,Medium,Medium,Public,Positive,4,No,College,Near,Male,64,Average Performer
6270,24,63,Medium,Low,No,6,99,Low,No,0,Low,Medium,Public,Positive,3,No,High School,Moderate,Female,62,Average Performer
6271,28,91,Low,Medium,No,7,90,Medium,Yes,2,High,Low,Private,Neutral,3,No,High School,Near,Male,71,Average Performer
6272,36,70,Low,High,No,10,87,Medium,Yes,2,Low,Medium,Public,Positive,3,No,,Near,Male,70,Average Performer
6273,13,84,Low,Medium,No,10,71,Low,Yes,1,Medium,High,Public,Neutral,3,No,College,Moderate,Male,64,Average Performer
6274,24,88,Medium,Medium,Yes,6,94,Medium,Yes,0,Low,Medium,Private,Negative,2,No,Postgraduate,Moderate,Male,69,Average Performer
6275,18,79,Medium,Medium,Yes,7,55,Medium,Yes,1,Low,High,Public,Positive,3,No,High School,Moderate,Female,65,Average Performer
6276,25,95,High,High,Yes,7,57,Medium,Yes,2,High,Medium,Private,Negative,2,No,College,Moderate,Female,73,Average Performer
6277,11,78,Medium,Low,Yes,7,98,Low,Yes,2,Medium,Medium,Public,Neutral,3,No,High School,Near,Female,64,Average Performer
6278,12,71,Medium,High,Yes,8,78,Low,Yes,2,Medium,Medium,Public,Negative,2,No,Postgraduate,Near,Female,64,Average Performer
6279,15,96,Medium,Medium,Yes,7,58,Medium,Yes,3,Medium,Medium,Public,Neutral,4,No,Postgraduate,Moderate,Male,70,Average Performer
6280,20,94,Low,Low,Yes,6,97,Low,Yes,2,Medium,Medium,Public,Positive,5,No,College,Near,Male,70,Average Performer
6281,16,67,High,High,No,9,99,Medium,Yes,2,Medium,Medium,Public,Neutral,2,Yes,High School,Moderate,Male,64,Average Performer
6282,24,61,Low,Medium,No,5,94,Medium,Yes,3,Medium,High,Private,Neutral,2,Yes,College,Moderate,Female,64,Average Performer
6283,26,64,Medium,Medium,Yes,7,62,High,Yes,3,Medium,High,Private,Negative,2,No,High School,Near,Male,66,Average Performer
6284,24,71,Low,High,Yes,5,64,Medium,Yes,1,Medium,Medium,Public,Neutral,3,No,College,Near,Male,66,Average Performer
6285,30,99,Medium,Medium,Yes,5,70,Low,Yes,2,Medium,Medium,Public,Neutral,4,No,High School,Near,Female,74,Average Performer
6286,22,82,High,High,No,8,79,Medium,No,2,Medium,Medium,Public,Negative,1,No,College,Near,Female,69,Average Performer
6287,13,75,Low,High,Yes,6,100,High,Yes,1,Medium,Medium,Public,Positive,3,No,Postgraduate,Near,Male,67,Average Performer
6288,28,96,Medium,Medium,No,4,98,High,Yes,5,Low,Medium,Public,Neutral,5,Yes,High School,Far,Male,73,Average Performer
6289,16,78,Low,Medium,No,6,96,High,Yes,0,Medium,Medium,Public,Positive,1,No,Postgraduate,Near,Female,66,Average Performer
6290,25,73,High,Medium,No,6,54,High,Yes,2,Medium,Medium,Public,Neutral,4,No,High School,Moderate,Female,67,Average Performer
6291,29,98,Medium,High,Yes,5,88,Low,Yes,3,Low,Medium,Public,Neutral,2,No,College,Near,Male,75,Top Performer
6292,23,94,Medium,High,Yes,8,94,Low,Yes,2,Medium,High,Public,Positive,2,No,High School,Near,Male,73,Average Performer
6293,11,94,Medium,Medium,No,5,67,Medium,Yes,2,High,Medium,Public,Neutral,5,No,High School,Near,Female,67,Average Performer
6294,14,80,High,Low,Yes,6,61,Medium,Yes,0,Medium,High,Public,Neutral,4,No,College,Moderate,Female,65,Average Performer
6295,28,92,Medium,Medium,Yes,7,87,Low,Yes,1,Low,Low,Public,Positive,1,No,High School,Near,Female,71,Average Performer
6296,19,67,Medium,Medium,Yes,6,55,Low,Yes,1,Medium,Medium,Public,Neutral,4,No,High School,Near,Male,63,Average Performer
6297,20,83,Medium,Low,Yes,6,97,High,Yes,2,Low,High,Public,Neutral,4,No,High School,Moderate,Female,68,Average Performer
6298,25,99,Medium,High,No,6,58,High,Yes,0,Medium,Medium,Private,Positive,4,No,High School,Near,Male,72,Average Performer
6299,24,72,Low,High,Yes,5,73,Low,Yes,2,Medium,High,Public,Positive,2,No,High School,Near,Male,67,Average Performer
6300,22,92,Medium,High,No,6,99,Low,Yes,1,Medium,Medium,Public,Negative,4,No,College,Near,Female,71,Average Performer
6301,19,80,Low,Low,No,8,99,High,Yes,1,Low,Medium,Public,Positive,4,No,Postgraduate,Near,Male,67,Average Performer
6302,18,62,Medium,High,Yes,6,89,Medium,Yes,0,High,High,Private,Positive,3,No,Postgraduate,Near,Female,66,Average Performer
6303,25,91,Medium,High,No,7,92,Medium,Yes,3,Low,Medium,Public,Negative,5,No,High School,Near,Male,72,Average Performer
6304,23,67,Low,Low,No,9,98,Medium,Yes,2,Low,High,Public,Negative,0,No,College,Near,Female,64,Average Performer
6305,18,85,Medium,Medium,No,8,96,Medium,Yes,0,High,High,Public,Negative,3,No,College,Moderate,Male,68,Average Performer
6306,26,63,High,High,No,5,81,Medium,Yes,0,Low,Medium,Public,Negative,2,No,High School,Moderate,Female,65,Average Performer
6307,19,98,Medium,High,Yes,8,87,High,Yes,1,Medium,Medium,Private,Positive,4,No,Postgraduate,Moderate,Male,74,Average Performer
6308,15,72,Medium,Low,Yes,9,80,Medium,Yes,4,Medium,High,Private,Neutral,4,No,College,Moderate,Female,65,Average Performer
6309,15,69,High,Low,Yes,6,75,Medium,No,2,Low,High,Public,Positive,2,No,High School,Near,Female,63,Average Performer
6310,14,65,Medium,Medium,Yes,5,94,Medium,Yes,5,Low,Medium,Private,Negative,3,No,Postgraduate,Moderate,Male,65,Average Performer
6311,18,98,Low,High,Yes,6,87,Medium,Yes,0,Medium,Medium,Public,Neutral,1,No,High School,Near,Male,70,Average Performer
6312,27,88,Medium,High,Yes,7,93,Medium,Yes,0,Low,Medium,Public,Neutral,4,No,High School,Moderate,Male,71,Average Performer
6313,15,90,Medium,Medium,Yes,8,55,Medium,Yes,1,Low,Medium,Public,Neutral,1,No,College,Near,Female,66,Average Performer
6314,21,80,Medium,Medium,Yes,6,79,Low,Yes,2,Medium,High,Public,Positive,3,No,College,Near,Male,69,Average Performer
6315,16,79,Medium,High,Yes,4,66,High,Yes,2,Medium,Medium,Public,Neutral,2,No,College,Moderate,Male,67,Average Performer
6316,18,64,Medium,High,Yes,5,76,Low,Yes,1,Low,Medium,Public,Positive,4,No,High School,Moderate,Male,64,Average Performer
6317,11,82,High,High,No,8,81,High,Yes,2,Low,High,Public,Positive,2,No,High School,Moderate,Female,67,Average Performer
6318,19,70,Medium,High,Yes,10,92,Medium,Yes,1,Low,High,Public,Positive,4,No,High School,Near,Male,67,Average Performer
6319,19,99,High,Medium,No,7,52,Medium,Yes,1,Medium,Medium,Public,Neutral,4,No,High School,Near,Male,70,Average Performer
6320,23,92,High,High,No,9,58,Medium,Yes,2,Low,Medium,Private,Neutral,1,No,Postgraduate,Near,Female,71,Average Performer
6321,21,77,Medium,Low,Yes,5,96,High,Yes,2,Low,High,Private,Neutral,5,No,High School,Near,Female,68,Average Performer
6322,13,66,High,High,No,6,98,Low,Yes,1,High,High,Public,Positive,2,No,High School,Near,Male,65,Average Performer
6323,27,91,Medium,Medium,No,4,53,Medium,Yes,1,Low,Medium,Private,Positive,3,No,Postgraduate,Near,Female,70,Average Performer
6324,21,65,Medium,High,Yes,8,67,Low,No,1,Low,,Public,Positive,4,No,High School,Near,Female,64,Average Performer
6325,21,68,High,High,Yes,6,50,High,Yes,3,Medium,Low,Private,Neutral,4,No,High School,Near,Male,67,Average Performer
6326,20,68,Low,Low,No,8,88,Medium,Yes,5,Low,Low,Private,Neutral,3,No,High School,Moderate,Male,63,Average Performer
6327,17,82,Medium,Low,Yes,6,84,High,Yes,2,Low,Low,Public,Negative,3,No,High School,Moderate,Female,65,Average Performer
6328,21,91,Medium,Medium,Yes,10,78,High,Yes,2,Low,High,Public,Negative,2,No,High School,Near,Male,70,Average Performer
6329,23,73,Medium,High,No,10,85,Medium,Yes,1,Low,Medium,Public,Neutral,3,No,College,Near,Male,67,Average Performer
6330,10,63,Medium,High,No,4,77,Low,No,3,Low,Medium,Private,Neutral,3,No,High School,Near,Male,60,Average Performer
6331,17,79,Low,High,No,8,62,Low,Yes,1,Low,Medium,Public,Neutral,3,No,High School,Near,Female,64,Average Performer
6332,18,90,Low,Medium,No,6,88,Low,Yes,1,Medium,Medium,Private,Negative,1,No,High School,Moderate,Female,65,Average Performer
6333,22,69,Medium,Medium,No,8,89,Low,No,0,Low,High,Public,Positive,5,No,High School,Moderate,Female,64,Average Performer
6334,27,69,Medium,Low,Yes,5,93,Medium,Yes,1,Medium,Medium,Public,Positive,4,No,College,Moderate,Male,67,Average Performer
6335,15,98,Medium,Medium,Yes,9,98,High,Yes,0,Medium,Medium,Private,Positive,3,No,High School,Near,Female,71,Average Performer
6336,17,98,Medium,Medium,No,9,87,Low,Yes,0,High,Medium,Private,Positive,3,No,High School,Moderate,Female,69,Average Performer
6337,17,100,Medium,High,Yes,5,53,Low,Yes,1,Medium,High,Public,Positive,4,No,High School,Near,Male,70,Average Performer
6338,15,92,Medium,Medium,Yes,7,51,Medium,Yes,1,High,High,Public,Positive,3,No,College,Near,Female,69,Average Performer
6339,18,68,High,High,Yes,7,87,High,Yes,3,Medium,Medium,Public,Positive,4,No,High School,Near,Male,69,Average Performer
6340,25,68,Low,Medium,Yes,8,53,Low,Yes,2,Medium,,Public,Neutral,3,No,College,Moderate,Female,64,Average Performer
6341,14,74,Low,Medium,Yes,7,66,Medium,Yes,0,Medium,High,Private,Negative,3,No,Postgraduate,Near,Male,63,Average Performer
6342,23,73,High,Medium,No,8,57,Medium,Yes,3,Medium,Medium,Public,Positive,2,No,College,Near,Male,67,Average Performer
6343,10,98,Medium,Medium,No,7,98,Low,No,0,Medium,Medium,Public,Neutral,3,No,College,Moderate,Female,66,Average Performer
6344,17,92,Medium,High,Yes,8,66,Medium,Yes,2,Low,Medium,Public,Positive,3,No,High School,Near,Female,69,Average Performer
6345,18,89,Medium,Medium,No,5,53,Medium,Yes,5,Low,High,Private,Neutral,4,No,College,Near,Male,69,Average Performer
6346,30,67,Medium,Medium,No,7,97,High,Yes,2,High,Medium,Public,Neutral,3,Yes,,Near,Male,69,Average Performer
6347,18,96,Medium,High,Yes,9,80,High,Yes,1,Low,Medium,Public,Positive,3,No,College,Near,Male,72,Average Performer
6348,7,93,High,High,Yes,9,52,High,Yes,1,Medium,Low,Private,Negative,3,No,High School,Moderate,Female,65,Average Performer
6349,8,67,Medium,Medium,Yes,7,92,Medium,Yes,0,High,High,Private,Positive,2,No,College,Near,Male,63,Average Performer
6350,20,95,Medium,Medium,No,7,58,Low,Yes,1,Low,High,Public,Neutral,4,No,College,Near,Male,69,Average Performer
6351,24,71,High,Medium,Yes,9,90,Low,Yes,3,Medium,High,Private,Neutral,3,No,College,Near,Male,69,Average Performer
6352,22,63,Medium,Low,Yes,7,80,Medium,Yes,2,High,High,Private,Negative,2,No,College,Moderate,Female,64,Average Performer
6353,21,86,Medium,Low,Yes,9,59,High,Yes,2,Medium,High,Private,Positive,3,No,College,Near,Male,69,Average Performer
6354,27,86,Medium,High,No,7,88,Medium,Yes,1,Medium,Medium,Private,Neutral,3,No,Postgraduate,Moderate,Male,72,Average Performer
6355,17,64,Medium,Low,No,7,73,High,Yes,1,Low,Medium,Public,Neutral,4,No,College,Near,Male,62,Average Performer
6356,25,73,High,Medium,Yes,5,82,Low,No,1,Medium,Medium,Private,Positive,3,Yes,High School,Near,Male,66,Average Performer
6357,10,100,Low,Medium,No,5,93,Low,Yes,2,Medium,Low,Public,Neutral,1,No,High School,Far,Female,65,Average Performer
6358,15,87,High,High,Yes,8,63,Medium,Yes,0,High,Medium,Public,Neutral,3,No,College,Near,Female,69,Average Performer
6359,9,89,Medium,Low,No,10,68,High,Yes,1,High,High,Public,Negative,3,No,High School,Near,Female,65,Average Performer
6360,18,69,High,Medium,Yes,7,100,Medium,Yes,3,Medium,High,Public,Negative,2,No,High School,Near,Male,67,Average Performer
6361,20,63,Low,Medium,Yes,7,75,Low,Yes,2,Medium,High,Public,Neutral,2,No,High School,Near,Female,63,Average Performer
6362,21,71,High,Medium,No,9,78,Low,Yes,2,Medium,Medium,Public,Neutral,4,No,High School,Near,Male,66,Average Performer
6363,20,70,Low,Medium,No,8,64,Low,Yes,0,Low,Low,Private,Positive,3,No,High School,Far,Male,61,Average Performer
6364,14,69,High,Medium,Yes,4,71,Medium,Yes,1,Medium,Medium,Public,Positive,4,No,High School,,Female,64,Average Performer
6365,19,68,Medium,Low,Yes,8,75,Low,Yes,1,Medium,Medium,Private,Neutral,4,No,Postgraduate,Near,Male,64,Average Performer
6366,11,83,Medium,Medium,Yes,5,63,Medium,Yes,2,Low,Medium,Public,Neutral,3,No,College,Near,Male,65,Average Performer
6367,28,73,Medium,Low,No,7,62,Medium,Yes,3,High,Medium,Public,Neutral,3,No,Postgraduate,Moderate,Female,68,Average Performer
6368,18,93,Low,High,Yes,6,80,Medium,Yes,1,Medium,Medium,Private,Negative,3,No,High School,Near,Male,69,Average Performer
6369,17,67,Medium,Medium,No,6,59,Medium,Yes,0,Medium,Medium,Public,Negative,3,No,High School,Near,Female,61,Average Performer
6370,30,79,Medium,High,No,7,78,Medium,No,3,High,High,Private,Positive,2,No,Postgraduate,Moderate,Female,72,Average Performer
6371,13,61,Medium,Low,Yes,8,85,Medium,Yes,4,Low,Medium,Private,Neutral,3,No,College,Moderate,Male,61,Average Performer
6372,13,79,High,High,No,7,60,Medium,Yes,1,Low,High,Private,Neutral,4,No,College,Moderate,Male,66,Average Performer
6373,13,62,Low,Medium,Yes,9,87,Medium,Yes,1,Low,Medium,Public,Negative,1,No,College,Moderate,Male,60,Average Performer
6374,20,99,Medium,Low,No,9,68,Low,Yes,1,Low,High,Public,Positive,3,No,Postgraduate,Far,Male,69,Average Performer
6375,23,92,Medium,High,No,9,100,Medium,Yes,1,High,High,Public,Neutral,2,Yes,College,Near,Male,72,Average Performer
6376,24,80,Medium,High,Yes,7,99,Low,Yes,2,Medium,Medium,Public,Negative,2,No,High School,Moderate,Female,69,Average Performer
6377,35,63,High,High,Yes,6,90,Low,Yes,0,Medium,Medium,Public,Positive,3,No,College,Near,Male,71,Average Performer
6378,7,84,Medium,High,No,7,67,Medium,Yes,1,Medium,Medium,Private,Neutral,3,No,College,Near,Male,64,Average Performer
6379,24,90,Low,Low,Yes,9,97,High,Yes,3,Low,Medium,Public,Positive,4,No,High School,Near,Male,71,Average Performer
6380,17,68,Low,Medium,Yes,9,100,High,Yes,1,Medium,High,Public,Negative,3,No,High School,Moderate,Male,64,Average Performer
6381,16,83,Medium,Medium,Yes,4,73,High,Yes,3,Low,Low,Public,Negative,3,No,College,Near,Female,67,Average Performer
6382,16,93,Medium,Low,Yes,7,81,Medium,Yes,2,Low,Medium,Private,Negative,3,Yes,Postgraduate,Moderate,Male,67,Average Performer
6383,15,91,Low,High,Yes,4,50,High,Yes,1,Medium,Medium,Public,Neutral,3,No,High School,Moderate,Female,66,Average Performer
6384,30,92,Low,Medium,Yes,7,52,Medium,Yes,3,High,Medium,Private,Positive,4,No,College,Near,Male,73,Average Performer
6385,25,95,Medium,High,Yes,6,75,Medium,Yes,1,Medium,Medium,Private,Positive,4,No,High School,Moderate,Male,73,Average Performer
6386,20,98,Medium,Medium,No,6,80,Medium,Yes,0,Medium,Medium,Public,Positive,2,No,College,Moderate,Male,70,Average Performer
6387,28,76,Low,Medium,Yes,8,66,Medium,Yes,5,High,Low,Public,Positive,4,No,College,Moderate,Male,70,Average Performer
6388,11,83,Medium,Low,Yes,6,55,Low,Yes,0,Low,Medium,Public,Positive,4,Yes,Postgraduate,Near,Female,62,Average Performer
6389,12,92,High,Low,Yes,7,89,Medium,Yes,1,Medium,High,Private,Neutral,2,No,Postgraduate,Moderate,Male,68,Average Performer
6390,7,88,High,High,Yes,6,71,Medium,Yes,0,Low,Medium,Public,Positive,3,No,High School,Moderate,Female,65,Average Performer
6391,16,100,High,High,Yes,7,82,Medium,Yes,2,High,Medium,Public,Positive,2,No,High School,Near,Male,73,Average Performer
6392,21,61,High,Medium,Yes,8,83,High,No,1,Low,,Private,Neutral,3,No,College,Near,Female,65,Average Performer
6393,21,74,Medium,High,Yes,6,77,High,No,0,Medium,Medium,Public,Neutral,3,No,College,Near,Male,66,Average Performer
6394,21,71,Low,Medium,Yes,8,59,Medium,Yes,3,Low,Medium,Public,Neutral,3,No,College,Moderate,Male,64,Average Performer
6395,12,70,Medium,High,No,7,81,High,Yes,0,Low,Medium,Public,Positive,3,No,High School,Near,Male,63,Average Performer
6396,25,69,Medium,Medium,No,7,66,Medium,No,0,Low,Low,Public,Neutral,3,Yes,College,Near,Male,62,Average Performer
6397,21,88,High,Medium,Yes,6,91,Low,Yes,0,Low,Medium,Private,Neutral,4,No,Postgraduate,Moderate,Female,70,Average Performer
6398,24,63,Medium,Medium,No,8,60,Medium,Yes,3,High,Medium,Public,Neutral,3,No,High School,Near,Male,65,Average Performer
6399,9,90,Medium,Medium,Yes,8,65,Medium,Yes,0,Medium,Medium,Private,Neutral,5,No,High School,Far,Male,64,Average Performer
6400,22,88,Medium,Medium,No,7,72,Low,Yes,4,High,Medium,Public,Negative,2,No,Postgraduate,Near,Male,70,Average Performer
6401,13,70,Medium,Medium,No,7,87,Medium,Yes,1,Low,Low,Public,Neutral,5,No,High School,Near,Male,62,Average Performer
6402,18,70,Medium,Medium,No,8,86,Medium,Yes,5,High,Medium,Public,Positive,2,No,High School,Near,Female,67,Average Performer
6403,23,85,Medium,Low,No,8,67,Low,Yes,1,Medium,Medium,Private,Neutral,3,No,Postgraduate,Far,Female,66,Average Performer
6404,21,90,High,High,Yes,7,76,High,Yes,2,High,High,Public,Positive,3,No,College,Moderate,Female,74,Average Performer
6405,15,95,Medium,High,Yes,9,62,Medium,Yes,2,Medium,Medium,Public,Positive,3,No,High School,Far,Male,69,Average Performer
6406,20,94,Medium,High,Yes,8,89,Low,Yes,0,Medium,Medium,Public,Positive,4,Yes,High School,Moderate,Female,70,Average Performer
6407,11,99,Medium,Medium,No,10,60,Medium,Yes,1,High,Medium,Public,Positive,1,No,College,Near,Female,68,Average Performer
6408,27,83,Medium,Low,No,5,91,Medium,Yes,3,Low,,Public,Neutral,2,No,Postgraduate,Near,Male,70,Average Performer
6409,19,96,Medium,Medium,Yes,8,97,Medium,Yes,3,Medium,Medium,Public,Negative,2,No,High School,Near,Male,71,Average Performer
6410,27,92,Medium,Low,Yes,9,100,High,Yes,2,Medium,High,Public,Positive,0,No,Postgraduate,Moderate,Female,73,Average Performer
6411,17,96,Medium,Medium,No,9,93,Low,Yes,3,Medium,Medium,Private,Neutral,2,No,High School,Far,Male,69,Average Performer
6412,17,60,Low,Low,Yes,7,61,Medium,Yes,1,Low,Medium,Public,Positive,4,No,Postgraduate,Near,Female,61,Average Performer
6413,15,99,Medium,Medium,Yes,5,71,Medium,Yes,0,Medium,Medium,Public,Neutral,2,No,College,Moderate,Male,68,Average Performer
6414,25,79,Medium,Low,Yes,9,54,Medium,Yes,1,Low,Medium,Private,Positive,2,No,Postgraduate,Far,Male,66,Average Performer
6415,16,92,High,Low,Yes,6,58,Low,Yes,0,High,Medium,Private,Positive,4,No,High School,Near,Female,67,Average Performer
6416,24,65,Low,High,Yes,7,52,Medium,Yes,1,High,Medium,Public,Neutral,1,No,Postgraduate,Moderate,Female,64,Average Performer
6417,18,76,Low,High,Yes,10,82,High,Yes,1,Medium,Medium,Private,Negative,4,No,College,Near,Male,67,Average Performer
6418,8,71,High,Medium,Yes,5,77,Medium,No,0,High,Medium,Public,Neutral,4,No,High School,Moderate,Female,61,Average Performer
6419,17,72,Low,Medium,No,8,96,High,Yes,2,Low,High,Public,Neutral,3,No,High School,Near,Male,65,Average Performer
6420,13,65,Low,High,Yes,6,73,Medium,Yes,0,Low,Medium,Private,Positive,3,No,Postgraduate,Near,Female,62,Average Performer
6421,20,92,Low,High,No,6,82,Medium,Yes,0,Medium,Medium,Public,Neutral,5,No,High School,Near,Female,69,Average Performer
6422,13,60,High,High,No,7,70,Medium,Yes,1,Medium,Medium,Public,Negative,3,No,College,Far,Female,61,Average Performer
6423,26,73,High,Medium,No,8,91,Medium,Yes,4,Low,Low,Public,Neutral,5,No,High School,Moderate,Male,69,Average Performer
6424,19,67,Medium,Low,No,8,96,High,No,1,High,Low,Public,Positive,3,No,College,Near,Male,64,Average Performer
6425,19,84,Medium,Low,No,9,72,High,Yes,1,Low,Medium,Public,Positive,3,No,High School,Far,Female,65,Average Performer
6426,24,70,Medium,High,No,6,54,Low,Yes,1,High,Medium,Public,Neutral,1,No,High School,Moderate,Female,64,Average Performer
6427,26,70,High,High,Yes,5,58,Medium,Yes,1,Low,Low,Private,Positive,3,No,Postgraduate,Moderate,Male,68,Average Performer
6428,20,80,Low,Medium,Yes,6,86,High,Yes,1,Low,Medium,Private,Positive,3,No,High School,Near,Female,67,Average Performer
6429,15,86,High,Medium,Yes,8,66,Low,Yes,0,Medium,High,Private,Positive,5,No,College,Near,Male,68,Average Performer
6430,9,65,Low,Medium,Yes,7,89,Medium,Yes,2,Low,Medium,Public,Positive,4,No,High School,Moderate,Male,61,Average Performer
6431,16,67,Medium,High,Yes,4,87,High,Yes,5,High,High,Public,Positive,4,No,College,Near,Male,69,Average Performer
6432,16,70,Low,High,Yes,4,85,High,Yes,0,Medium,Medium,Private,Neutral,3,No,High School,Near,Male,64,Average Performer
6433,21,99,High,Medium,Yes,7,91,Medium,No,3,Medium,Medium,Public,Positive,4,No,College,Near,Male,74,Average Performer
6434,18,76,Medium,Medium,No,8,88,Low,Yes,1,Medium,Medium,Public,Neutral,4,No,College,Near,Female,66,Average Performer
6435,24,84,Medium,Medium,No,6,82,Medium,Yes,1,Medium,Medium,Public,Negative,2,No,High School,Near,Male,68,Average Performer
6436,16,70,Medium,High,Yes,8,50,High,Yes,3,High,Medium,Private,Neutral,3,No,Postgraduate,Far,Male,65,Average Performer
6437,20,80,Medium,High,Yes,5,76,Medium,No,0,Low,Medium,Private,Negative,3,No,College,Near,Female,66,Average Performer
6438,27,63,High,Low,No,7,80,Medium,No,2,Medium,High,Public,Positive,2,No,High School,Near,Female,66,Average Performer
6439,22,61,Medium,Low,No,7,98,High,Yes,3,High,Low,Private,Neutral,2,No,College,Near,Female,65,Average Performer
6440,20,79,Medium,Medium,No,8,83,Medium,Yes,3,Low,Medium,Private,Neutral,4,No,College,Moderate,Male,67,Average Performer
6441,16,76,Low,Medium,Yes,5,79,Medium,Yes,0,Low,High,Public,Positive,4,No,Postgraduate,Moderate,Female,65,Average Performer
6442,16,65,Medium,Medium,No,5,77,Medium,Yes,1,High,High,Public,Positive,3,No,High School,Moderate,Male,63,Average Performer
6443,15,88,High,Medium,No,8,55,Medium,Yes,1,High,High,Private,Neutral,2,No,High School,Near,Male,67,Average Performer
6444,17,100,Medium,High,Yes,5,71,Low,Yes,2,Low,Medium,Public,Neutral,4,No,High School,Near,Male,70,Average Performer
6445,25,76,High,High,Yes,6,57,Low,No,0,Medium,Medium,Public,Positive,3,No,Postgraduate,Moderate,Male,68,Average Performer
6446,19,85,Medium,Medium,Yes,9,53,High,Yes,1,Medium,Medium,Public,Neutral,3,No,College,Far,Male,66,Average Performer
6447,12,99,Medium,Medium,Yes,7,66,Low,Yes,3,Medium,Low,Private,Negative,1,No,Postgraduate,Moderate,Female,67,Average Performer
6448,31,93,Medium,Low,No,8,82,Low,Yes,2,High,High,Private,Neutral,1,No,High School,Near,Male,72,Average Performer
6449,22,79,High,High,Yes,8,93,Medium,Yes,0,Medium,Medium,Private,Negative,2,Yes,High School,Near,Female,68,Average Performer
6450,12,89,Medium,High,No,8,91,Medium,No,1,Low,High,Public,Neutral,2,No,High School,Near,Male,66,Average Performer
6451,17,65,Medium,Medium,No,7,65,Medium,Yes,0,High,Medium,Private,Neutral,4,No,High School,Moderate,Male,62,Average Performer
6452,21,80,High,Low,Yes,6,52,Medium,Yes,1,Low,Medium,Public,Negative,4,No,High School,Near,Male,65,Average Performer
6453,30,71,High,Low,No,10,70,Low,Yes,3,Medium,Medium,Public,Neutral,4,Yes,High School,Near,Female,67,Average Performer
6454,13,66,Medium,Medium,Yes,7,66,Low,Yes,3,Medium,Medium,Public,Negative,2,No,College,Near,Female,62,Average Performer
6455,26,77,Medium,Low,Yes,7,69,Low,Yes,1,High,Medium,Public,Neutral,3,Yes,High School,Near,Female,66,Average Performer
6456,28,65,Medium,Medium,No,8,78,High,No,1,High,Medium,Private,Positive,3,No,College,Near,Female,67,Average Performer
6457,16,88,Medium,Medium,Yes,6,52,Medium,Yes,2,High,High,Public,Positive,3,No,High School,Near,Female,68,Average Performer
6458,18,78,Medium,Medium,Yes,6,69,Medium,Yes,1,Medium,Medium,Public,Negative,4,No,Postgraduate,Moderate,Female,66,Average Performer
6459,14,81,High,High,No,9,78,Medium,Yes,0,Medium,Medium,Private,Positive,4,No,College,Near,Female,68,Average Performer
6460,19,66,Low,Medium,No,6,72,Medium,Yes,2,Low,Medium,Public,Negative,5,No,High School,Near,Male,62,Average Performer
6461,20,66,Medium,High,No,8,83,Medium,Yes,1,Low,,Public,Neutral,2,Yes,College,Near,Male,64,Average Performer
6462,24,83,High,Low,No,8,59,Medium,Yes,1,Low,Medium,Public,Positive,3,No,High School,Near,Male,68,Average Performer
6463,27,99,Low,Low,Yes,7,58,Low,Yes,2,Medium,Medium,Private,Positive,2,No,Postgraduate,Moderate,Male,71,Average Performer
6464,16,64,Medium,Medium,No,7,65,Medium,Yes,2,Medium,High,Public,Neutral,4,No,High School,Near,Male,63,Average Performer
6465,8,71,High,Medium,No,8,55,High,Yes,1,Low,High,Public,Positive,2,No,College,Moderate,Male,62,Average Performer
6466,20,95,High,Low,Yes,7,62,Low,Yes,1,Low,Low,Private,Positive,3,No,College,Near,Male,69,Average Performer
6467,22,63,Medium,Medium,Yes,4,54,Medium,Yes,0,Medium,Medium,Private,Positive,3,No,High School,Moderate,Male,62,Average Performer
6468,21,95,Low,Medium,Yes,9,70,Medium,Yes,3,High,Medium,Public,Positive,3,No,High School,Near,Female,71,Average Performer
6469,18,81,Low,High,Yes,6,86,Medium,Yes,3,Low,Medium,Public,Positive,4,No,College,Near,Male,69,Average Performer
6470,21,76,Medium,Medium,Yes,7,64,Low,Yes,1,Medium,High,Private,Positive,2,No,High School,Moderate,Male,66,Average Performer
6471,29,72,Low,Medium,No,5,50,Low,Yes,0,Low,Medium,Public,Neutral,4,No,High School,Near,Female,64,Average Performer
6472,22,72,Low,High,No,6,78,Low,No,1,Low,High,Public,Neutral,3,No,Postgraduate,Near,Male,65,Average Performer
6473,18,72,High,High,No,6,85,High,Yes,1,High,High,Private,Positive,1,No,High School,Moderate,Male,68,Average Performer
6474,17,95,High,Medium,No,7,70,High,Yes,1,Low,Medium,Public,Neutral,3,No,High School,Near,Male,69,Average Performer
6475,19,89,High,Medium,Yes,6,65,Low,Yes,2,Low,Medium,Public,Neutral,3,Yes,Postgraduate,Near,Male,68,Average Performer
6476,30,87,Low,Medium,Yes,10,75,Low,Yes,3,Low,Low,Public,Neutral,4,No,College,Near,Male,71,Average Performer
6477,19,92,Low,Medium,No,7,55,Medium,Yes,1,Medium,Medium,Public,Neutral,5,No,High School,Far,Male,66,Average Performer
6478,20,70,High,Low,No,8,82,Medium,Yes,2,Low,High,Private,Positive,3,No,High School,Moderate,Male,65,Average Performer
6479,17,85,High,Medium,Yes,7,87,Medium,Yes,1,Low,Medium,Private,Neutral,1,No,,Near,Female,68,Average Performer
6480,27,78,High,High,No,8,85,Medium,Yes,0,High,Medium,Public,Positive,3,No,College,Near,Male,72,Average Performer
6481,32,91,High,Medium,Yes,4,66,Medium,Yes,3,Low,High,Public,Neutral,2,No,Postgraduate,Near,Female,75,Top Performer
6482,23,72,High,Low,Yes,6,92,Low,Yes,2,High,Medium,Public,Negative,3,No,College,Near,Male,67,Average Performer
6483,20,86,Medium,Medium,No,6,97,Low,Yes,1,Low,Medium,Private,Neutral,2,No,High School,Moderate,Male,67,Average Performer
6484,20,95,Medium,Medium,No,6,65,High,Yes,2,Low,Medium,Public,Neutral,3,No,College,Near,Female,70,Average Performer
6485,6,76,Medium,Medium,Yes,8,63,Medium,Yes,5,Medium,Medium,Public,Neutral,3,No,College,Near,Male,64,Average Performer
6486,24,63,Medium,Medium,Yes,8,85,High,Yes,1,Low,Medium,Private,Positive,3,No,High School,Far,Female,65,Average Performer
6487,21,81,Medium,Medium,Yes,7,85,Medium,Yes,1,Low,High,Public,Negative,3,No,Postgraduate,Moderate,Male,68,Average Performer
6488,23,74,High,High,No,7,76,Medium,Yes,1,Medium,Low,Public,Neutral,2,No,College,Moderate,Female,67,Average Performer
6489,16,87,Low,Medium,Yes,10,96,Medium,No,1,Low,High,Public,Positive,1,No,College,Moderate,Male,66,Average Performer
6490,18,98,High,Medium,No,7,57,Low,Yes,0,High,Medium,Private,Neutral,1,No,Postgraduate,Moderate,Male,69,Average Performer
6491,18,79,Low,High,No,4,74,Low,Yes,2,Low,Medium,Public,Negative,1,No,High School,Near,Female,64,Average Performer
6492,26,79,Medium,High,Yes,8,52,High,Yes,1,Medium,Medium,Public,Negative,3,Yes,Postgraduate,Near,Female,68,Average Performer
6493,18,86,High,Medium,No,8,53,Low,Yes,5,Low,High,Private,Negative,3,No,High School,Near,Male,68,Average Performer
6494,32,64,Low,High,Yes,9,53,Low,No,1,Low,Medium,Private,Positive,3,No,College,Near,Female,65,Average Performer
6495,23,70,Medium,Medium,Yes,8,75,Medium,Yes,0,High,Medium,Public,Positive,2,No,High School,Moderate,Male,65,Average Performer
6496,12,97,Low,Medium,Yes,6,79,Medium,No,1,Medium,Medium,Public,Negative,2,No,High School,Near,Male,65,Average Performer
6497,19,87,High,Medium,No,8,50,Low,Yes,0,High,High,Public,Neutral,2,No,High School,Near,Female,67,Average Performer
6498,16,61,High,Medium,Yes,7,82,Medium,Yes,2,Low,Medium,Public,Negative,3,No,High School,Near,Female,63,Average Performer
6499,7,68,High,Medium,No,9,74,Medium,Yes,1,Low,High,Public,Positive,3,No,High School,Near,Female,62,Average Performer
6500,30,87,High,Medium,Yes,9,61,High,Yes,2,Medium,High,Private,Neutral,4,No,High School,Moderate,Male,73,Average Performer
6501,24,91,High,High,Yes,7,51,High,Yes,2,Medium,Medium,Public,Neutral,3,No,High School,Moderate,Male,72,Average Performer
6502,23,94,Low,Medium,No,8,58,High,Yes,5,Low,Low,Public,Neutral,6,No,High School,Near,Female,71,Average Performer
6503,21,72,Medium,Medium,No,9,80,High,Yes,3,Low,Medium,Public,Neutral,4,No,High School,Near,Male,67,Average Performer
6504,12,97,Medium,Low,Yes,7,83,Medium,Yes,0,Low,Medium,Public,Neutral,2,No,College,Moderate,Male,66,Average Performer
6505,17,82,Medium,High,Yes,10,82,High,Yes,1,Medium,Medium,Private,Positive,2,No,High School,Moderate,Male,68,Average Performer
6506,25,88,High,High,Yes,9,58,Low,Yes,0,Low,Medium,Public,Negative,4,No,Postgraduate,Near,Male,70,Average Performer
6507,14,84,Medium,Medium,Yes,6,96,Medium,No,2,Low,Medium,Private,Neutral,2,No,Postgraduate,Far,Male,66,Average Performer
6508,5,65,Low,High,No,7,71,Medium,Yes,0,Low,Medium,Private,Negative,2,No,College,Far,Male,56,Average Performer
6509,19,99,Medium,High,Yes,8,88,High,No,1,Low,High,Public,Positive,3,No,High School,Far,Female,71,Average Performer
6510,19,65,Low,High,No,10,58,Medium,Yes,2,Medium,High,Private,Positive,3,No,Postgraduate,Moderate,Female,64,Average Performer
6511,21,70,Medium,Medium,No,8,74,Low,Yes,2,Medium,Medium,Public,Positive,3,No,Postgraduate,Far,Male,65,Average Performer
6512,24,93,Medium,Medium,Yes,7,76,High,Yes,2,Low,Medium,Public,Neutral,1,Yes,High School,Near,Male,70,Average Performer
6513,24,85,High,Low,Yes,9,89,Medium,Yes,1,Low,Medium,Public,Positive,2,No,Postgraduate,Moderate,Male,70,Average Performer
6514,22,94,Low,High,Yes,7,81,Medium,Yes,2,Medium,High,Public,Neutral,4,No,High School,Far,Male,71,Average Performer
6515,27,81,High,High,Yes,6,70,Medium,Yes,0,Low,Medium,Public,Positive,5,No,High School,Far,Female,70,Average Performer
6516,11,75,Low,High,No,8,64,Medium,Yes,3,Low,Medium,Public,Neutral,3,Yes,College,Moderate,Female,62,Average Performer
6517,23,97,Medium,Medium,Yes,6,99,Low,Yes,1,Low,Medium,Private,Positive,3,No,High School,Near,Female,72,Average Performer
6518,24,61,Medium,Medium,No,10,64,Low,Yes,0,Low,Medium,Private,Positive,3,No,High School,Near,Female,62,Average Performer
6519,13,94,Low,Medium,Yes,7,56,High,Yes,2,Low,High,Public,Neutral,4,No,College,Near,Male,67,Average Performer
6520,11,69,Low,Medium,Yes,8,65,Low,Yes,0,Low,Medium,Public,Negative,2,No,College,Moderate,Male,58,Average Performer
6521,16,94,Low,Medium,Yes,6,66,Medium,Yes,3,Medium,High,Public,Negative,4,No,College,Near,Female,69,Average Performer
6522,16,66,Medium,Low,No,9,56,Medium,Yes,0,Low,High,Private,Positive,4,Yes,College,Near,Female,60,Average Performer
6523,25,83,High,High,Yes,7,85,High,Yes,2,Low,Medium,Public,Negative,4,No,College,Near,Male,72,Average Performer
6524,16,96,Medium,Medium,No,7,81,Medium,Yes,0,Low,Low,Public,Negative,3,No,High School,Moderate,Male,66,Average Performer
6525,15,79,Medium,High,Yes,7,66,Medium,Yes,2,Low,Medium,Public,Positive,3,No,College,Far,Female,66,Average Performer
6526,16,90,Medium,High,Yes,5,100,Low,Yes,1,High,Medium,Private,Negative,4,No,High School,Moderate,Male,69,Average Performer
6527,27,92,Low,Medium,Yes,7,83,Low,Yes,2,Low,Medium,Public,Positive,4,Yes,College,Moderate,Female,70,Average Performer
6528,20,89,Low,Medium,Yes,8,85,Medium,Yes,2,Medium,High,Public,Positive,1,No,Postgraduate,Near,Female,70,Average Performer
6529,19,97,High,High,No,5,78,Low,Yes,0,Medium,Low,Private,Negative,3,No,College,Moderate,Male,70,Average Performer
6530,19,78,Low,High,Yes,9,78,Medium,Yes,2,Low,High,Public,Negative,2,No,College,Near,Female,67,Average Performer
6531,28,67,High,Medium,Yes,7,51,Medium,Yes,2,Medium,Medium,Public,Neutral,3,No,High School,Near,Female,67,Average Performer
6532,16,62,Low,Low,No,7,89,High,Yes,0,Medium,Medium,Public,Neutral,3,No,High School,Far,Female,59,Average Performer
6533,28,70,Medium,Medium,Yes,4,96,Low,Yes,1,Medium,Medium,Private,Positive,2,No,,Moderate,Male,67,Average Performer
6534,21,66,High,Medium,Yes,7,56,Medium,Yes,1,Low,Medium,Private,Neutral,4,No,Postgraduate,Moderate,Male,65,Average Performer
6535,19,82,Medium,Medium,No,5,90,Medium,Yes,1,High,Medium,Public,Negative,3,No,College,Near,Male,68,Average Performer
6536,35,67,High,High,Yes,6,77,Low,Yes,1,Low,Medium,Public,Positive,3,No,College,Near,Male,71,Average Performer
6537,14,62,Medium,Medium,No,5,64,Medium,Yes,2,Low,Medium,Public,Neutral,3,No,College,Near,Male,61,Average Performer
6538,18,61,Medium,Medium,Yes,6,96,Medium,Yes,0,Medium,Medium,Public,Negative,3,No,High School,Near,Male,63,Average Performer
6539,13,93,Medium,High,Yes,7,51,Low,Yes,1,Low,High,Private,Neutral,3,No,High School,Near,Female,67,Average Performer
6540,26,84,High,Medium,No,7,64,Medium,No,1,Medium,High,Public,Neutral,4,No,College,Near,Male,69,Average Performer
6541,30,74,Medium,High,No,8,94,Low,Yes,0,Medium,Medium,Public,Positive,3,No,High School,Near,Male,70,Average Performer
6542,30,96,Medium,Low,Yes,4,74,High,No,0,Low,Low,Public,Negative,3,No,High School,Moderate,Male,69,Average Performer
6543,27,63,High,Medium,Yes,7,80,Medium,Yes,1,Low,High,Public,Neutral,4,No,High School,Far,Female,66,Average Performer
6544,19,99,Medium,Low,Yes,7,87,Low,Yes,1,Medium,Medium,Public,Positive,4,No,High School,Moderate,Female,70,Average Performer
6545,18,85,Medium,Medium,Yes,6,57,Low,Yes,2,Medium,High,Public,Neutral,2,No,Postgraduate,Moderate,Male,67,Average Performer
6546,10,67,High,High,No,6,61,Medium,Yes,0,Low,High,Private,Neutral,2,No,High School,Near,Female,61,Average Performer
6547,32,87,Medium,High,Yes,9,100,Medium,Yes,2,Medium,Low,Private,Neutral,2,No,Postgraduate,Moderate,Male,74,Average Performer
6548,23,91,Medium,High,Yes,10,62,Low,Yes,1,Medium,High,Private,Negative,3,No,College,Near,Male,70,Average Performer
6549,17,77,High,Medium,Yes,4,77,Low,Yes,0,Medium,Medium,Private,Positive,4,No,High School,Near,Female,66,Average Performer
6550,28,94,Medium,High,Yes,6,65,High,Yes,1,Low,High,Public,Positive,1,No,High School,Near,Female,73,Average Performer
6551,14,66,Medium,Medium,Yes,5,93,Medium,Yes,1,Medium,Medium,Private,Negative,2,No,High School,Near,Male,62,Average Performer
6552,22,71,Medium,Low,Yes,7,98,Low,Yes,2,Low,High,Public,Neutral,2,No,High School,Moderate,Female,65,Average Performer
6553,19,64,High,Medium,No,9,57,Low,Yes,0,Medium,High,Private,Neutral,3,No,High School,Near,Female,62,Average Performer
6554,24,68,Low,Medium,Yes,8,80,Medium,No,1,Low,Low,Public,Positive,4,No,Postgraduate,Moderate,Male,64,Average Performer
6555,20,70,Medium,Medium,Yes,7,91,Medium,Yes,1,Low,Medium,Public,Negative,2,No,High School,Far,Male,63,Average Performer
6556,11,97,Medium,Medium,No,7,91,Medium,Yes,1,Medium,Medium,Public,Positive,4,No,High School,Near,Male,69,Average Performer
6557,20,63,Medium,Medium,No,7,72,Low,Yes,3,Low,High,Public,Negative,5,Yes,Postgraduate,Near,Male,63,Average Performer
6558,26,77,Medium,Medium,Yes,8,61,Medium,Yes,1,Low,Medium,Public,Neutral,4,No,College,Moderate,Male,67,Average Performer
6559,20,81,Medium,Low,No,8,69,Medium,Yes,1,Medium,Medium,Private,Neutral,2,No,High School,Near,Female,65,Average Performer
6560,25,96,Medium,High,No,8,88,Medium,Yes,0,Low,Medium,Private,Neutral,1,No,High School,Near,Male,71,Average Performer
6561,14,100,Medium,Medium,Yes,4,100,Medium,Yes,3,Low,Medium,Public,Neutral,3,No,Postgraduate,Moderate,Female,71,Average Performer
6562,20,90,Medium,Medium,No,7,78,High,Yes,0,Medium,High,Public,Positive,4,Yes,Postgraduate,Far,Male,69,Average Performer
6563,16,99,Medium,High,Yes,7,60,Medium,Yes,2,Low,High,Private,Neutral,3,No,Postgraduate,Moderate,Male,71,Average Performer
6564,24,91,Low,Medium,Yes,8,52,Medium,Yes,1,Low,Medium,Public,Neutral,5,No,High School,Near,Male,68,Average Performer
6565,20,99,Low,Medium,Yes,7,97,Medium,Yes,2,Low,Medium,Public,Neutral,0,No,High School,Near,Male,70,Average Performer
6566,24,88,Medium,High,Yes,8,74,Medium,Yes,0,Low,High,Private,Neutral,3,No,Postgraduate,Near,Male,71,Average Performer
6567,27,63,Medium,Medium,Yes,6,86,Medium,Yes,1,Medium,Medium,Public,Positive,4,No,Postgraduate,Near,Female,68,Average Performer
6568,24,76,Low,High,No,8,83,Medium,Yes,1,High,Medium,Private,Positive,4,No,High School,Near,Female,69,Average Performer
6569,22,86,Medium,Medium,Yes,9,95,Medium,Yes,4,Medium,Low,Private,Positive,2,No,College,Near,Male,71,Average Performer
6570,14,74,High,Medium,No,5,63,Low,No,2,Low,High,Private,Positive,3,No,College,Far,Female,63,Average Performer
6571,20,71,Low,Medium,No,5,72,Medium,Yes,4,Medium,Medium,Public,Positive,4,No,Postgraduate,Moderate,Male,66,Average Performer
6572,17,83,Medium,Medium,No,8,96,Medium,Yes,1,Low,Medium,Public,Positive,3,No,College,Moderate,Male,67,Average Performer
6573,18,97,High,Low,Yes,7,79,Medium,Yes,3,High,Medium,Private,Positive,3,No,High School,Far,Male,71,Average Performer
6574,18,61,Low,Low,No,9,54,Medium,Yes,0,Medium,Medium,Public,Neutral,2,No,College,Near,Female,59,Average Performer
6575,14,91,High,Medium,Yes,7,60,Medium,Yes,0,High,Medium,Public,Neutral,2,No,High School,Near,Male,67,Average Performer
6576,8,89,High,High,No,8,62,Medium,Yes,2,Medium,Medium,Public,Positive,4,Yes,High School,Moderate,Male,66,Average Performer
6577,16,99,Low,High,Yes,6,100,High,Yes,1,High,High,Public,Positive,3,No,High School,Far,Female,72,Average Performer
6578,21,97,High,High,No,8,61,Low,Yes,0,Low,High,Public,Neutral,3,Yes,Postgraduate,Near,Female,70,Average Performer
6579,12,90,Medium,Medium,Yes,8,93,Low,Yes,3,High,Medium,Public,Neutral,3,No,High School,Near,Female,68,Average Performer
6580,20,81,Low,Medium,No,6,54,Low,Yes,0,Low,Low,Public,Positive,2,No,College,Moderate,Female,63,Average Performer
6581,31,68,Medium,Medium,No,9,59,Medium,Yes,3,High,High,Public,Neutral,2,No,Postgraduate,Near,Female,69,Average Performer
6582,26,82,Low,Medium,No,4,94,Low,Yes,0,Low,Low,Private,Positive,3,No,High School,Near,Male,67,Average Performer
6583,30,91,Medium,High,Yes,7,95,Low,Yes,1,Medium,High,Public,Positive,3,No,College,Near,Female,75,Top Performer
6584,22,96,Low,Low,Yes,5,59,Medium,Yes,0,Medium,High,Private,Positive,2,No,High School,Far,Female,67,Average Performer
6585,27,92,High,High,Yes,5,61,Medium,Yes,0,Medium,High,Private,Positive,3,No,Postgraduate,Near,Male,74,Average Performer
6586,16,68,Medium,High,Yes,8,77,Medium,Yes,1,Medium,High,Public,Positive,4,No,Postgraduate,Moderate,Male,66,Average Performer
6587,16,84,Medium,High,Yes,5,53,Medium,No,2,Low,Medium,Public,Neutral,1,No,High School,Near,Male,65,Average Performer
6588,4,73,Low,Medium,Yes,5,97,High,Yes,1,Low,High,Public,Negative,1,No,High School,Near,Male,60,Average Performer
6589,27,60,Medium,High,No,8,68,High,Yes,1,Medium,Medium,Private,Negative,4,Yes,High School,Far,Female,63,Average Performer
6590,29,68,Low,High,Yes,5,74,Low,Yes,3,High,High,Public,Neutral,2,Yes,Postgraduate,Near,Male,69,Average Performer
6591,17,65,High,High,No,9,55,Medium,Yes,1,Medium,Medium,Public,Positive,2,No,High School,Near,Male,64,Average Performer
6592,18,94,Low,Medium,Yes,8,52,Medium,Yes,1,Medium,Medium,Private,Positive,4,No,College,Near,Female,68,Average Performer
6593,15,70,Medium,Medium,No,6,73,Low,Yes,2,Medium,Low,Public,Positive,4,No,,Moderate,Male,63,Average Performer
6594,22,71,Medium,Medium,Yes,8,56,Low,Yes,0,Medium,High,Public,Neutral,2,No,Postgraduate,Near,Male,65,Average Performer
6595,27,98,Medium,High,No,4,82,Medium,Yes,0,High,Medium,Public,Positive,3,No,High School,Near,Female,74,Average Performer
6596,10,75,Medium,High,Yes,8,90,Medium,Yes,2,Low,Medium,Public,Positive,2,No,Postgraduate,Moderate,Male,65,Average Performer
6597,22,60,Medium,Medium,Yes,5,52,Medium,Yes,0,Low,Medium,Public,Negative,2,No,High School,Near,Female,61,Average Performer
6598,18,71,Medium,High,Yes,6,81,Medium,Yes,1,Low,High,Public,Positive,3,No,High School,Near,Male,66,Average Performer
6599,21,65,Medium,High,Yes,6,91,High,Yes,1,Medium,High,Public,Positive,3,No,High School,Moderate,Male,67,Average Performer
6600,23,64,High,Medium,Yes,9,72,Medium,Yes,0,Low,High,Public,Positive,3,No,College,Near,Male,66,Average Performer
6601,19,63,High,Medium,No,6,98,High,Yes,4,High,Medium,Private,Positive,2,No,Postgraduate,Near,Male,69,Average Performer
6602,19,84,Medium,Medium,Yes,7,56,Low,Yes,2,Low,Medium,Public,Neutral,3,No,High School,Moderate,Female,65,Average Performer
6603,19,68,High,High,No,6,66,Medium,Yes,2,Medium,Medium,Public,Neutral,3,No,High School,Far,Female,65,Average Performer
6604,26,74,High,Medium,No,6,62,Medium,Yes,0,Low,Medium,Private,Neutral,3,No,High School,Near,Female,66,Average Performer
6605,23,94,Medium,High,No,5,100,Low,Yes,2,Medium,High,Public,Neutral,2,No,Postgraduate,Near,Male,73,Average Performer
6606,21,77,Low,Medium,Yes,7,65,Medium,Yes,2,Low,High,Public,Negative,2,No,High School,Moderate,Female,64,Average Performer
6607,12,97,Medium,Low,Yes,7,69,Low,Yes,0,Low,High,Public,Positive,5,No,High School,Near,Female,67,Average Performer
6608,18,80,Medium,Low,Yes,8,92,High,Yes,0,Medium,High,Private,Positive,1,No,College,Near,Male,67,Average Performer
6609,25,76,Medium,Low,Yes,7,96,Medium,Yes,3,Medium,Medium,Public,Positive,4,Yes,High School,Near,Female,68,Average Performer
6610,20,90,Medium,Low,Yes,7,97,Medium,Yes,2,High,High,Public,Positive,3,No,College,Moderate,Male,71,Average Performer
6611,24,63,Medium,Medium,Yes,8,78,Medium,Yes,0,Low,High,Private,Negative,3,No,High School,Near,Male,64,Average Performer
6612,31,64,Medium,Medium,Yes,6,83,Medium,Yes,1,Medium,Medium,Public,Positive,2,No,High School,Moderate,Female,67,Average Performer
6613,26,86,Medium,Low,No,5,67,Medium,Yes,2,Low,High,Private,Positive,1,No,High School,Moderate,Female,68,Average Performer
6614,21,79,Low,Medium,Yes,8,80,High,Yes,1,Low,High,Private,Negative,3,No,College,Near,Male,67,Average Performer
6615,17,92,Low,Medium,Yes,6,65,High,Yes,3,Medium,High,Public,Positive,2,No,College,Near,Male,70,Average Performer
6616,5,97,Medium,Low,Yes,7,87,Medium,Yes,2,Medium,Medium,Private,Neutral,3,Yes,High School,Far,Female,64,Average Performer
6617,19,76,Medium,Medium,Yes,6,65,Medium,Yes,0,Low,Medium,Public,Neutral,4,Yes,High School,Near,Female,63,Average Performer
6618,18,84,High,High,No,6,94,Medium,Yes,3,High,Medium,Public,Neutral,4,No,High School,Near,Male,71,Average Performer
6619,22,80,Low,Low,No,4,57,Low,Yes,1,Low,Medium,Public,Neutral,3,No,Postgraduate,Moderate,Male,64,Average Performer
6620,19,99,Low,Low,No,8,79,High,Yes,3,Medium,Medium,Private,Positive,4,No,High School,Near,Male,70,Average Performer
6621,18,93,Medium,High,No,4,76,High,Yes,3,Low,Medium,Public,Negative,3,No,College,Near,Female,70,Average Performer
6622,9,96,Medium,High,Yes,9,63,Medium,Yes,1,High,Medium,Private,Neutral,1,No,High School,Near,Male,67,Average Performer
6623,14,70,Medium,Medium,Yes,9,51,Low,Yes,1,Low,High,Public,Negative,4,No,College,Near,Male,62,Average Performer
6624,23,91,Medium,Medium,No,6,57,Low,Yes,2,Low,High,Private,Positive,2,No,High School,Near,Male,69,Average Performer
6625,30,71,Low,High,No,9,98,Low,Yes,2,High,Medium,Public,Positive,1,No,High School,Moderate,Female,69,Average Performer
6626,19,68,Low,High,No,10,97,Low,No,0,Low,Medium,Public,Positive,3,No,College,Far,Female,62,Average Performer
6627,22,98,Low,Medium,No,7,56,High,Yes,1,High,Medium,Private,Neutral,1,No,College,Near,Female,70,Average Performer
6628,26,61,Medium,Medium,Yes,8,69,High,Yes,2,Medium,High,Public,Positive,3,No,High School,Near,Male,66,Average Performer
6629,15,99,High,Medium,No,7,73,Low,Yes,1,Low,Medium,Public,Positive,3,No,High School,Near,Male,69,Average Performer
6630,22,66,Medium,Low,Yes,9,74,Medium,Yes,3,Low,High,Public,Negative,3,No,Postgraduate,Near,Female,65,Average Performer
6631,16,93,Low,High,Yes,5,65,Low,Yes,0,Medium,Medium,Public,Negative,3,No,High School,Near,Female,66,Average Performer
6632,25,71,High,Medium,Yes,7,96,Low,Yes,2,Low,Medium,Public,Positive,3,No,High School,Near,Female,69,Average Performer
6633,21,74,High,Medium,Yes,8,95,Low,Yes,1,Medium,Medium,Private,Positive,5,Yes,High School,Far,Female,66,Average Performer
6634,22,69,Low,High,Yes,8,51,Medium,Yes,1,Low,High,Public,Positive,3,No,High School,Near,Female,65,Average Performer
6635,15,83,Medium,Low,Yes,7,83,Low,Yes,1,High,Medium,Public,Neutral,2,No,Postgraduate,Near,Female,66,Average Performer
6636,24,74,Low,Low,Yes,9,54,Medium,Yes,1,Low,,Public,Neutral,3,No,,Near,Female,63,Average Performer
6637,33,86,Low,Medium,Yes,7,80,Medium,Yes,0,Low,High,Public,Neutral,3,No,Postgraduate,Near,Female,72,Average Performer
6638,14,61,Medium,Medium,Yes,7,93,Low,Yes,3,Medium,High,Public,Negative,2,No,High School,Moderate,Male,62,Average Performer
6639,18,63,High,High,No,8,82,Medium,Yes,1,High,Medium,Private,Negative,1,No,High School,Near,Male,64,Average Performer
6640,21,64,Medium,Low,No,7,73,High,Yes,2,Low,Medium,Public,Negative,2,Yes,College,Far,Female,61,Average Performer
6641,25,77,High,Medium,Yes,7,98,Low,Yes,0,High,Medium,Public,Positive,2,No,High School,Near,Male,70,Average Performer
6642,17,93,Medium,Medium,No,6,87,Medium,Yes,1,Low,High,Private,Negative,2,No,High School,Moderate,Female,67,Average Performer
6643,3,96,High,High,Yes,10,62,Medium,Yes,3,Low,Medium,Private,Neutral,4,No,High School,Far,Male,66,Average Performer
6644,28,70,Medium,Medium,Yes,6,69,Medium,Yes,2,Low,Low,Public,Positive,4,Yes,High School,Near,Male,66,Average Performer
6645,25,83,Low,Medium,Yes,8,88,Low,Yes,1,Medium,High,Public,Neutral,3,Yes,College,Near,Male,68,Average Performer
6646,10,91,High,High,Yes,10,51,Medium,Yes,0,Low,Medium,Public,Positive,3,No,Postgraduate,Moderate,Male,67,Average Performer
6647,16,72,Medium,High,No,5,53,Medium,Yes,1,High,High,Public,Positive,3,No,College,Near,Male,65,Average Performer
6648,29,76,Medium,High,Yes,8,93,Low,No,0,Medium,High,Public,Positive,4,No,College,Moderate,Male,70,Average Performer
6649,29,81,Medium,Medium,Yes,7,52,Medium,No,1,High,Medium,Public,Neutral,4,No,College,Near,Female,69,Average Performer
6650,26,65,Medium,Medium,Yes,10,84,Medium,Yes,1,Low,High,Public,Positive,4,No,Postgraduate,Near,Male,68,Average Performer
6651,19,61,Medium,Medium,No,6,66,Medium,Yes,0,High,Medium,Public,Neutral,1,No,High School,Near,Male,61,Average Performer
6652,20,66,Medium,High,Yes,6,91,Low,Yes,0,Medium,High,Public,Negative,5,No,High School,Far,Male,65,Average Performer
6653,19,85,High,High,No,7,92,Medium,Yes,3,Medium,Medium,Public,Neutral,2,No,College,Near,Female,71,Average Performer
6654,27,63,Medium,High,No,6,98,Low,Yes,0,Medium,Medium,Private,Negative,3,No,High School,Near,Female,66,Average Performer
6655,15,68,Medium,High,No,6,55,Medium,No,0,High,Medium,Private,Positive,3,No,High School,Near,Female,62,Average Performer
6656,15,74,Low,Low,No,10,71,Medium,Yes,0,Low,High,Public,Negative,2,No,Postgraduate,Near,Male,61,Average Performer
6657,26,63,High,High,Yes,7,79,Medium,Yes,1,Low,High,Public,Negative,2,No,High School,Near,Male,67,Average Performer
6658,20,68,Medium,High,Yes,6,96,Medium,Yes,0,Low,High,Public,Neutral,3,No,High School,Near,Female,66,Average Performer
6659,28,96,Low,High,No,6,63,High,No,1,High,Medium,Public,Positive,2,No,High School,Moderate,Female,71,Average Performer
6660,16,61,Medium,High,Yes,8,54,High,Yes,0,Low,High,Private,Positive,3,No,College,Moderate,Male,62,Average Performer
6661,20,86,Medium,Medium,Yes,8,60,Low,Yes,1,High,Medium,Public,Neutral,3,Yes,Postgraduate,Near,Male,67,Average Performer
6662,14,75,Medium,Medium,Yes,6,75,Medium,Yes,0,Low,High,Public,Neutral,2,No,High School,Near,Male,64,Average Performer
6663,20,87,Medium,Low,No,5,84,Medium,Yes,2,Medium,Medium,Private,Neutral,3,No,High School,Near,Male,68,Average Performer
6664,11,84,Medium,Medium,Yes,7,85,High,Yes,3,Medium,Medium,Public,Neutral,4,No,College,Moderate,Female,67,Average Performer
6665,17,69,Medium,Medium,Yes,7,54,High,Yes,1,High,Low,Public,Neutral,2,No,High School,Near,Male,63,Average Performer
6666,11,94,High,High,No,6,88,Medium,Yes,2,Medium,Medium,Public,Positive,4,No,High School,Near,Male,70,Average Performer
6667,24,80,Low,High,Yes,9,83,Medium,Yes,1,Low,Low,Public,Negative,1,No,High School,Near,Male,67,Average Performer
6668,24,93,Medium,High,Yes,8,70,Low,Yes,1,Medium,High,Private,Neutral,3,No,High School,Moderate,Female,71,Average Performer
6669,10,76,Medium,Low,Yes,7,79,Low,Yes,3,Medium,Medium,Private,Neutral,4,No,High School,Far,Female,62,Average Performer
6670,28,99,Medium,Medium,Yes,6,88,Medium,Yes,3,Low,Medium,Public,Positive,4,No,High School,Near,Female,75,Top Performer
6671,35,91,Low,Medium,Yes,10,63,Low,Yes,1,Medium,Medium,Public,Neutral,5,No,High School,Near,Male,72,Average Performer
6672,20,99,Medium,Low,Yes,5,97,Low,Yes,4,High,Medium,Public,Neutral,3,No,College,Near,Female,73,Average Performer
6673,16,81,Low,Medium,No,6,57,High,Yes,3,Low,Low,Private,Positive,3,No,High School,Near,Male,64,Average Performer
6674,37,79,Medium,High,No,6,95,High,Yes,1,High,Medium,Public,Negative,1,No,High School,Near,Male,73,Average Performer
6675,12,90,Medium,Low,Yes,7,87,Low,Yes,2,Low,High,Public,Neutral,2,No,Postgraduate,Far,Male,66,Average Performer
6676,20,95,Low,Low,No,8,83,High,Yes,1,Medium,Medium,Private,Positive,3,No,High School,Near,Female,69,Average Performer
6677,21,99,Medium,Medium,Yes,5,54,High,Yes,1,Low,Medium,Public,Neutral,4,No,College,Moderate,Male,70,Average Performer
6678,28,73,Medium,High,Yes,6,96,Medium,Yes,1,Medium,Medium,Public,Negative,0,No,Postgraduate,Near,Female,70,Average Performer
6679,22,92,High,High,No,8,65,Medium,Yes,0,Medium,High,Private,Positive,2,No,High School,Moderate,Male,71,Average Performer
6680,17,68,Low,High,Yes,6,87,High,Yes,0,Low,Medium,Private,Positive,4,Yes,College,Near,Male,64,Average Performer
6681,14,82,Medium,High,No,6,94,Low,Yes,7,Medium,High,Private,Negative,4,No,Postgraduate,Near,Male,71,Average Performer
6682,18,67,High,Medium,Yes,7,62,High,Yes,1,Low,Low,Private,Positive,2,No,High School,Far,Male,63,Average Performer
6683,14,74,High,High,Yes,6,96,Low,Yes,2,Low,High,Public,Neutral,4,No,College,Near,Male,68,Average Performer
6684,20,97,Medium,Medium,No,7,81,Medium,Yes,3,Medium,High,Public,Neutral,3,Yes,College,Near,Male,71,Average Performer
6685,17,66,Medium,Medium,Yes,8,83,Medium,Yes,4,Medium,High,Private,Negative,5,No,High School,Moderate,Male,65,Average Performer
6686,11,85,High,Medium,Yes,7,96,Medium,No,1,Low,Medium,Public,Neutral,3,No,High School,Near,Male,66,Average Performer
6687,28,84,High,High,Yes,9,76,High,Yes,0,High,Medium,Private,Negative,3,No,High School,Near,Male,72,Average Performer
6688,17,65,High,High,Yes,8,72,Low,Yes,1,Low,Medium,Public,Positive,4,No,College,Moderate,Male,65,Average Performer
6689,12,73,Low,Medium,No,7,82,Medium,No,1,Low,Medium,Public,Positive,3,No,High School,Far,Male,60,Average Performer
6690,19,83,Low,Medium,No,7,78,High,No,2,Low,High,Public,Positive,4,No,Postgraduate,Moderate,Male,67,Average Performer
6691,20,67,Medium,High,No,10,53,High,Yes,1,Low,Medium,Private,Positive,2,No,Postgraduate,Near,Male,65,Average Performer
6692,10,92,High,Low,Yes,6,59,High,Yes,0,Low,Medium,Public,Negative,2,No,High School,Moderate,Female,64,Average Performer
6693,22,99,High,High,Yes,7,51,Medium,Yes,2,High,High,Public,Negative,4,Yes,High School,Moderate,Male,72,Average Performer
6694,14,69,High,Medium,No,6,55,Medium,Yes,3,Low,Low,Private,Positive,2,No,High School,Moderate,Male,62,Average Performer
6695,30,67,Medium,Medium,Yes,8,86,Medium,Yes,0,Low,Medium,Public,Neutral,4,No,High School,Moderate,Female,67,Average Performer
6696,23,78,Medium,Medium,Yes,10,50,Medium,Yes,1,Medium,Medium,Private,Positive,3,Yes,Postgraduate,Near,Female,67,Average Performer
6697,18,90,Medium,Medium,No,7,65,Low,Yes,4,Medium,Medium,Public,Positive,3,No,College,Near,Female,69,Average Performer
6698,16,71,High,High,Yes,7,72,Low,Yes,1,Medium,Low,Private,Neutral,4,No,College,Moderate,Female,65,Average Performer
6699,19,61,Medium,High,No,7,97,Low,Yes,0,Medium,High,Public,Negative,3,Yes,College,Far,Male,62,Average Performer
6700,24,82,High,Medium,Yes,5,66,Medium,Yes,0,Medium,Medium,Private,Neutral,3,No,Postgraduate,Near,Male,69,Average Performer
6701,20,98,Medium,High,No,7,89,Medium,Yes,1,High,Medium,Public,Positive,3,No,College,Far,Female,72,Average Performer
6702,19,76,Low,High,Yes,10,70,Low,Yes,1,Low,Medium,Public,Negative,3,No,College,Far,Female,63,Average Performer
6703,20,77,High,Medium,No,8,55,Low,Yes,1,Medium,Medium,Public,Negative,3,No,College,Far,Female,64,Average Performer
6704,16,99,Low,Medium,Yes,9,55,Medium,Yes,1,High,Medium,Public,Neutral,3,Yes,College,Far,Female,67,Average Performer
6705,18,88,Medium,Medium,No,9,72,High,Yes,2,High,High,Public,Neutral,4,No,Postgraduate,Moderate,Male,70,Average Performer
6706,7,89,High,Low,Yes,6,53,Medium,Yes,3,Low,High,Private,Neutral,2,No,High School,Moderate,Male,64,Average Performer
6707,26,83,Medium,Medium,No,10,79,Medium,Yes,1,High,Medium,Public,Neutral,2,No,High School,Moderate,Female,69,Average Performer
6708,22,99,High,High,No,4,75,Low,Yes,2,Medium,Medium,Private,Negative,4,No,High School,Near,Female,72,Average Performer
6709,15,88,Medium,Medium,Yes,7,85,Medium,Yes,4,Medium,Medium,Private,Negative,2,No,Postgraduate,Near,Female,69,Average Performer
6710,31,96,High,Medium,Yes,4,59,Medium,Yes,3,Low,Medium,Private,Neutral,5,No,High School,Near,Female,75,Top Performer
6711,21,88,Low,Medium,No,4,80,Low,Yes,1,Medium,Medium,Public,Positive,2,Yes,Postgraduate,Near,Male,67,Average Performer
6712,14,89,Medium,Medium,Yes,8,59,High,Yes,1,Low,Medium,Private,Neutral,3,No,College,Near,Male,67,Average Performer
6713,25,72,Medium,Medium,No,6,86,High,Yes,0,Medium,,Public,Neutral,2,No,High School,Far,Female,66,Average Performer
6714,22,72,Medium,Low,Yes,9,65,High,Yes,0,Medium,Medium,Public,Neutral,3,No,High School,Moderate,Male,64,Average Performer
6715,22,91,Medium,Low,No,4,81,Medium,Yes,2,Low,High,Private,Negative,3,No,High School,Near,Male,68,Average Performer
6716,17,72,High,Medium,Yes,7,94,High,Yes,1,Low,Medium,Public,Neutral,5,No,High School,Moderate,Male,66,Average Performer
6717,23,83,High,Medium,No,5,74,Medium,Yes,3,Low,Medium,Public,Negative,2,No,Postgraduate,Near,Male,69,Average Performer
6718,18,70,High,Low,Yes,7,60,Medium,Yes,1,Medium,High,Public,Positive,3,No,College,Near,Male,65,Average Performer
6719,23,93,Medium,Low,Yes,9,94,High,Yes,2,Medium,Low,Private,Negative,3,No,High School,Moderate,Female,70,Average Performer
6720,9,64,Medium,Low,Yes,10,68,Low,Yes,0,Medium,Medium,Private,Negative,3,No,High School,Near,Male,57,Average Performer
6721,17,93,Medium,Medium,No,8,87,Low,Yes,2,High,High,Private,Negative,3,No,College,Moderate,Male,69,Average Performer
6722,30,84,High,Low,Yes,5,66,Low,Yes,0,Medium,Low,Public,Positive,2,No,Postgraduate,Near,Female,70,Average Performer
6723,15,67,Low,Medium,Yes,5,65,Medium,Yes,4,Medium,Medium,Private,Negative,2,No,College,Near,Male,63,Average Performer
6724,16,82,Medium,Medium,No,7,82,Medium,Yes,1,Medium,Low,Public,Neutral,3,No,Postgraduate,Moderate,Female,66,Average Performer
6725,17,71,Medium,Medium,Yes,6,58,Medium,Yes,3,Medium,Medium,Private,Positive,3,Yes,High School,,Male,64,Average Performer
6726,13,73,Medium,High,No,8,93,Medium,Yes,0,High,High,Public,Neutral,3,No,Postgraduate,,Female,65,Average Performer
6727,7,74,High,Medium,No,10,69,High,Yes,1,High,Medium,Public,Positive,4,No,High School,Near,Male,64,Average Performer
6728,19,63,Medium,Low,Yes,6,51,High,Yes,2,Medium,Medium,Public,Neutral,4,No,High School,Near,Male,62,Average Performer
6729,21,99,High,Medium,Yes,6,65,Low,Yes,1,Medium,Medium,Private,Positive,2,No,College,Far,Female,71,Average Performer
6730,20,61,Medium,High,No,5,89,Medium,Yes,1,Medium,Medium,Public,Neutral,2,No,Postgraduate,Far,Female,64,Average Performer
6731,19,86,High,High,Yes,7,93,High,Yes,1,Medium,High,Public,Neutral,2,No,High School,Near,Male,72,Average Performer
6732,20,75,Medium,Medium,No,7,78,Medium,Yes,0,Low,Medium,Public,Negative,2,No,College,Near,Female,64,Average Performer
6733,26,86,Medium,Low,Yes,7,65,Medium,Yes,2,High,High,Private,Neutral,4,No,Postgraduate,Moderate,Male,71,Average Performer
6734,19,74,Medium,Medium,Yes,8,76,High,Yes,5,Medium,High,Public,Neutral,4,Yes,College,Near,Female,68,Average Performer
6735,17,87,Medium,Medium,Yes,8,92,Medium,No,3,High,Low,Public,Negative,2,No,College,Near,Male,68,Average Performer
6736,18,89,Medium,Medium,No,7,66,Medium,Yes,2,Medium,Medium,Public,Positive,3,No,College,Moderate,Male,68,Average Performer
6737,23,88,Medium,Medium,No,7,69,Medium,Yes,3,Low,High,Public,Negative,3,No,High School,Near,Male,69,Average Performer
6738,28,65,Low,Medium,Yes,7,77,High,Yes,1,Low,High,Public,Positive,3,No,College,Near,Male,67,Average Performer
6739,16,86,Medium,Low,No,7,94,Low,Yes,0,Low,Medium,Private,Positive,4,No,High School,Near,Male,66,Average Performer
6740,21,71,Medium,Medium,Yes,6,79,Medium,Yes,1,Low,Medium,Private,Neutral,4,No,Postgraduate,Far,Male,65,Average Performer
6741,22,61,Medium,High,No,5,60,High,Yes,0,High,Low,Private,Neutral,2,No,High School,Moderate,Male,63,Average Performer
6742,14,77,High,Low,No,7,54,Medium,Yes,1,Medium,High,Public,Negative,2,No,High School,Moderate,Male,62,Average Performer
6743,20,77,High,High,No,6,55,Medium,Yes,1,High,Low,Private,Neutral,1,No,College,Near,Male,67,Average Performer
6744,11,79,Medium,Medium,Yes,8,98,Medium,Yes,2,Low,Medium,Public,Neutral,4,No,High School,Near,Female,65,Average Performer
6745,9,88,Medium,Medium,Yes,7,91,Medium,Yes,1,Low,,Public,Negative,3,No,College,Near,Female,66,Average Performer
6746,22,72,Low,High,No,7,88,Medium,No,2,Medium,Medium,Public,Positive,4,No,High School,Near,Female,66,Average Performer
6747,18,73,Medium,Medium,Yes,8,75,Medium,Yes,0,High,Medium,Public,Neutral,1,Yes,College,Near,Female,64,Average Performer
6748,21,62,High,Medium,Yes,5,84,Medium,Yes,5,Low,Medium,Public,Positive,4,No,High School,Near,Female,67,Average Performer
6749,20,87,Medium,Medium,No,10,56,Medium,Yes,2,Medium,Medium,Public,Neutral,2,No,College,Moderate,Female,67,Average Performer
6750,14,83,Low,Low,No,4,81,Low,Yes,1,Low,Medium,Public,Negative,4,Yes,High School,Moderate,Male,61,Average Performer
6751,20,74,Medium,Medium,Yes,9,91,Medium,Yes,1,Low,Medium,Public,Neutral,5,No,High School,Near,Male,66,Average Performer
6752,13,88,High,Medium,Yes,7,53,Medium,Yes,2,Medium,Medium,Private,Negative,4,No,College,Moderate,Male,66,Average Performer
6753,28,81,Medium,Low,Yes,6,65,Medium,Yes,1,Low,Medium,Public,Positive,2,No,High School,Moderate,Male,67,Average Performer
6754,12,79,High,Medium,No,5,56,High,Yes,1,Low,Low,Public,Positive,5,No,High School,Near,Female,64,Average Performer
6755,19,80,High,Low,No,6,63,Low,Yes,1,Low,Medium,Public,Neutral,3,No,High School,Near,Male,64,Average Performer
6756,14,85,Low,Medium,No,7,89,Medium,Yes,2,Medium,High,Public,Positive,2,No,College,Moderate,Male,67,Average Performer
6757,23,86,Low,High,No,7,67,Low,Yes,2,Medium,High,Private,Neutral,3,Yes,College,Near,Female,68,Average Performer
6758,18,72,Medium,Low,No,9,84,Medium,Yes,2,Medium,Medium,Public,Neutral,4,No,High School,Near,Male,64,Average Performer
6759,17,66,Medium,Medium,Yes,7,89,Medium,Yes,0,Medium,Medium,Private,Negative,3,No,College,Near,Male,63,Average Performer
6760,25,66,Medium,High,Yes,7,91,Medium,Yes,2,Low,High,Public,Neutral,3,No,College,Near,Male,68,Average Performer
6761,20,86,Low,Low,No,8,94,Low,Yes,2,Low,Medium,Private,Negative,2,No,High School,Far,Female,64,Average Performer
6762,23,95,Low,Medium,Yes,7,80,High,Yes,2,Low,Medium,Public,Neutral,4,No,High School,Moderate,Female,70,Average Performer
6763,14,76,Low,Medium,No,7,64,Medium,Yes,3,Medium,Medium,Private,Positive,3,No,College,Near,Male,64,Average Performer
6764,12,67,High,Medium,No,7,58,Medium,Yes,0,High,Medium,Public,Neutral,2,Yes,High School,Far,Male,59,Average Performer
6765,21,90,High,Medium,Yes,8,75,Medium,Yes,4,Low,High,Public,Neutral,2,No,High School,Moderate,Male,71,Average Performer
6766,18,93,Low,Medium,Yes,6,55,Medium,Yes,3,Low,Medium,Public,Negative,5,No,High School,Moderate,Male,67,Average Performer
6767,24,95,Medium,Low,Yes,6,96,High,Yes,3,Low,Medium,Private,Neutral,3,No,Postgraduate,Near,Female,73,Average Performer
6768,20,84,Low,Low,No,8,72,Medium,Yes,3,High,Medium,Public,Neutral,3,No,High School,Near,Male,66,Average Performer
6769,21,94,High,High,No,5,94,Medium,Yes,2,Low,High,Private,Neutral,2,No,College,Near,Male,73,Average Performer
6770,10,61,High,Medium,Yes,7,85,High,Yes,1,Medium,Medium,Public,Neutral,4,No,High School,Near,Female,62,Average Performer
6771,31,64,Medium,High,No,6,93,Medium,Yes,1,Low,High,Public,Neutral,3,No,High School,Near,Female,69,Average Performer
6772,19,64,Medium,High,No,8,94,Medium,Yes,3,Medium,High,Private,Neutral,3,Yes,Postgraduate,Near,Female,66,Average Performer
6773,24,89,Medium,Low,Yes,9,53,Medium,Yes,1,Low,High,Private,Neutral,3,No,High School,Near,Male,68,Average Performer
6774,15,63,Medium,Medium,Yes,6,86,Low,Yes,4,High,Medium,Public,Positive,5,No,High School,Near,Male,65,Average Performer
6775,22,80,Medium,Medium,Yes,8,61,High,Yes,1,Low,Medium,Public,Positive,2,No,College,Moderate,Male,67,Average Performer
6776,12,79,Medium,Medium,Yes,7,99,Low,Yes,2,Medium,Medium,Public,Negative,2,Yes,High School,Near,Female,64,Average Performer
6777,23,72,High,High,Yes,6,89,Medium,No,0,Medium,High,Private,Negative,3,No,High School,Moderate,Male,67,Average Performer
6778,18,95,Low,Low,Yes,7,50,Low,Yes,3,Medium,Medium,Private,Neutral,3,No,High School,Moderate,Female,66,Average Performer
6779,20,67,High,Medium,No,9,96,High,Yes,1,High,High,Public,Positive,3,No,High School,Near,Female,68,Average Performer
6780,24,74,Medium,Medium,Yes,7,65,Low,Yes,3,Medium,High,Public,Neutral,2,No,College,Near,Male,68,Average Performer
6781,13,91,Medium,Low,Yes,9,71,Low,Yes,1,Low,Medium,Public,Positive,2,No,College,Far,Male,64,Average Performer
6782,16,61,High,Medium,Yes,7,81,Low,Yes,2,Medium,Medium,Public,Neutral,1,No,High School,Near,Female,63,Average Performer
6783,23,87,High,Medium,No,5,96,Medium,Yes,2,Medium,Medium,Public,Positive,3,No,College,Moderate,Female,72,Average Performer
6784,33,93,High,Medium,No,7,96,Medium,Yes,1,Low,High,Public,Positive,1,No,Postgraduate,Moderate,Female,75,Top Performer
6785,19,97,High,Medium,No,5,78,Low,Yes,2,Low,Medium,Public,Positive,3,No,High School,Near,Male,71,Average Performer
6786,24,95,High,Medium,No,7,66,Low,Yes,2,High,High,Public,Negative,3,No,High School,Near,Male,71,Average Performer
6787,19,73,Medium,Medium,Yes,6,64,Low,Yes,4,Medium,Medium,Public,Positive,5,Yes,College,Near,Female,66,Average Performer
6788,32,83,High,Medium,Yes,10,68,Medium,No,3,Low,Medium,Private,Positive,4,No,High School,Moderate,Female,71,Average Performer
6789,10,63,High,Medium,No,9,59,Low,Yes,0,Medium,High,Public,Positive,5,No,Postgraduate,Moderate,Male,61,Average Performer
6790,21,70,Medium,Medium,Yes,7,83,Medium,Yes,1,Medium,Medium,Public,Neutral,3,No,High School,Far,Male,65,Average Performer
6791,10,64,Medium,Low,No,9,76,Low,Yes,1,Low,Medium,Private,Positive,1,No,High School,Near,Female,58,Average Performer
6792,5,73,High,Low,Yes,6,89,High,Yes,1,Medium,Medium,Public,Neutral,2,No,High School,Near,Male,62,Average Performer
6793,22,95,High,Low,No,5,55,Medium,Yes,2,High,High,Public,Neutral,0,Yes,College,Near,Female,69,Average Performer
6794,21,74,Medium,Low,Yes,8,70,Medium,Yes,1,Medium,Medium,Public,Neutral,3,No,Postgraduate,Far,Male,65,Average Performer
6795,18,82,High,Medium,Yes,8,62,High,Yes,3,Low,Medium,Private,Neutral,4,No,High School,Near,Female,69,Average Performer
6796,19,77,High,Medium,Yes,6,77,High,Yes,1,Low,High,Private,Neutral,3,No,College,Near,Female,68,Average Performer
6797,39,78,Medium,Medium,No,6,73,Medium,Yes,0,Low,Medium,Public,Positive,2,No,College,Far,Male,70,Average Performer
6798,18,99,High,Medium,Yes,8,72,Medium,Yes,4,Low,Medium,Public,Neutral,4,No,High School,Near,Female,72,Average Performer
6799,23,72,Low,Medium,Yes,4,66,Low,No,3,Low,Medium,Private,Positive,4,No,Postgraduate,Near,Female,66,Average Performer
6800,16,85,Low,High,Yes,8,86,Low,Yes,2,High,Medium,Private,Neutral,4,No,High School,Near,Female,68,Average Performer
6801,22,77,Medium,Medium,Yes,7,74,High,Yes,2,Low,Low,Private,Negative,4,No,College,Near,Male,67,Average Performer
6802,19,62,High,Low,Yes,8,60,Medium,Yes,1,Low,Medium,Public,Positive,2,No,College,Far,Female,61,Average Performer
6803,18,80,Low,Low,Yes,8,77,Medium,Yes,1,Low,High,Public,Negative,2,No,College,Near,Female,64,Average Performer
6804,31,93,High,Medium,No,6,80,Medium,Yes,3,Medium,Medium,Public,Neutral,2,No,High School,Near,Male,74,Average Performer
6805,27,64,Medium,Medium,No,5,51,High,Yes,1,Low,High,Public,Negative,3,No,High School,Near,Female,64,Average Performer
6806,21,63,High,Low,Yes,9,60,Medium,Yes,2,Medium,Medium,Public,Negative,2,No,Postgraduate,Near,Male,64,Average Performer
6807,6,66,High,Medium,Yes,7,62,Low,Yes,2,Low,Medium,Public,Neutral,4,No,Postgraduate,Near,Male,61,Average Performer
6808,18,91,High,High,Yes,7,62,Medium,Yes,3,Low,Medium,Private,Positive,3,No,High School,Near,Male,71,Average Performer
6809,36,89,High,Low,Yes,8,62,Low,Yes,2,Low,High,Private,Negative,3,No,College,Moderate,Male,72,Average Performer
6810,19,83,High,High,No,6,64,Medium,Yes,0,Medium,Medium,Private,Negative,5,No,Postgraduate,Near,Female,68,Average Performer
6811,27,79,Low,High,Yes,8,63,High,Yes,2,Low,Medium,Public,Negative,5,No,College,Moderate,Female,69,Average Performer
6812,29,96,Medium,High,No,8,94,High,No,2,Low,High,Public,Negative,4,No,High School,Near,Male,74,Average Performer
6813,21,91,Medium,High,Yes,9,66,Low,Yes,3,Low,Medium,Public,Neutral,4,No,College,Moderate,Female,70,Average Performer
6814,15,92,High,Low,Yes,9,67,Low,Yes,1,High,High,Public,Positive,2,No,Postgraduate,Near,Male,69,Average Performer
6815,5,93,Low,Low,No,7,63,Medium,Yes,2,Medium,High,Public,Neutral,3,No,Postgraduate,Near,Male,64,Average Performer
6816,24,86,Low,Low,Yes,8,98,Medium,Yes,2,High,Medium,Public,Positive,5,No,Postgraduate,Far,Male,71,Average Performer
6817,15,78,High,Low,Yes,7,77,Low,Yes,0,High,Medium,Public,Neutral,3,No,College,Near,Male,65,Average Performer
6818,21,95,High,Medium,Yes,7,81,Medium,Yes,0,Medium,Medium,Public,Neutral,3,No,High School,Near,Male,71,Average Performer
6819,13,97,High,High,Yes,5,87,Low,Yes,1,Medium,High,Public,Neutral,2,No,Postgraduate,,Female,71,Average Performer
6820,18,61,Low,Medium,Yes,7,67,Medium,Yes,5,High,High,Public,Positive,2,No,Postgraduate,Near,Male,66,Average Performer
6821,20,62,Medium,Medium,No,4,98,High,Yes,1,High,Low,Public,Negative,4,No,High School,Near,Male,64,Average Performer
6822,22,98,Medium,Medium,No,7,58,Medium,Yes,0,Medium,,Private,Neutral,3,No,,Near,Male,70,Average Performer
6823,13,71,Low,Low,No,9,73,Low,Yes,1,High,High,Private,Neutral,3,No,High School,Moderate,Male,61,Average Performer
6824,27,95,Medium,Medium,Yes,8,57,High,Yes,1,Medium,Low,Private,Positive,3,No,High School,Moderate,Female,71,Average Performer
6825,16,76,Medium,Medium,No,7,90,Medium,Yes,0,Low,Medium,Public,Neutral,3,No,Postgraduate,Moderate,Male,65,Average Performer
6826,10,65,Low,High,No,7,55,Medium,Yes,0,Low,High,Public,Neutral,3,No,High School,Near,Female,59,Average Performer
6827,19,63,Medium,Medium,Yes,6,78,Low,Yes,3,Medium,Medium,Public,Neutral,2,Yes,College,Near,Male,63,Average Performer
6828,20,66,Medium,Medium,Yes,6,55,Low,Yes,1,High,High,Public,Negative,3,No,Postgraduate,Moderate,Female,64,Average Performer
6829,21,70,Low,Low,No,8,73,Low,Yes,0,High,Medium,Public,Neutral,4,No,College,Near,Male,63,Average Performer
6830,28,80,High,High,No,5,64,Medium,Yes,1,Low,Medium,Private,Neutral,2,No,Postgraduate,Moderate,Female,70,Average Performer
6831,19,88,High,Medium,Yes,5,95,Medium,Yes,1,Medium,High,Public,Neutral,3,No,High School,Near,Male,70,Average Performer
6832,19,99,High,High,Yes,8,53,Medium,Yes,1,Medium,Medium,Private,Neutral,4,No,College,Near,Male,72,Average Performer
6833,13,78,Medium,High,No,7,82,High,Yes,0,Low,High,Public,Neutral,2,No,College,Moderate,Female,65,Average Performer
6834,25,81,High,Medium,Yes,7,85,High,Yes,3,Medium,Medium,Public,Negative,1,No,Postgraduate,Moderate,Female,71,Average Performer
6835,21,81,High,Medium,Yes,7,94,Medium,Yes,3,Medium,Medium,Public,Neutral,1,No,Postgraduate,Moderate,Male,70,Average Performer
6836,17,82,Medium,Low,No,10,94,Medium,Yes,1,High,High,Private,Neutral,3,No,High School,Moderate,Female,66,Average Performer
6837,9,81,Medium,Medium,Yes,7,99,Medium,Yes,2,Low,Medium,Public,Neutral,3,No,High School,Moderate,Female,64,Average Performer
6838,29,60,Low,High,No,7,63,Medium,Yes,0,Low,Medium,Public,Negative,4,No,Postgraduate,Near,Male,64,Average Performer
6839,13,60,High,Low,No,10,64,Low,Yes,1,Medium,Medium,Public,Neutral,4,No,College,Far,Male,59,Average Performer
6840,16,64,Medium,High,Yes,7,70,Medium,Yes,5,Low,Low,Public,Positive,4,No,High School,Moderate,Male,65,Average Performer
6841,22,64,High,Medium,Yes,10,77,Medium,Yes,1,Low,High,Public,Positive,3,No,High School,Moderate,Male,66,Average Performer
6842,13,88,Medium,Medium,Yes,4,68,High,Yes,1,High,Medium,Public,Positive,2,No,High School,Near,Female,67,Average Performer
6843,11,68,High,Medium,Yes,5,87,Medium,Yes,1,Low,Medium,Public,Positive,4,Yes,High School,Far,Male,62,Average Performer
6844,7,96,High,Low,No,6,50,Medium,Yes,1,High,Medium,Private,Negative,3,No,College,Near,Male,65,Average Performer
6845,24,97,High,Medium,Yes,8,51,Medium,Yes,3,Low,,Public,Neutral,2,No,Postgraduate,Near,Female,73,Average Performer
6846,17,99,Medium,Medium,No,10,86,Low,Yes,1,Medium,Medium,Private,Positive,2,No,College,Near,Male,70,Average Performer
6847,38,98,Low,Medium,No,6,94,Medium,Yes,2,Low,Low,Public,Negative,4,No,Postgraduate,Near,Female,75,Top Performer
6848,14,71,High,High,Yes,8,89,Medium,Yes,0,Medium,Medium,Public,Neutral,3,No,Postgraduate,Near,Female,66,Average Performer
6849,14,80,High,Medium,No,10,56,Low,Yes,1,Low,Medium,Public,Positive,3,No,Postgraduate,Moderate,Female,65,Average Performer
6850,17,67,Medium,Medium,No,9,97,Medium,Yes,1,Medium,Low,Public,Neutral,3,No,Postgraduate,Moderate,Female,64,Average Performer
6851,21,92,High,Low,No,6,76,Low,Yes,2,Low,Medium,Public,Positive,5,No,College,Near,Male,70,Average Performer
6852,17,96,Medium,High,Yes,8,87,Medium,Yes,0,Medium,Medium,Private,Positive,5,No,High School,Moderate,Male,71,Average Performer
6853,24,94,Low,Medium,No,8,60,Low,Yes,0,Medium,Medium,Public,Neutral,3,No,High School,Near,Male,68,Average Performer
6854,14,77,Medium,Medium,Yes,6,77,Low,Yes,1,Low,High,Private,Neutral,2,No,College,Near,Male,64,Average Performer
6855,12,90,High,High,No,8,67,Low,Yes,2,Low,Low,Public,Neutral,3,No,High School,Near,Female,67,Average Performer
6856,9,64,Medium,High,Yes,6,99,Medium,Yes,6,Low,High,Public,Positive,6,Yes,High School,Moderate,Male,65,Average Performer
6857,7,62,High,Medium,Yes,7,74,Medium,Yes,3,Medium,Medium,Public,Neutral,3,No,Postgraduate,Near,Female,62,Average Performer
6858,17,90,Low,High,Yes,5,88,Low,Yes,1,Medium,Medium,Public,Negative,1,No,College,Near,Female,68,Average Performer
6859,18,77,High,Medium,Yes,4,80,Medium,Yes,1,Medium,Low,Private,Negative,2,No,College,Near,Male,66,Average Performer
6860,16,100,High,High,Yes,7,55,High,Yes,1,Low,Medium,Public,Negative,2,Yes,College,Moderate,Male,69,Average Performer
6861,27,64,Medium,Medium,Yes,7,77,High,Yes,3,High,Medium,Public,Neutral,4,No,High School,Moderate,Male,68,Average Performer
6862,27,94,Medium,Low,No,5,77,Medium,Yes,0,Medium,High,Public,Positive,2,No,College,Near,Female,71,Average Performer
6863,18,79,Medium,High,Yes,8,86,Medium,Yes,3,Low,Low,Public,Neutral,4,No,College,Near,Female,68,Average Performer
6864,9,93,High,Low,Yes,7,66,Medium,Yes,0,Low,Low,Private,Neutral,2,No,College,Moderate,Male,64,Average Performer
6865,17,93,Low,Medium,No,8,93,Low,Yes,0,Low,Medium,Public,Negative,3,No,College,Moderate,Male,66,Average Performer
6866,16,97,Medium,Low,Yes,8,81,High,Yes,0,High,High,Private,Positive,2,No,High School,Near,Male,70,Average Performer
6867,16,72,Low,Medium,No,9,52,Medium,Yes,1,Medium,High,Public,Negative,1,Yes,College,Moderate,Female,60,Average Performer
6868,16,98,Medium,Medium,Yes,8,85,Low,Yes,0,Low,High,Public,Positive,2,No,College,Far,Male,69,Average Performer
6869,16,66,Medium,Medium,Yes,7,95,Low,Yes,1,Medium,Medium,Public,Positive,4,No,College,Near,Male,65,Average Performer
6870,18,63,High,High,Yes,7,84,Medium,Yes,1,Medium,High,Public,Neutral,2,No,High School,Near,Female,66,Average Performer
6871,16,77,Medium,Low,No,10,69,Medium,Yes,1,Medium,Medium,Private,Neutral,3,No,High School,Near,Female,64,Average Performer
6872,21,93,Medium,High,No,8,80,Medium,Yes,0,High,High,Public,Positive,1,No,College,Moderate,Female,71,Average Performer
6873,22,79,High,Low,No,7,59,Medium,Yes,0,Medium,Medium,Public,Positive,3,No,College,Near,Male,66,Average Performer
6874,15,93,Medium,Low,Yes,7,80,Low,Yes,0,Low,Medium,Public,Positive,3,No,High School,Near,Female,66,Average Performer
6875,28,89,Medium,Medium,No,6,75,Medium,Yes,1,Low,Low,Private,Negative,3,No,High School,Moderate,Male,68,Average Performer
6876,14,68,High,High,No,5,51,High,Yes,1,High,Medium,Public,Neutral,5,Yes,High School,Moderate,Male,63,Average Performer
6877,10,98,Medium,Low,Yes,10,66,Low,Yes,1,Low,High,Public,Negative,2,No,College,Near,Female,66,Average Performer
6878,22,62,Low,Medium,No,8,60,Low,No,0,Medium,High,Public,Positive,2,No,College,Near,Male,61,Average Performer
6879,15,96,Medium,Low,No,5,70,High,Yes,4,Low,High,Private,Positive,3,No,College,Near,Male,70,Average Performer
6880,22,72,Medium,High,Yes,7,62,Low,Yes,5,High,Medium,Private,Neutral,2,No,College,Moderate,Female,68,Average Performer
6881,6,80,Medium,Medium,Yes,9,92,Low,Yes,5,Low,Medium,Public,Neutral,2,No,Postgraduate,Moderate,Male,65,Average Performer
6882,28,77,High,Medium,No,6,85,High,Yes,0,Low,Medium,Public,Negative,1,No,Postgraduate,Near,Female,69,Average Performer
6883,24,67,Medium,High,Yes,6,87,Low,Yes,0,Medium,Medium,Public,Positive,4,No,College,Near,Male,67,Average Performer
6884,11,74,High,Medium,No,8,68,Low,Yes,0,Medium,Medium,Public,Positive,3,No,High School,Moderate,Male,62,Average Performer
6885,11,68,Low,High,Yes,8,50,Low,Yes,2,Low,High,Private,Positive,4,No,High School,Near,Female,61,Average Performer
6886,30,68,High,High,Yes,6,61,High,Yes,1,Medium,Medium,Public,Positive,3,No,Postgraduate,,Female,70,Average Performer
6887,16,67,High,Medium,Yes,6,88,Medium,Yes,0,High,Low,Public,Neutral,3,No,College,Near,Male,65,Average Performer
6888,15,80,High,Medium,No,8,80,Medium,Yes,1,Low,Medium,Public,Neutral,4,No,High School,Moderate,Female,65,Average Performer
6889,6,92,Medium,Medium,Yes,5,77,Medium,Yes,1,Low,High,Public,Positive,4,No,High School,Near,Male,66,Average Performer
6890,18,83,Medium,High,Yes,6,64,Low,No,1,Medium,High,Private,Negative,3,No,High School,Near,Female,66,Average Performer
6891,19,96,Medium,Medium,Yes,7,54,High,Yes,1,Low,Medium,Public,Neutral,3,No,College,Near,Male,69,Average Performer
6892,24,85,High,High,No,8,89,Medium,Yes,1,Low,Medium,Public,Neutral,3,No,High School,Moderate,Female,70,Average Performer
6893,12,88,High,Medium,No,6,52,Low,No,1,Medium,High,Public,Negative,1,No,High School,Near,Male,63,Average Performer
6894,11,87,Low,Medium,No,8,53,High,Yes,1,Medium,Medium,Public,Positive,3,No,High School,Near,Female,64,Average Performer
6895,23,78,High,Low,No,9,65,High,Yes,1,Low,High,Public,Neutral,2,Yes,College,Far,Female,65,Average Performer
6896,26,88,High,Medium,Yes,6,79,Medium,Yes,1,Low,High,Public,Neutral,4,No,High School,Far,Male,71,Average Performer
6897,11,63,Medium,Medium,Yes,10,100,High,Yes,0,Medium,Medium,Public,Neutral,3,No,High School,Far,Female,61,Average Performer
6898,26,94,Low,Low,Yes,9,55,Low,Yes,2,High,Medium,Public,Neutral,3,No,High School,Near,Male,69,Average Performer
6899,20,91,High,Medium,No,7,74,Medium,Yes,1,Medium,Medium,Public,Neutral,4,No,High School,Moderate,Male,69,Average Performer
6900,27,70,Medium,Medium,No,7,80,Low,Yes,1,Low,Medium,Public,Neutral,3,No,High School,Near,Female,66,Average Performer
6901,20,91,High,Medium,No,6,91,Medium,Yes,3,High,High,Public,Neutral,2,No,High School,Near,Male,72,Average Performer
6902,5,61,High,Medium,No,9,84,High,Yes,1,Medium,Medium,Public,Neutral,3,No,College,Near,Male,60,Average Performer
6903,19,69,Low,Low,No,7,90,Medium,Yes,0,Low,Medium,Public,Neutral,1,No,College,Near,Male,62,Average Performer
6904,26,63,Medium,Medium,Yes,5,76,Medium,Yes,3,Medium,High,Public,Neutral,5,Yes,High School,Near,Female,66,Average Performer
6905,15,91,Medium,High,Yes,4,72,Low,Yes,1,High,High,Private,Neutral,2,No,High School,Near,Male,69,Average Performer
6906,18,90,High,Medium,No,7,81,Medium,Yes,2,Medium,Low,Public,Negative,3,No,Postgraduate,Moderate,Male,69,Average Performer
6907,19,93,Medium,High,No,7,95,Low,Yes,3,Medium,Medium,Private,Negative,3,No,High School,Near,Female,71,Average Performer
6908,3,60,Medium,Low,Yes,6,78,Low,Yes,1,Low,Medium,Public,Positive,1,No,Postgraduate,Near,Female,57,Average Performer
6909,30,80,High,High,No,5,80,Medium,Yes,0,Low,Medium,Private,Positive,4,No,Postgraduate,Near,Female,72,Average Performer
6910,15,88,Low,Medium,Yes,4,67,Medium,Yes,1,Medium,High,Private,Positive,4,No,High School,Far,Female,66,Average Performer
6911,23,66,Medium,Medium,Yes,6,80,Medium,Yes,1,Medium,Medium,Public,Positive,3,No,College,Near,Female,66,Average Performer
6912,19,86,Medium,Medium,No,6,81,Medium,Yes,3,Medium,High,Public,Neutral,3,No,College,Near,Male,70,Average Performer
6913,28,63,Medium,Medium,No,8,88,Medium,Yes,2,Low,High,Public,Positive,2,No,High School,Near,Male,67,Average Performer
6914,22,67,Medium,Medium,Yes,7,79,Medium,Yes,1,Medium,Low,Private,Neutral,3,No,College,Moderate,Female,65,Average Performer
6915,19,79,Medium,Medium,Yes,9,60,Low,Yes,1,Low,Medium,Public,Neutral,3,Yes,High School,Near,Female,63,Average Performer
6916,15,86,High,Low,No,8,79,Medium,Yes,3,Low,Medium,Public,Positive,3,No,College,Near,Female,68,Average Performer
6917,25,66,Low,Medium,Yes,8,65,Medium,Yes,0,Medium,Medium,Public,Positive,3,Yes,High School,Near,Male,63,Average Performer
6918,9,67,Medium,High,Yes,8,54,Medium,Yes,3,Medium,High,Private,Positive,5,No,College,Moderate,Male,63,Average Performer
6919,24,68,Medium,Medium,Yes,5,91,High,Yes,1,High,Medium,Public,Negative,4,No,College,Near,Female,68,Average Performer
6920,13,70,Medium,Medium,Yes,6,53,Medium,Yes,2,Low,Medium,Public,Negative,0,Yes,College,Moderate,Female,60,Average Performer
6921,28,69,Medium,Medium,No,10,82,High,Yes,0,Medium,Medium,Private,Neutral,2,No,High School,Near,Female,67,Average Performer
6922,21,76,Low,Low,Yes,4,99,High,Yes,0,Low,Low,Public,Positive,3,No,College,Far,Male,65,Average Performer
6923,24,86,High,Low,Yes,7,54,Medium,Yes,0,Low,High,Public,Neutral,2,No,College,Near,Male,68,Average Performer
6924,20,78,Medium,Low,No,8,61,Medium,Yes,0,Medium,Medium,Public,Neutral,2,Yes,High School,Moderate,Female,62,Average Performer
6925,9,91,Medium,Low,No,4,88,Low,Yes,2,Medium,Medium,Public,Neutral,4,Yes,Postgraduate,Near,Female,65,Average Performer
6926,15,89,Medium,Medium,Yes,6,55,High,Yes,1,Low,Medium,Private,Positive,3,No,High School,Near,Male,66,Average Performer
6927,24,65,Medium,Medium,Yes,10,92,Low,Yes,3,Medium,High,Public,Neutral,4,No,High School,Near,Male,67,Average Performer
6928,21,62,Low,High,Yes,7,50,Low,No,1,High,Medium,Public,Negative,2,No,High School,Moderate,Female,60,Average Performer
6929,27,95,Low,High,Yes,6,94,High,Yes,2,Medium,Medium,Public,Neutral,4,No,Postgraduate,Far,Female,74,Average Performer
6930,22,63,Low,Low,Yes,7,53,Medium,Yes,1,High,Medium,Public,Neutral,4,No,High School,Near,Male,62,Average Performer
6931,14,66,Low,Medium,Yes,6,96,Low,Yes,0,High,Medium,Public,Negative,3,No,College,Moderate,Male,61,Average Performer
6932,15,61,Medium,Medium,No,10,93,High,Yes,0,Medium,High,Public,Neutral,4,No,High School,Near,Male,63,Average Performer
6933,21,85,Medium,Low,No,6,77,Medium,Yes,2,Low,Medium,Public,Neutral,3,No,College,Far,Male,66,Average Performer
6934,6,83,Medium,Medium,No,6,89,Medium,Yes,1,Low,Medium,Public,Positive,4,No,Postgraduate,Near,Female,65,Average Performer
6935,30,99,Low,Medium,No,5,54,Medium,Yes,0,Medium,Medium,Private,Positive,3,No,Postgraduate,Near,Male,72,Average Performer
6936,23,95,High,Medium,No,7,57,Medium,Yes,1,Low,Medium,Private,Neutral,2,No,High School,Near,Female,70,Average Performer
6937,27,76,High,High,Yes,7,68,Medium,Yes,1,Medium,Medium,Public,Neutral,3,No,Postgraduate,Moderate,Female,71,Average Performer
6938,11,75,High,High,Yes,9,77,Medium,No,1,High,High,Private,Neutral,2,Yes,College,Moderate,Male,64,Average Performer
6939,27,72,Medium,High,No,5,93,Low,Yes,1,High,Medium,Public,Positive,2,No,College,Near,Male,70,Average Performer
6940,33,66,Medium,Medium,No,8,77,Medium,Yes,2,Medium,Low,Public,Neutral,3,No,High School,Near,Male,68,Average Performer
6941,12,66,Low,High,Yes,7,83,Medium,No,1,Medium,Medium,Public,Neutral,3,No,High School,Near,Male,61,Average Performer
6942,25,65,High,Medium,Yes,4,84,High,Yes,1,High,Medium,Public,Positive,2,No,High School,Near,Male,68,Average Performer
6943,20,65,Low,Medium,No,6,94,Medium,Yes,1,Low,High,Public,Positive,2,No,Postgraduate,Near,Female,64,Average Performer
6944,11,70,Medium,High,Yes,6,89,Low,Yes,2,Medium,Medium,Public,Positive,4,No,High School,Near,Female,64,Average Performer
6945,23,72,Medium,High,Yes,10,99,Medium,Yes,2,Medium,High,Private,Neutral,4,No,Postgraduate,Near,Female,71,Average Performer
6946,25,98,Medium,High,Yes,8,51,Medium,Yes,0,Medium,Medium,Private,Positive,2,No,College,Moderate,Female,72,Average Performer
6947,16,83,Medium,Medium,Yes,7,60,Medium,Yes,0,High,Medium,Public,Positive,1,No,College,Moderate,Female,66,Average Performer
6948,27,100,Low,Medium,Yes,4,97,Low,Yes,4,Low,High,Public,Positive,3,No,High School,Near,Female,74,Average Performer
6949,10,75,Medium,Medium,Yes,4,90,Medium,Yes,3,Medium,High,Public,Positive,3,Yes,Postgraduate,Moderate,Male,65,Average Performer
6950,11,78,High,High,No,8,63,Low,Yes,1,Low,Medium,Public,Neutral,3,No,High School,Near,Female,64,Average Performer
6951,21,73,High,Medium,Yes,8,99,Medium,Yes,1,Medium,High,Public,Positive,4,No,College,Moderate,Male,69,Average Performer
6952,20,67,Medium,Medium,No,6,93,Low,No,1,Low,Medium,Public,Negative,3,Yes,College,Near,Male,62,Average Performer
6953,16,66,Medium,Medium,Yes,7,53,High,Yes,2,Medium,Medium,Public,Negative,2,No,Postgraduate,Moderate,Male,62,Average Performer
6954,25,98,Low,Low,Yes,7,91,Medium,Yes,2,Low,Low,Public,Positive,3,No,Postgraduate,Near,Female,72,Average Performer
6955,23,99,Medium,High,No,7,89,High,Yes,1,Medium,Medium,Public,Neutral,3,No,High School,Near,Female,73,Average Performer
6956,25,62,Medium,Low,No,6,61,High,Yes,1,Medium,Medium,Public,Positive,4,No,Postgraduate,Moderate,Female,64,Average Performer
6957,19,66,Medium,Medium,No,8,83,Medium,Yes,2,Medium,High,Public,Neutral,3,No,High School,Near,Female,65,Average Performer
6958,24,77,High,High,Yes,9,99,Medium,Yes,1,Low,Medium,Public,Positive,1,No,High School,Near,Male,70,Average Performer
6959,17,67,Medium,Medium,Yes,6,84,High,Yes,1,High,High,Public,Neutral,3,No,Postgraduate,Moderate,Female,66,Average Performer
6960,32,75,Low,High,No,5,91,Low,Yes,1,High,Medium,Public,Positive,2,No,College,Moderate,Female,70,Average Performer
6961,15,65,Medium,High,Yes,6,55,Low,Yes,2,Medium,Medium,Private,Positive,3,No,High School,Near,Female,63,Average Performer
6962,33,78,Low,Low,No,7,86,Medium,Yes,1,Low,High,Public,Positive,4,No,High School,Near,Male,69,Average Performer
6963,20,71,High,Medium,Yes,8,60,Low,Yes,0,Medium,Medium,Public,Neutral,2,No,High School,Near,Male,64,Average Performer
6964,12,74,Low,Medium,No,8,54,Medium,Yes,2,Medium,Medium,Private,Positive,5,No,Postgraduate,Moderate,Female,63,Average Performer
6965,28,64,Medium,Medium,No,8,78,Low,Yes,2,Medium,Medium,Private,Negative,3,No,Postgraduate,Near,Male,66,Average Performer
6966,21,77,Medium,Medium,Yes,8,88,Low,Yes,2,High,Medium,Private,Positive,1,No,College,Moderate,Female,68,Average Performer
6967,25,99,Medium,Medium,Yes,7,77,Medium,Yes,0,High,High,Public,Neutral,3,No,High School,Near,Male,97,Top Performer
6968,27,73,Low,Low,No,9,97,Medium,Yes,2,Medium,High,Public,Neutral,1,No,High School,Near,Female,67,Average Performer
6969,22,95,Medium,Medium,No,7,85,Medium,Yes,0,Medium,Medium,Private,Positive,4,No,College,Near,Male,71,Average Performer
6970,16,94,Low,Low,Yes,8,56,Low,Yes,2,Low,High,Public,Positive,2,No,College,Near,Female,66,Average Performer
6971,26,98,Medium,Low,Yes,7,97,Medium,Yes,2,Low,Medium,Public,Neutral,2,Yes,Postgraduate,Moderate,Male,72,Average Performer
6972,20,92,High,Medium,Yes,7,58,Low,Yes,2,Low,Low,Public,Neutral,4,No,Postgraduate,Near,Female,70,Average Performer
6973,24,86,Medium,Medium,Yes,7,88,Medium,Yes,1,Low,Medium,Public,Neutral,3,No,High School,Far,Male,69,Average Performer
6974,7,94,Medium,Low,Yes,9,57,High,Yes,2,Medium,Medium,Public,Negative,3,No,Postgraduate,Near,Female,66,Average Performer
6975,23,63,High,High,No,7,100,Low,Yes,2,Medium,High,Private,Positive,3,No,Postgraduate,Near,Female,69,Average Performer
6976,16,79,Medium,Medium,Yes,6,67,Low,No,2,Medium,High,Private,Positive,3,No,College,Near,Male,65,Average Performer
6977,30,100,High,High,No,6,75,Medium,Yes,0,Low,Medium,Public,Neutral,4,No,College,Moderate,Female,75,Top Performer
6978,24,91,Low,Medium,No,8,73,Medium,Yes,2,Low,High,Private,Positive,2,No,Postgraduate,Moderate,Male,70,Average Performer
6979,21,98,High,Low,Yes,6,55,Low,Yes,1,Medium,Medium,Public,Positive,3,No,High School,Near,Male,70,Average Performer
6980,23,91,Medium,High,Yes,7,75,Low,Yes,2,Low,High,Public,Negative,2,No,High School,Far,Male,69,Average Performer
6981,14,95,High,Medium,No,7,57,Medium,Yes,2,Low,Low,Public,Neutral,2,No,College,Near,Female,68,Average Performer
6982,30,88,Low,Medium,Yes,6,90,High,Yes,4,High,Medium,Private,Negative,2,No,College,Moderate,Male,73,Average Performer
6983,32,90,Medium,Medium,Yes,5,98,High,Yes,0,Medium,High,Public,Neutral,3,No,College,Moderate,Male,74,Average Performer
6984,22,81,Low,Low,No,5,90,Medium,Yes,0,High,Medium,Public,Positive,2,No,College,Moderate,Female,66,Average Performer
6985,30,97,High,Medium,Yes,6,72,High,Yes,1,Low,High,Public,Positive,2,No,High School,Far,Female,74,Average Performer
6986,17,93,Medium,Low,Yes,5,50,Low,Yes,3,High,Medium,Public,Positive,2,No,High School,Moderate,Male,67,Average Performer
6987,15,94,High,Medium,Yes,8,52,Low,Yes,1,Medium,Medium,Private,Positive,2,No,College,Far,Female,67,Average Performer
6988,20,87,Medium,High,No,10,75,Low,Yes,3,Medium,Medium,Private,Neutral,2,No,College,Near,Female,70,Average Performer
6989,23,72,Low,High,Yes,6,84,Medium,Yes,1,High,High,Public,Neutral,2,No,High School,Near,Male,67,Average Performer
6990,18,61,Medium,Low,Yes,6,91,High,Yes,3,Medium,High,Public,Positive,3,No,College,Moderate,Female,80,Top Performer
6991,23,97,Medium,High,Yes,6,80,Low,Yes,1,Low,Low,Public,Negative,2,No,College,Moderate,Male,70,Average Performer
6992,22,83,High,Medium,No,8,99,Low,Yes,4,High,High,Public,Negative,4,Yes,High School,Near,Female,71,Average Performer
6993,14,72,Medium,Low,No,8,75,High,Yes,4,High,Medium,Private,Positive,2,Yes,College,Near,Male,64,Average Performer
6994,23,66,High,High,Yes,7,80,Medium,Yes,1,Medium,Medium,Public,Positive,3,No,College,Moderate,Female,68,Average Performer
6995,25,93,Medium,Medium,No,5,62,Medium,Yes,0,Low,Medium,Public,Neutral,3,No,High School,Far,Male,68,Average Performer
6996,21,93,Medium,Medium,Yes,6,67,Medium,No,1,High,Medium,Public,Positive,3,No,High School,Near,Female,69,Average Performer
6997,27,93,High,Low,Yes,7,84,Low,Yes,1,Medium,Medium,Private,Neutral,2,No,Postgraduate,Near,Male,72,Average Performer
6998,13,86,Medium,Medium,No,7,80,Medium,Yes,0,Low,Medium,Private,Negative,5,No,College,Near,Male,65,Average Performer
6999,23,75,Low,Low,Yes,7,68,Medium,Yes,1,High,Low,Private,Neutral,4,Yes,High School,Near,Male,64,Average Performer
7000,13,72,Medium,High,No,8,56,Low,Yes,1,Low,High,Public,Positive,4,No,Postgraduate,Moderate,Female,64,Average Performer
7001,13,60,Low,Medium,No,5,67,High,Yes,1,Low,Medium,Public,Positive,4,Yes,High School,Far,Male,58,Average Performer
7002,16,93,High,Medium,Yes,7,52,Low,Yes,2,Medium,High,Public,Neutral,3,No,High School,Near,Male,69,Average Performer
7003,14,63,High,Low,No,7,79,Medium,Yes,1,Low,Medium,Public,Neutral,3,No,High School,Near,Male,61,Average Performer
7004,17,85,High,High,Yes,6,66,Medium,Yes,0,Medium,High,Public,Neutral,2,No,College,Moderate,Female,68,Average Performer
7005,19,80,High,Medium,Yes,6,69,Low,Yes,1,Low,Low,Private,Neutral,4,Yes,College,Near,Male,66,Average Performer
7006,25,81,Medium,Medium,No,8,79,Low,Yes,1,Medium,Medium,Public,Neutral,4,No,College,Near,Female,68,Average Performer
7007,18,97,Low,High,No,5,79,Low,Yes,2,Low,High,Public,Positive,3,No,College,Moderate,Male,70,Average Performer
7008,10,61,High,Low,Yes,10,79,Medium,Yes,4,High,High,Public,Positive,2,Yes,College,Moderate,Male,62,Average Performer
7009,27,91,Medium,Medium,No,8,75,Low,Yes,2,Medium,High,Private,Neutral,3,No,High School,Near,Male,71,Average Performer
7010,15,62,Medium,Medium,No,7,74,High,Yes,0,Low,High,Public,Negative,3,No,Postgraduate,Moderate,Female,61,Average Performer
7011,20,62,High,Medium,Yes,7,91,Low,Yes,1,Medium,Low,Public,Negative,3,No,College,Near,Male,64,Average Performer
7012,23,77,Medium,Low,No,8,73,Medium,Yes,1,Low,Low,Public,Positive,2,No,College,Near,Male,65,Average Performer
7013,21,63,Low,Medium,Yes,6,77,Low,Yes,3,Medium,High,Public,Negative,1,No,High School,Near,Male,63,Average Performer
7014,27,92,High,Medium,Yes,6,99,Low,Yes,4,Low,Low,Private,Positive,3,No,High School,Near,Female,74,Average Performer
7015,23,81,Medium,High,No,9,59,Low,Yes,2,Medium,High,Public,Neutral,2,No,College,Near,Male,68,Average Performer
7016,15,61,High,Medium,Yes,6,86,High,Yes,2,High,High,Public,Neutral,3,No,High School,Near,Female,65,Average Performer
7017,33,62,Medium,Medium,No,7,74,Low,Yes,2,Medium,Medium,Public,Neutral,2,No,College,Moderate,Male,66,Average Performer
7018,21,85,Medium,High,Yes,6,92,Medium,Yes,1,Medium,High,Public,Neutral,2,Yes,High School,Moderate,Male,69,Average Performer
7019,19,92,Low,Medium,Yes,7,70,Low,Yes,2,High,Medium,Private,Positive,2,No,College,Near,Male,69,Average Performer
7020,26,78,High,Medium,No,8,65,Medium,Yes,3,Medium,Medium,Public,Positive,3,No,College,Near,Female,70,Average Performer
7021,21,82,Medium,Medium,Yes,10,60,High,Yes,3,High,High,Public,Positive,4,No,High School,Near,Female,70,Average Performer
7022,22,92,Medium,Medium,Yes,6,94,Medium,Yes,1,Medium,Medium,Public,Positive,3,No,High School,Near,Male,71,Average Performer
7023,35,84,Medium,Medium,No,5,86,Medium,Yes,1,Medium,Medium,Public,Neutral,3,No,High School,Near,Female,72,Average Performer
7024,18,69,Medium,Low,No,7,54,Medium,Yes,1,Low,High,Public,Neutral,4,No,High School,Moderate,Male,61,Average Performer
7025,18,85,Medium,High,Yes,6,86,High,No,1,Medium,Medium,Private,Neutral,3,No,High School,Near,Female,68,Average Performer
7026,21,85,Medium,Low,Yes,7,52,Medium,Yes,3,Low,Medium,Private,Neutral,3,No,High School,Near,Male,66,Average Performer
7027,26,89,Medium,Medium,Yes,8,59,Low,Yes,1,Low,High,Public,Neutral,4,No,High School,Near,Male,70,Average Performer
7028,11,85,Medium,Low,No,10,80,Low,No,0,Low,High,Public,Positive,3,No,College,Near,Female,63,Average Performer
7029,8,99,Medium,High,Yes,6,73,Medium,Yes,1,Medium,,Public,Positive,3,No,High School,Far,Female,68,Average Performer
7030,16,68,Low,Medium,Yes,4,92,Medium,No,1,Medium,Medium,Public,Negative,4,No,College,Near,Male,62,Average Performer
7031,10,98,Medium,High,No,7,80,Low,Yes,3,Medium,Medium,Private,Neutral,3,No,College,Near,Male,69,Average Performer
7032,17,82,Medium,Medium,Yes,8,98,Medium,Yes,3,Medium,High,Public,Positive,4,No,High School,Moderate,Male,69,Average Performer
7033,23,87,Medium,Low,Yes,6,93,Medium,Yes,1,High,High,Private,Positive,4,No,Postgraduate,Near,Female,72,Average Performer
7034,15,64,High,Medium,Yes,7,67,Medium,Yes,2,Low,High,Public,Positive,3,No,High School,Near,Male,64,Average Performer
7035,11,75,Low,Medium,No,7,92,Medium,No,2,Low,High,Public,Positive,4,No,College,Moderate,Female,63,Average Performer
7036,20,91,Medium,Medium,Yes,7,93,High,Yes,1,Low,Medium,Public,Negative,3,No,Postgraduate,Moderate,Male,70,Average Performer
7037,25,88,Low,Medium,Yes,8,98,Low,No,1,Low,Low,Private,Neutral,4,No,Postgraduate,Near,Male,69,Average Performer
7038,10,62,High,High,No,7,51,Medium,Yes,1,Medium,High,Private,Positive,2,No,High School,Near,Male,61,Average Performer
7039,25,82,High,High,No,8,94,Low,Yes,2,Low,Medium,Public,Neutral,3,No,High School,Moderate,Male,70,Average Performer
7040,25,64,Medium,Medium,Yes,4,53,Low,Yes,1,Medium,Medium,Public,Neutral,2,No,College,Near,Male,64,Average Performer
7041,26,100,High,High,Yes,6,76,High,Yes,0,Medium,High,Public,Negative,4,No,Postgraduate,Near,Male,76,Top Performer
7042,27,96,Medium,Medium,Yes,6,71,Medium,Yes,2,Medium,Medium,Public,Neutral,2,No,College,Near,Female,73,Average Performer
7043,33,61,Low,Low,Yes,5,96,Medium,Yes,2,Medium,,Public,Negative,3,No,High School,Near,Male,67,Average Performer
7044,18,94,Medium,Medium,Yes,7,70,Medium,No,2,Medium,High,Public,Negative,3,No,College,Near,Female,69,Average Performer
7045,21,97,Medium,Medium,Yes,6,80,Low,Yes,2,Medium,Medium,Private,Positive,4,No,College,Near,Male,72,Average Performer
7046,18,74,Medium,Medium,No,6,85,Medium,Yes,4,Medium,Medium,Private,Negative,3,No,College,Moderate,Female,66,Average Performer
7047,20,89,Medium,Medium,Yes,8,51,Medium,Yes,3,Medium,High,Public,Positive,3,No,Postgraduate,Near,Female,70,Average Performer
7048,29,78,Medium,High,Yes,7,80,Medium,Yes,2,Medium,Medium,Public,Positive,4,No,Postgraduate,Near,Female,73,Average Performer
7049,12,86,High,Medium,Yes,5,76,Low,No,2,High,Medium,Public,Positive,3,No,Postgraduate,Near,Female,68,Average Performer
7050,15,74,Medium,High,No,6,80,Medium,Yes,2,High,Medium,Public,Negative,3,No,Postgraduate,Moderate,Male,66,Average Performer
7051,28,73,Low,Medium,Yes,8,54,Medium,Yes,4,Medium,Medium,Private,Neutral,1,No,High School,Near,Female,67,Average Performer
7052,26,77,Medium,Low,No,7,53,High,No,3,Medium,High,Private,Positive,3,No,High School,Near,Female,67,Average Performer
7053,18,66,Medium,High,Yes,9,59,Medium,No,0,Low,Medium,Private,Positive,3,No,High School,Near,Male,62,Average Performer
7054,25,93,Low,Medium,No,8,93,Medium,Yes,2,Medium,Medium,Public,Positive,3,No,College,Near,Male,72,Average Performer
7055,22,74,Low,High,Yes,6,68,Medium,Yes,0,Medium,Low,Public,Positive,4,No,High School,Far,Male,65,Average Performer
7056,29,76,Medium,Low,Yes,9,72,Medium,Yes,1,High,Medium,Public,Positive,3,No,High School,Near,Male,69,Average Performer
7057,20,96,Medium,High,No,9,70,Medium,Yes,2,Low,Low,Public,Positive,2,Yes,High School,Near,Male,69,Average Performer
7058,26,80,High,Medium,Yes,4,86,Medium,No,0,Low,Medium,Public,Positive,4,No,College,Moderate,Male,69,Average Performer
7059,36,82,Low,Low,Yes,7,63,Medium,Yes,0,Medium,Medium,Private,Positive,3,No,High School,Near,Male,69,Average Performer
7060,24,98,Low,Medium,Yes,6,53,Medium,Yes,1,Medium,Low,Public,Neutral,2,No,High School,Near,Female,69,Average Performer
7061,20,95,Medium,High,Yes,7,69,Low,Yes,0,Medium,High,Public,Neutral,3,No,High School,Near,Male,70,Average Performer
7062,24,67,High,Low,No,6,86,Medium,Yes,6,Low,Medium,Private,Positive,3,Yes,Postgraduate,Moderate,Female,67,Average Performer
7063,18,79,Medium,High,Yes,6,96,Medium,Yes,3,Medium,Low,Public,Positive,3,Yes,Postgraduate,Near,Male,69,Average Performer
7064,34,99,Medium,Medium,Yes,8,53,Medium,Yes,0,Medium,High,Public,Neutral,5,No,College,Near,Male,75,Top Performer
7065,21,75,Low,Medium,Yes,5,91,Medium,Yes,2,Low,Low,Public,Neutral,3,No,High School,Near,Male,66,Average Performer
7066,18,75,Medium,Low,Yes,7,53,Medium,Yes,0,High,High,Public,Neutral,2,No,High School,Near,Male,63,Average Performer
7067,15,68,Medium,Medium,Yes,5,67,Medium,Yes,3,Medium,High,Private,Negative,4,No,Postgraduate,Moderate,Male,64,Average Performer
7068,27,65,Medium,Medium,Yes,9,51,Medium,Yes,2,High,Medium,Private,Positive,2,No,Postgraduate,Moderate,Female,66,Average Performer
7069,25,90,Medium,Medium,Yes,7,96,Medium,Yes,1,Medium,Medium,Public,Positive,4,No,College,Moderate,Male,72,Average Performer
7070,17,91,Medium,High,No,8,85,High,Yes,3,Medium,High,Public,Neutral,4,No,College,Moderate,Female,71,Average Performer
7071,23,99,Low,Medium,Yes,7,68,Medium,Yes,0,High,High,Private,Positive,2,No,High School,Far,Male,70,Average Performer
7072,11,91,High,Medium,No,7,69,Medium,Yes,2,Low,Medium,Private,Positive,2,No,College,Near,Male,67,Average Performer
7073,21,70,Medium,Low,No,7,82,High,Yes,0,High,High,Public,Positive,3,No,High School,Near,Female,65,Average Performer
7074,23,62,High,High,Yes,9,54,Low,Yes,3,Low,Medium,Private,Neutral,4,No,High School,Near,Male,65,Average Performer
7075,30,99,Medium,Medium,Yes,6,57,Medium,Yes,0,Low,Medium,Public,Neutral,4,No,Postgraduate,Near,Male,73,Average Performer
7076,15,74,Medium,Medium,Yes,4,92,Low,Yes,1,Medium,Medium,Private,Positive,3,No,Postgraduate,Near,Male,66,Average Performer
7077,12,72,Low,Medium,Yes,6,60,High,Yes,0,Low,Medium,Public,Neutral,4,No,Postgraduate,Near,Male,62,Average Performer
7078,15,96,Medium,High,No,5,86,Medium,Yes,2,High,Medium,Private,Positive,2,No,High School,Near,Male,71,Average Performer
7079,12,83,Medium,High,No,8,61,Medium,Yes,3,High,Medium,Public,Neutral,5,Yes,High School,Near,Male,66,Average Performer
7080,28,69,High,High,Yes,7,54,Low,No,1,Low,Medium,Public,Neutral,2,No,College,Far,Male,65,Average Performer
7081,29,96,Medium,High,Yes,8,95,Medium,Yes,0,High,Medium,Private,Positive,2,No,High School,Near,Female,75,Top Performer
7082,22,100,High,Medium,No,7,95,Medium,Yes,2,Low,Medium,Public,Positive,4,No,College,Near,Male,74,Average Performer
7083,27,63,Medium,Low,Yes,7,80,High,Yes,1,Medium,High,Private,Neutral,3,No,High School,Moderate,Male,65,Average Performer
7084,21,94,Medium,Medium,No,7,73,Low,Yes,2,Low,Medium,Private,Positive,3,No,Postgraduate,Near,Female,71,Average Performer
7085,19,76,High,Low,Yes,9,78,Low,Yes,1,Low,Medium,Public,Negative,1,No,Postgraduate,Near,Female,65,Average Performer
7086,18,81,Medium,Low,Yes,7,70,High,Yes,0,Low,Medium,Private,Neutral,2,No,College,Near,Male,65,Average Performer
7087,18,97,Medium,Low,No,9,88,Medium,Yes,0,Low,Medium,Public,Neutral,4,No,High School,Moderate,Female,67,Average Performer
7088,11,99,Medium,Low,Yes,9,88,Medium,Yes,2,Low,Medium,Public,Neutral,2,No,High School,Moderate,Male,67,Average Performer
7089,22,70,Medium,Medium,No,7,91,Medium,Yes,2,Medium,Medium,Public,Positive,1,No,High School,Near,Male,66,Average Performer
7090,20,69,High,Medium,Yes,7,76,High,Yes,1,Medium,Medium,Public,Positive,3,No,High School,Near,Female,67,Average Performer
7091,24,63,Medium,Medium,No,6,90,Medium,No,2,Low,Medium,Private,Neutral,5,No,Postgraduate,Near,Female,66,Average Performer
7092,21,82,Low,High,No,9,58,Medium,Yes,0,Medium,Medium,Public,Negative,2,No,High School,Near,Male,65,Average Performer
7093,19,61,High,Medium,Yes,6,52,Low,No,1,Low,Medium,Public,Neutral,3,No,High School,Far,Female,59,Average Performer
7094,15,76,High,High,Yes,6,82,Medium,Yes,4,Low,High,Private,Positive,4,No,High School,Moderate,Female,69,Average Performer
7095,20,63,Medium,Medium,No,7,55,High,Yes,2,Low,High,Public,Negative,3,No,High School,Near,Male,63,Average Performer
7096,24,76,Low,Medium,No,5,78,High,Yes,1,Medium,Medium,Private,Neutral,4,Yes,High School,Moderate,Male,65,Average Performer
7097,13,62,Medium,Low,No,6,86,High,Yes,2,Low,Medium,Public,Neutral,4,No,High School,Near,Male,61,Average Performer
7098,21,93,Low,Medium,No,9,70,Medium,Yes,0,Medium,High,Public,Neutral,1,No,Postgraduate,Far,Female,68,Average Performer
7099,21,68,Medium,High,Yes,8,52,Medium,Yes,3,Low,Medium,Public,Neutral,2,No,College,Moderate,Male,65,Average Performer
7100,16,73,Low,Low,No,6,94,Medium,No,1,Low,Medium,Private,Negative,2,No,College,,Female,61,Average Performer
7101,16,95,Medium,High,Yes,8,52,Medium,Yes,0,Low,Medium,Private,Positive,3,No,Postgraduate,Moderate,Male,69,Average Performer
7102,21,90,Low,Medium,Yes,10,95,High,Yes,2,High,High,Private,Neutral,4,No,College,Near,Male,72,Average Performer
7103,13,69,Medium,Low,Yes,7,53,High,No,2,Medium,Medium,Private,Negative,3,Yes,High School,Near,Female,59,Average Performer
7104,22,63,Medium,Medium,No,9,87,Low,Yes,0,High,High,Public,Negative,2,No,College,Moderate,Female,63,Average Performer
7105,15,89,Medium,Medium,Yes,8,96,High,Yes,3,Low,High,Public,Negative,3,No,High School,Near,Male,69,Average Performer
7106,26,76,Low,Low,No,7,95,High,Yes,1,Low,High,Public,Neutral,1,No,Postgraduate,Near,Male,67,Average Performer
7107,34,91,Low,Medium,No,7,95,Medium,No,1,Medium,Medium,Public,Negative,3,Yes,College,Moderate,Male,70,Average Performer
7108,15,78,Medium,High,No,8,94,High,Yes,0,Low,Medium,Private,Positive,4,No,Postgraduate,Moderate,Male,67,Average Performer
7109,23,74,Medium,Medium,Yes,6,76,Medium,No,1,Low,Medium,Public,Positive,2,No,College,Near,Male,66,Average Performer
7110,16,78,Medium,Medium,Yes,4,78,Medium,Yes,5,High,Medium,Public,Positive,3,No,High School,Near,Female,68,Average Performer
7111,26,90,Low,High,Yes,6,81,Medium,Yes,1,Low,Medium,Private,Neutral,3,No,Postgraduate,Near,Male,71,Average Performer
7112,12,96,High,Medium,No,4,95,Medium,Yes,3,Medium,Medium,Private,Neutral,0,Yes,High School,Near,Male,69,Average Performer
7113,23,62,High,Medium,Yes,6,92,Low,Yes,0,High,Medium,Public,Neutral,2,No,,Moderate,Male,65,Average Performer
7114,15,81,Medium,Medium,No,4,89,High,Yes,0,Low,Medium,Private,Negative,3,No,Postgraduate,Near,Female,66,Average Performer
7115,19,61,Medium,High,Yes,8,84,High,Yes,2,Medium,High,Public,Positive,4,No,High School,Near,Male,66,Average Performer
7116,14,79,High,Medium,No,5,81,High,Yes,3,High,Medium,Public,Negative,3,No,High School,Near,Female,67,Average Performer
7117,25,95,High,Medium,Yes,8,96,Low,Yes,1,Medium,Medium,Public,Neutral,4,No,Postgraduate,Near,Male,74,Average Performer
7118,15,74,High,High,No,8,60,Low,Yes,3,Low,Medium,Public,Positive,5,No,High School,Moderate,Male,66,Average Performer
7119,23,97,Medium,High,Yes,8,60,Medium,Yes,1,Medium,High,Public,Neutral,3,No,College,Near,Male,72,Average Performer
7120,18,85,High,Low,Yes,4,99,High,Yes,0,Low,Medium,Private,Neutral,4,No,College,Near,Male,69,Average Performer
7121,19,97,Low,High,No,9,78,Medium,Yes,0,Medium,Medium,Private,Negative,4,No,High School,Moderate,Female,68,Average Performer
7122,21,90,Medium,High,Yes,8,74,Medium,Yes,4,Low,Medium,Private,Neutral,3,No,High School,Near,Male,71,Average Performer
7123,15,64,Medium,Medium,No,8,93,Medium,Yes,0,Low,Medium,Public,Negative,2,No,High School,Near,Female,61,Average Performer
7124,21,69,Medium,Medium,Yes,10,92,Low,Yes,2,Low,Medium,Private,Neutral,3,No,High School,Near,Male,65,Average Performer
7125,29,76,Medium,High,Yes,8,59,Medium,Yes,4,Low,High,Public,Neutral,2,No,Postgraduate,Near,Male,71,Average Performer
7126,15,67,Low,Medium,Yes,5,59,Low,Yes,0,Low,Medium,Private,Neutral,3,No,High School,Near,Male,59,Average Performer
7127,27,80,High,Medium,No,8,90,Low,Yes,1,Medium,High,Public,Neutral,3,No,Postgraduate,Near,Female,71,Average Performer
7128,29,79,Medium,High,No,5,89,Medium,Yes,0,High,High,Public,Neutral,3,No,Postgraduate,Near,Female,72,Average Performer
7129,15,98,High,High,Yes,7,61,Medium,Yes,1,Low,High,Private,Positive,3,No,College,Moderate,Female,71,Average Performer
7130,11,77,Low,Low,Yes,6,92,Low,Yes,0,Low,Medium,Public,Neutral,5,No,High School,Near,Male,61,Average Performer
7131,22,91,Medium,Medium,No,7,74,Medium,Yes,1,Medium,Medium,Private,Negative,2,Yes,College,Moderate,Female,67,Average Performer
7132,17,98,Medium,Medium,No,5,73,Low,Yes,0,Low,High,Public,Negative,2,No,College,Moderate,Male,67,Average Performer
7133,31,95,Medium,Medium,No,5,99,Medium,Yes,1,Medium,Medium,Private,Neutral,4,No,High School,Near,Female,74,Average Performer
7134,20,68,High,High,No,6,76,Low,Yes,2,Medium,Medium,Public,Neutral,3,No,High School,Near,Female,66,Average Performer
7135,15,80,Medium,Medium,Yes,7,57,Low,Yes,1,Low,Medium,Private,Negative,4,No,High School,Near,Male,63,Average Performer
7136,13,74,Medium,Medium,No,6,64,Low,Yes,4,High,High,Private,Neutral,3,Yes,High School,Near,Male,63,Average Performer
7137,27,76,High,High,No,9,67,Medium,Yes,1,Low,Medium,Public,Positive,4,No,High School,Far,Female,68,Average Performer
7138,17,74,Medium,Low,Yes,8,98,Low,Yes,1,High,High,Public,Neutral,3,No,High School,Near,Female,65,Average Performer
7139,20,93,Medium,Low,No,8,63,Medium,Yes,0,Low,High,Public,Negative,3,No,High School,Moderate,Male,66,Average Performer
7140,26,78,Medium,Medium,No,6,72,Medium,Yes,1,Low,,Private,Neutral,3,No,High School,Moderate,Female,67,Average Performer
7141,17,81,Medium,Medium,No,5,87,High,Yes,0,Low,High,Private,Neutral,2,No,College,Near,Female,67,Average Performer
7142,20,99,Medium,Low,Yes,7,64,High,Yes,0,Medium,Medium,Public,Positive,4,No,High School,Near,Male,70,Average Performer
7143,20,62,Low,Medium,Yes,10,85,High,Yes,5,Low,Medium,Private,Neutral,4,No,High School,Near,Male,65,Average Performer
7144,24,80,Medium,Medium,Yes,7,60,Medium,Yes,1,High,High,Public,Positive,3,No,High School,Moderate,Female,68,Average Performer
7145,24,91,Medium,High,Yes,9,62,Low,Yes,3,Low,Medium,Public,Negative,4,No,College,Moderate,Male,70,Average Performer
7146,19,66,High,Low,No,9,99,Medium,Yes,1,Medium,Medium,Public,Positive,3,No,College,Near,Male,66,Average Performer
7147,20,84,High,Medium,Yes,8,68,Medium,Yes,0,Low,Medium,Private,Positive,4,No,Postgraduate,Near,Male,69,Average Performer
7148,18,70,Medium,Medium,No,7,86,Medium,Yes,1,High,Medium,Public,Positive,2,No,High School,Near,Female,65,Average Performer
7149,11,95,Medium,Medium,Yes,6,92,Medium,No,2,Medium,Low,Public,Neutral,3,No,Postgraduate,Moderate,Female,68,Average Performer
7150,22,73,Low,Medium,Yes,7,67,Medium,Yes,3,High,Medium,Private,Positive,2,No,High School,Far,Male,65,Average Performer
7151,31,73,Medium,High,Yes,6,68,High,Yes,1,Medium,Medium,Public,Positive,3,No,High School,Near,Female,70,Average Performer
7152,15,84,Low,Low,Yes,7,89,High,Yes,1,Low,High,Public,Neutral,3,No,High School,Near,Female,65,Average Performer
7153,15,67,High,Medium,Yes,5,80,High,Yes,3,Medium,High,Public,Neutral,4,No,College,Near,Male,67,Average Performer
7154,15,71,High,Low,No,6,68,Low,No,5,Low,Medium,Public,Positive,4,No,College,Near,Female,64,Average Performer
7155,24,77,Medium,Medium,No,8,87,High,Yes,2,Low,Medium,Public,Positive,1,Yes,Postgraduate,Moderate,Female,68,Average Performer
7156,23,74,Medium,High,Yes,6,93,Medium,Yes,4,High,Medium,Private,Neutral,3,No,High School,Near,Female,70,Average Performer
7157,19,81,Low,High,Yes,6,62,Medium,No,1,Medium,Low,Public,Negative,3,No,High School,Moderate,Female,64,Average Performer
7158,14,84,High,Medium,No,6,51,Low,Yes,4,High,Medium,Public,Neutral,3,No,High School,Near,Male,67,Average Performer
7159,21,83,High,High,No,7,64,Medium,Yes,2,Medium,Low,Private,Neutral,2,No,High School,Near,Male,68,Average Performer
7160,11,86,Medium,Medium,Yes,4,84,Medium,Yes,5,Low,High,Public,Neutral,4,Yes,High School,Near,Male,67,Average Performer
7161,21,72,Medium,Low,Yes,6,96,Low,Yes,4,High,Medium,Public,Positive,2,Yes,College,Moderate,Female,66,Average Performer
7162,25,65,Medium,High,Yes,8,93,Low,No,2,Medium,Medium,Public,Negative,3,No,College,Moderate,Female,66,Average Performer
7163,12,90,Medium,Low,Yes,7,61,Medium,Yes,2,Low,High,Private,Positive,2,No,High School,Near,Male,66,Average Performer
7164,11,94,Low,Low,Yes,8,94,Medium,Yes,2,Low,Medium,Public,Positive,2,No,College,Near,Male,67,Average Performer
7165,29,70,Medium,Medium,Yes,4,91,Low,Yes,2,Low,Medium,Public,Positive,3,No,College,Near,Male,69,Average Performer
7166,16,76,Low,Medium,No,6,87,Medium,Yes,3,Low,Medium,Private,Neutral,4,No,College,Near,Female,65,Average Performer
7167,27,80,Low,Low,Yes,7,84,Low,Yes,4,Low,Medium,Public,Positive,3,No,College,Moderate,Male,68,Average Performer
7168,19,81,Low,High,No,8,90,Medium,Yes,2,Low,Medium,Private,Neutral,3,No,High School,Near,Female,67,Average Performer
7169,19,86,Medium,Medium,Yes,9,93,Low,Yes,1,Low,High,Public,Positive,3,No,College,Near,Male,69,Average Performer
7170,23,62,Medium,Medium,No,8,91,High,No,3,High,Low,Public,Neutral,3,No,High School,Moderate,Male,64,Average Performer
7171,15,89,Medium,Medium,No,6,56,Low,Yes,2,Medium,Medium,Public,Positive,4,No,College,Near,Male,67,Average Performer
7172,21,62,High,Medium,No,6,86,Medium,Yes,2,Medium,High,Private,Positive,4,No,High School,Near,Female,67,Average Performer
7173,18,79,Medium,High,No,9,92,Low,Yes,1,Low,Medium,Private,Neutral,3,No,College,Near,Male,67,Average Performer
7174,12,93,Medium,High,No,6,59,Medium,Yes,2,Low,Medium,Private,Positive,3,No,High School,Moderate,Female,67,Average Performer
7175,22,78,Medium,High,Yes,5,61,Low,Yes,2,Low,Medium,Public,Neutral,4,No,College,Near,Male,68,Average Performer
7176,18,66,Medium,Medium,Yes,7,89,High,Yes,4,Low,Medium,Public,Positive,3,Yes,High School,Near,Male,65,Average Performer
7177,19,99,Low,High,No,9,67,Low,Yes,3,High,Medium,Public,Neutral,1,No,College,Moderate,Male,70,Average Performer
7178,13,96,Medium,Medium,No,6,70,Medium,Yes,1,Low,High,Public,Neutral,3,No,College,Near,Female,68,Average Performer
7179,30,91,High,Low,Yes,6,69,Medium,Yes,2,Medium,High,Public,Negative,4,No,High School,Moderate,Female,72,Average Performer
7180,25,76,Medium,High,No,6,61,Medium,Yes,1,Medium,Medium,Public,Neutral,3,No,Postgraduate,Far,Male,67,Average Performer
7181,26,67,High,Low,Yes,8,97,Medium,Yes,2,Medium,Medium,Public,Neutral,0,No,High School,Moderate,Female,66,Average Performer
7182,18,98,Low,Low,Yes,7,90,Low,Yes,0,High,High,Private,Positive,1,No,High School,Moderate,Male,68,Average Performer
7183,10,81,Medium,High,No,8,63,Medium,Yes,1,Low,Low,Public,Neutral,2,No,,Near,Male,64,Average Performer
7184,32,94,Medium,High,Yes,9,55,High,Yes,4,Medium,Medium,Private,Positive,2,Yes,High School,Near,Male,75,Top Performer
7185,20,74,High,Low,Yes,5,69,High,Yes,1,Medium,Medium,Public,Positive,4,No,College,Moderate,Female,66,Average Performer
7186,16,73,High,High,Yes,6,71,Medium,Yes,0,Low,Medium,Public,Positive,4,No,Postgraduate,Near,Male,67,Average Performer
7187,23,99,High,High,No,6,50,Medium,No,1,High,Medium,Private,Neutral,5,Yes,High School,Near,Male,71,Average Performer
7188,27,81,Low,High,No,7,94,Low,Yes,0,Low,Medium,Public,Neutral,4,No,College,Moderate,Male,68,Average Performer
7189,20,66,Medium,Medium,Yes,8,93,Medium,Yes,2,Low,High,Public,Neutral,3,No,High School,Near,Male,65,Average Performer
7190,28,69,Low,High,Yes,6,93,Low,Yes,0,High,Low,Public,Negative,3,No,College,Near,Male,67,Average Performer
7191,26,79,Low,High,Yes,6,90,Low,No,0,High,Medium,Private,Negative,2,Yes,College,Moderate,Male,66,Average Performer
7192,14,62,Low,Medium,No,8,87,Medium,Yes,1,Medium,Medium,Public,Positive,1,No,High School,Moderate,Male,60,Average Performer
7193,16,79,Medium,Medium,No,8,82,Low,Yes,2,Low,Medium,Private,Neutral,3,Yes,Postgraduate,Moderate,Female,64,Average Performer
7194,26,77,Medium,Medium,Yes,7,98,Low,Yes,0,High,Medium,Public,Neutral,1,No,Postgraduate,,Male,69,Average Performer
7195,4,91,Medium,Medium,No,4,86,Low,Yes,3,Low,Medium,Private,Neutral,4,Yes,College,Moderate,Male,64,Average Performer
7196,19,74,Medium,High,No,9,82,High,Yes,2,Low,Medium,Private,Neutral,3,No,High School,Moderate,Male,66,Average Performer
7197,11,99,High,Medium,Yes,7,89,High,Yes,3,Low,Medium,Public,Positive,3,No,College,Near,Male,72,Average Performer
7198,17,67,Low,Low,Yes,7,62,Medium,Yes,0,Low,Medium,Public,Positive,4,No,High School,Moderate,Female,60,Average Performer
7199,18,84,Low,High,Yes,6,98,Low,Yes,3,Medium,Medium,Public,Positive,3,No,High School,Near,Male,69,Average Performer
7200,18,64,Medium,Medium,Yes,6,51,Medium,Yes,2,Low,Medium,Public,Positive,1,No,High School,Near,Female,62,Average Performer
7201,17,89,Medium,Medium,Yes,6,82,Medium,Yes,3,Medium,Medium,Private,Positive,3,No,College,Near,Female,70,Average Performer
7202,13,100,Low,Low,Yes,4,54,Low,Yes,3,Low,Low,Public,Positive,2,No,High School,Near,Female,65,Average Performer
7203,34,93,High,Medium,Yes,6,93,High,Yes,2,Low,High,Public,Neutral,4,No,High School,Near,Male,77,Top Performer
7204,31,82,Medium,High,Yes,5,98,Medium,Yes,0,Low,Low,Public,Neutral,3,No,High School,Near,Male,71,Average Performer
7205,13,79,Medium,High,No,7,70,High,Yes,4,Low,Medium,Public,Positive,3,Yes,High School,Near,Female,66,Average Performer
7206,29,93,Medium,Medium,No,5,93,Medium,Yes,2,Low,Medium,Public,Positive,3,No,Postgraduate,Near,Female,74,Average Performer
7207,18,97,Medium,High,No,8,67,Medium,Yes,1,Medium,High,Public,Neutral,3,No,High School,Near,Male,70,Average Performer
7208,21,100,Medium,Medium,No,5,58,Medium,Yes,2,Medium,Medium,Private,Neutral,2,No,High School,Moderate,Male,69,Average Performer
7209,20,76,Medium,Medium,No,9,64,Low,Yes,2,Low,Medium,Public,Negative,2,No,College,Moderate,Male,64,Average Performer
7210,16,100,Medium,Medium,Yes,8,65,High,Yes,1,High,Medium,Public,Positive,2,Yes,College,Moderate,Female,69,Average Performer
7211,26,66,High,High,Yes,5,82,Medium,Yes,1,Low,Medium,Public,Neutral,3,No,High School,Near,Female,68,Average Performer
7212,21,70,Medium,Low,Yes,7,90,Medium,No,1,Low,Medium,Public,Neutral,4,No,High School,Moderate,Male,63,Average Performer
7213,17,64,Medium,Medium,Yes,6,60,Medium,Yes,1,Medium,Medium,Private,Positive,2,Yes,High School,Near,Male,61,Average Performer
7214,12,71,Medium,Medium,No,8,54,Medium,Yes,0,Low,Low,Public,Positive,5,No,College,Near,Male,61,Average Performer
7215,15,91,Medium,Low,Yes,10,61,Medium,Yes,0,Low,High,Public,Neutral,4,No,High School,Moderate,Male,65,Average Performer
7216,10,94,Medium,High,No,9,65,Medium,Yes,3,Low,Low,Private,Negative,2,No,High School,Moderate,Female,65,Average Performer
7217,20,91,High,Medium,Yes,6,64,High,Yes,0,High,Medium,Private,Positive,3,Yes,High School,Moderate,Female,69,Average Performer
7218,13,85,High,High,Yes,7,61,High,Yes,3,Medium,High,Public,Positive,2,No,High School,Moderate,Female,69,Average Performer
7219,18,81,Low,Medium,No,9,73,Medium,Yes,1,High,Medium,Public,Negative,2,No,High School,Near,Male,65,Average Performer
7220,28,88,Low,High,Yes,8,93,Medium,Yes,3,Low,Medium,Public,Negative,1,No,Postgraduate,Moderate,Female,72,Average Performer
7221,27,76,High,High,Yes,9,55,Medium,Yes,3,Low,Medium,Private,Neutral,0,No,High School,Moderate,Female,69,Average Performer
7222,20,94,High,Medium,Yes,8,93,Low,Yes,1,Medium,Medium,Public,Neutral,3,No,College,Moderate,Female,71,Average Performer
7223,19,87,Medium,Medium,Yes,7,75,Medium,Yes,2,Low,Low,Public,Negative,3,No,High School,Moderate,Female,67,Average Performer
7224,31,88,Medium,High,No,7,83,Medium,Yes,0,Low,Medium,Private,Neutral,2,No,High School,Near,Male,72,Average Performer
7225,23,81,High,High,No,5,91,Low,Yes,0,High,High,Public,Positive,3,Yes,High School,Near,Female,70,Average Performer
7226,18,95,Low,Medium,Yes,6,65,High,Yes,1,Low,High,Public,Negative,3,No,High School,Near,Female,68,Average Performer
7227,11,70,Medium,Medium,No,6,98,Medium,Yes,3,High,Medium,Private,Neutral,4,No,Postgraduate,Near,Female,66,Average Performer
7228,22,75,Medium,High,No,6,54,Low,Yes,4,Low,High,Public,Positive,4,No,High School,Near,Male,68,Average Performer
7229,25,91,High,Low,Yes,7,76,Low,Yes,1,Low,High,Private,Positive,3,No,College,Near,Female,71,Average Performer
7230,16,80,Low,Medium,Yes,7,63,High,Yes,2,Low,Medium,Private,Neutral,3,No,,Far,Male,63,Average Performer
7231,22,96,Medium,High,No,7,70,Medium,No,2,Medium,Medium,Private,Negative,4,No,College,Moderate,Male,70,Average Performer
7232,18,74,Medium,High,No,8,72,High,Yes,1,Low,High,Public,Negative,2,No,College,Moderate,Male,65,Average Performer
7233,19,75,High,High,Yes,6,96,Medium,Yes,2,Medium,Medium,Public,Positive,4,No,High School,Near,Female,70,Average Performer
7234,5,96,Medium,Low,Yes,8,72,Low,Yes,3,Medium,Medium,Public,Negative,5,No,High School,Near,Male,65,Average Performer
7235,19,79,High,High,Yes,9,85,Medium,Yes,0,Medium,Medium,Public,Positive,2,No,High School,Moderate,Male,68,Average Performer
7236,26,81,High,Medium,Yes,8,98,Low,Yes,1,Medium,Low,Private,Neutral,2,Yes,High School,Near,Female,69,Average Performer
7237,16,73,Medium,Medium,Yes,6,75,High,Yes,3,Medium,Medium,Public,Positive,3,No,High School,Moderate,Female,66,Average Performer
7238,20,71,Low,Medium,No,8,70,Medium,Yes,0,Medium,High,Private,Neutral,3,No,High School,Far,Female,62,Average Performer
7239,15,86,Medium,High,No,8,99,High,Yes,2,Medium,Medium,Public,Neutral,5,No,High School,Near,Male,70,Average Performer
7240,22,65,High,Low,No,8,91,Medium,Yes,2,High,Medium,Public,Negative,2,No,College,Moderate,Female,65,Average Performer
7241,19,95,Low,High,Yes,9,97,Low,Yes,0,Medium,Medium,Public,Neutral,2,No,Postgraduate,Near,Male,71,Average Performer
7242,14,91,Medium,High,Yes,8,70,Medium,Yes,2,Low,Medium,Private,Neutral,0,No,Postgraduate,Moderate,Male,68,Average Performer
7243,28,68,Low,Low,Yes,9,85,Medium,Yes,0,Medium,Medium,Public,Negative,3,No,Postgraduate,Near,Male,65,Average Performer
7244,26,88,Low,High,Yes,7,62,High,No,1,High,High,Private,Positive,2,No,High School,Near,Female,70,Average Performer
7245,16,84,Medium,High,Yes,6,93,Medium,Yes,0,High,Medium,Public,Positive,3,No,High School,Moderate,Male,69,Average Performer
7246,23,67,Medium,Low,Yes,9,97,Medium,Yes,1,Medium,Medium,Private,Positive,3,No,College,Moderate,Male,66,Average Performer
7247,23,71,Medium,Medium,Yes,6,63,Low,Yes,1,Low,High,Public,Positive,5,No,,Moderate,Male,66,Average Performer
7248,24,76,High,Medium,No,10,55,Low,Yes,2,Low,Medium,Public,Positive,4,No,High School,Near,Male,67,Average Performer
7249,10,88,Low,Medium,No,9,60,Medium,Yes,1,Low,Medium,Public,Positive,3,No,High School,Moderate,Female,63,Average Performer
7250,26,86,Low,High,Yes,7,82,Medium,Yes,2,Low,Medium,Private,Positive,3,No,High School,Moderate,Female,70,Average Performer
7251,17,81,High,Medium,No,9,64,Medium,Yes,0,High,Medium,Public,Positive,3,Yes,High School,Far,Male,65,Average Performer
7252,18,91,Medium,High,No,8,82,Medium,Yes,3,Medium,Medium,Private,Positive,2,No,High School,Moderate,Male,70,Average Performer
7253,36,90,Medium,High,Yes,5,68,Low,Yes,1,Low,High,Public,Positive,2,No,High School,Moderate,Male,74,Average Performer
7254,22,85,High,Medium,Yes,6,96,Medium,Yes,0,Low,Medium,Public,Neutral,3,No,,Moderate,Female,69,Average Performer
7255,18,91,High,Medium,No,7,73,Low,Yes,0,Low,Medium,Public,Negative,4,No,College,Near,Male,68,Average Performer
7256,7,73,Medium,Medium,Yes,7,75,Medium,Yes,1,High,High,Private,Positive,3,No,College,Near,Male,64,Average Performer
7257,28,95,High,Medium,No,9,67,Low,Yes,2,Medium,Medium,Public,Neutral,3,No,High School,Near,Male,73,Average Performer
7258,12,85,Medium,Medium,Yes,7,54,Medium,Yes,4,Low,High,Public,Positive,3,No,College,Moderate,Male,66,Average Performer
7259,14,93,Medium,Low,Yes,5,75,Low,Yes,0,Medium,High,Public,Negative,3,No,High School,Moderate,Male,65,Average Performer
7260,18,82,High,Low,Yes,6,89,High,Yes,0,Medium,Medium,Private,Positive,1,Yes,College,Moderate,Male,66,Average Performer
7261,28,69,Medium,Low,No,8,98,Medium,Yes,0,Medium,Medium,Public,Positive,5,No,High School,Near,Male,67,Average Performer
7262,25,82,Medium,High,No,4,54,Medium,Yes,0,Medium,Medium,Public,Neutral,3,No,High School,Near,Male,67,Average Performer
7263,19,75,Medium,Medium,Yes,5,90,High,Yes,0,Medium,,Private,Negative,3,No,Postgraduate,Near,Female,66,Average Performer
7264,22,88,Medium,Low,Yes,6,63,Low,Yes,3,Low,Medium,Public,Positive,3,No,Postgraduate,Near,Male,69,Average Performer
7265,16,79,Medium,Medium,Yes,8,91,Medium,Yes,4,High,Medium,Private,Positive,1,No,Postgraduate,Near,Male,69,Average Performer
7266,21,93,Medium,Low,No,7,67,High,Yes,2,Low,Medium,Public,Neutral,3,No,College,Far,Female,68,Average Performer
7267,20,87,Low,Low,No,8,56,Medium,No,1,High,Medium,Public,Negative,1,No,College,Near,Female,64,Average Performer
7268,26,87,Medium,Medium,Yes,7,81,Medium,Yes,1,High,Medium,Public,Negative,2,No,High School,Near,Male,70,Average Performer
7269,26,69,Medium,Medium,No,7,95,Medium,Yes,1,Low,Medium,Public,Negative,4,No,Postgraduate,Near,Female,67,Average Performer
7270,23,99,Low,Low,No,6,59,Medium,Yes,1,Medium,Medium,Public,Positive,3,No,High School,Far,Male,68,Average Performer
7271,18,94,Medium,Medium,Yes,8,51,Medium,Yes,0,High,Medium,Public,Positive,3,Yes,College,Moderate,Female,67,Average Performer
7272,24,92,High,Medium,Yes,5,94,Low,Yes,1,Medium,Medium,Public,Neutral,2,No,Postgraduate,Near,Female,73,Average Performer
7273,19,73,Medium,Medium,Yes,7,85,Medium,Yes,1,Medium,Medium,Public,Neutral,3,No,High School,Far,Male,65,Average Performer
7274,14,81,Medium,High,No,9,90,Medium,Yes,3,High,High,Public,Neutral,3,No,Postgraduate,Near,Male,69,Average Performer
7275,18,65,Medium,Medium,Yes,6,53,Medium,Yes,1,Medium,Medium,Private,Positive,3,Yes,Postgraduate,Near,Male,63,Average Performer
7276,21,82,Medium,Medium,No,5,95,Medium,Yes,3,Low,Low,Public,Positive,4,No,High School,Near,Female,68,Average Performer
7277,25,66,Medium,High,No,4,71,High,Yes,0,Medium,Medium,Public,Negative,3,Yes,High School,Near,Female,64,Average Performer
7278,19,82,Low,High,No,8,95,Medium,Yes,2,Low,High,Public,Neutral,4,Yes,Postgraduate,Moderate,Female,68,Average Performer
7279,13,86,Medium,High,Yes,8,53,Medium,Yes,2,Low,High,Public,Positive,4,No,High School,Far,Male,66,Average Performer
7280,20,76,Medium,Medium,No,6,94,Low,Yes,2,Low,High,Public,Neutral,3,Yes,High School,Moderate,Male,65,Average Performer
7281,21,80,Medium,Medium,Yes,5,84,Low,Yes,4,Low,Medium,Private,Neutral,2,No,Postgraduate,Near,Female,69,Average Performer
7282,21,95,Low,Medium,No,7,78,High,Yes,2,Low,High,Public,Neutral,2,Yes,High School,Near,Male,69,Average Performer
7283,26,64,Low,High,Yes,9,53,Medium,No,2,Low,High,Public,Negative,4,No,College,Near,Male,64,Average Performer
7284,26,92,High,High,No,5,84,High,Yes,0,Medium,High,Public,Neutral,2,No,Postgraduate,Near,Male,74,Average Performer
7285,16,67,High,Medium,No,9,80,Medium,Yes,1,Low,High,Public,Neutral,3,No,High School,Near,Female,64,Average Performer
7286,16,61,Medium,Low,No,4,86,Medium,Yes,3,Medium,High,Public,Positive,4,No,High School,Near,Female,63,Average Performer
7287,14,67,High,Medium,Yes,5,86,Medium,No,0,High,Medium,Public,Positive,4,No,College,Moderate,Female,64,Average Performer
7288,24,91,Medium,Medium,Yes,7,72,Medium,Yes,3,Medium,High,Public,Neutral,3,No,High School,Moderate,Male,71,Average Performer
7289,29,76,Low,High,Yes,8,60,Medium,Yes,2,Medium,Medium,Public,Negative,3,No,High School,Near,Female,68,Average Performer
7290,18,95,Medium,Medium,Yes,9,96,Low,Yes,4,Medium,Medium,Public,Negative,4,No,College,Near,Female,72,Average Performer
7291,19,81,Medium,Low,Yes,8,96,High,Yes,1,Low,Medium,Private,Negative,4,No,Postgraduate,Near,Male,67,Average Performer
7292,29,61,Medium,High,No,9,61,Medium,Yes,0,Low,Medium,Private,Negative,3,No,High School,Near,Male,64,Average Performer
7293,23,89,Medium,Low,No,7,82,Medium,Yes,2,High,High,Public,Positive,1,No,College,Near,Male,70,Average Performer
7294,23,64,High,Medium,Yes,6,60,Low,Yes,2,Medium,Medium,Public,Negative,3,No,College,Near,Female,65,Average Performer
7295,13,92,High,Medium,No,9,93,High,Yes,2,High,Medium,Public,Negative,2,No,College,Moderate,Male,69,Average Performer
7296,24,67,High,Medium,No,9,55,High,Yes,2,Low,Low,Public,Positive,2,No,College,Moderate,Male,65,Average Performer
7297,14,74,High,Medium,No,8,100,Medium,Yes,1,Low,Medium,Public,Neutral,3,No,College,Near,Male,66,Average Performer
7298,13,90,High,Medium,No,8,81,Medium,Yes,0,Medium,Medium,Public,Positive,3,No,High School,Moderate,Female,67,Average Performer
7299,18,98,Medium,Low,No,9,51,Medium,Yes,1,High,Medium,Public,Neutral,4,No,College,Near,Male,68,Average Performer
7300,16,75,Medium,Medium,Yes,8,94,Medium,Yes,0,Medium,Medium,Private,Positive,3,No,High School,Moderate,Male,65,Average Performer
7301,19,93,Medium,Medium,No,7,84,High,No,0,Medium,Low,Public,Neutral,2,No,College,Near,Male,68,Average Performer
7302,11,68,Medium,High,Yes,8,85,High,No,2,Medium,Medium,Public,Negative,2,No,College,Near,Male,63,Average Performer
7303,26,92,Medium,Medium,No,8,64,Medium,Yes,1,Medium,Medium,Private,Positive,5,No,High School,Near,Male,71,Average Performer
7304,27,86,High,Medium,No,8,67,Medium,Yes,1,Low,Medium,Public,Positive,4,No,College,Near,Male,71,Average Performer
7305,8,68,High,Medium,Yes,7,96,Medium,Yes,2,Low,High,Public,Positive,3,No,Postgraduate,Near,Female,65,Average Performer
7306,26,72,Medium,Low,No,8,82,Medium,Yes,2,Medium,Low,Public,Negative,2,No,Postgraduate,Far,Female,65,Average Performer
7307,15,65,Medium,Low,Yes,8,51,Medium,Yes,1,High,Medium,Public,Positive,3,No,High School,Moderate,Female,61,Average Performer
7308,25,75,High,High,Yes,7,66,Low,Yes,0,Low,High,Public,Negative,4,No,High School,Near,Male,68,Average Performer
7309,20,68,Low,Medium,Yes,6,80,Low,Yes,4,Low,Medium,Private,Neutral,4,No,College,Near,Female,65,Average Performer
7310,20,86,Low,Medium,No,9,57,Medium,Yes,0,Medium,High,Public,Positive,4,No,High School,Moderate,Male,66,Average Performer
7311,19,100,High,Low,Yes,5,55,Low,Yes,2,Low,Medium,Public,Positive,4,No,High School,Moderate,Male,69,Average Performer
7312,27,60,High,High,No,6,53,Low,Yes,3,Low,Low,Private,Positive,2,No,High School,Moderate,Female,65,Average Performer
7313,13,82,Medium,High,No,7,82,Medium,Yes,1,Low,Low,Public,Positive,3,No,High School,Near,Female,65,Average Performer
7314,24,83,High,Medium,No,4,66,High,Yes,2,Medium,High,Private,Positive,4,Yes,Postgraduate,Moderate,Male,70,Average Performer
7315,27,97,Medium,Medium,No,9,69,Medium,Yes,1,Low,Medium,Private,Neutral,2,No,High School,Moderate,Female,70,Average Performer
7316,24,80,Medium,Medium,Yes,7,53,Medium,Yes,2,Low,Medium,Public,Positive,4,Yes,High School,Near,Female,67,Average Performer
7317,34,82,Medium,High,Yes,9,87,High,Yes,3,Low,Medium,Public,Positive,4,No,High School,Near,Female,75,Top Performer
7318,17,79,Low,Low,Yes,10,88,Low,Yes,3,Medium,High,Private,Neutral,3,No,High School,Moderate,Female,65,Average Performer
7319,26,71,Medium,Medium,Yes,7,91,Medium,No,2,Low,Medium,Private,Neutral,3,No,High School,Moderate,Female,66,Average Performer
7320,19,62,High,Medium,Yes,9,83,High,Yes,2,Medium,Medium,Public,Positive,3,No,College,,Male,67,Average Performer
7321,27,76,Low,Medium,Yes,5,89,Low,Yes,0,Low,,Private,Positive,4,No,Postgraduate,Far,Male,67,Average Performer
7322,20,62,Low,Medium,No,8,79,High,Yes,2,Low,Medium,Public,Positive,1,No,High School,Near,Female,62,Average Performer
7323,18,82,Medium,Medium,Yes,6,75,Medium,Yes,0,Low,Medium,Private,Negative,4,No,College,Near,Male,66,Average Performer
7324,28,72,Low,High,No,8,63,Low,Yes,1,Low,High,Public,Neutral,2,No,,Near,Male,66,Average Performer
7325,17,81,High,Low,Yes,8,53,High,Yes,0,Medium,Medium,Public,Neutral,2,No,High School,Far,Male,64,Average Performer
7326,12,65,Low,Medium,No,7,65,Medium,Yes,2,Medium,Medium,Public,Neutral,2,No,High School,Near,Male,60,Average Performer
7327,17,97,Medium,Medium,Yes,8,84,Medium,No,3,Low,Low,Private,Neutral,3,No,Postgraduate,Near,Female,70,Average Performer
7328,24,96,Medium,Medium,No,8,96,Medium,Yes,2,Low,Low,Public,Positive,3,No,College,Near,Female,72,Average Performer
7329,28,68,High,Medium,Yes,7,63,Medium,Yes,0,Low,High,Public,Negative,2,No,College,Near,Male,67,Average Performer
7330,21,74,Medium,High,Yes,10,83,Low,Yes,1,High,Medium,Public,Neutral,3,No,High School,Moderate,Female,67,Average Performer
7331,28,85,Medium,Medium,Yes,7,74,Medium,Yes,1,Medium,High,Public,Positive,3,No,Postgraduate,Near,Female,72,Average Performer
7332,12,64,High,High,Yes,9,81,Medium,No,1,High,High,Public,Neutral,3,No,High School,Moderate,Male,63,Average Performer
7333,17,74,Low,Medium,No,9,50,Medium,Yes,0,Low,High,Public,Negative,2,No,High School,Far,Female,60,Average Performer
7334,18,70,Medium,Medium,Yes,4,56,Medium,Yes,1,High,High,Public,Neutral,4,No,High School,Near,Male,65,Average Performer
7335,19,97,High,Medium,Yes,9,61,High,Yes,2,Medium,High,Public,Neutral,1,No,Postgraduate,Moderate,Male,72,Average Performer
7336,21,94,Medium,High,No,9,95,Low,Yes,0,Medium,High,Private,Negative,3,No,High School,Near,Male,70,Average Performer
7337,24,83,High,Medium,Yes,7,52,High,Yes,1,Medium,High,Public,Positive,4,No,College,Near,Female,71,Average Performer
7338,17,81,Low,Medium,Yes,8,78,Low,Yes,1,Low,High,Private,Positive,4,No,College,Moderate,Male,66,Average Performer
7339,21,97,Low,Medium,Yes,8,96,High,Yes,2,Low,High,Public,Positive,4,No,College,Moderate,Female,72,Average Performer
7340,20,97,Low,Medium,Yes,9,83,High,Yes,3,Medium,High,Public,Positive,3,No,Postgraduate,Near,Female,73,Average Performer
7341,14,99,High,Medium,Yes,6,74,Medium,Yes,2,Medium,Medium,Public,Neutral,3,No,College,Near,Male,71,Average Performer
7342,19,65,High,Low,No,9,69,Medium,Yes,4,Low,High,Public,Neutral,2,No,College,Far,Male,64,Average Performer
7343,19,66,Medium,High,Yes,5,81,Medium,Yes,1,High,Medium,Private,Positive,3,No,College,Moderate,Male,66,Average Performer
7344,19,87,Medium,Medium,No,4,74,High,Yes,1,High,Medium,Public,Positive,3,No,College,Near,Male,69,Average Performer
7345,20,82,Low,Medium,No,8,85,Low,Yes,1,Medium,High,Private,Neutral,3,Yes,Postgraduate,Near,Female,66,Average Performer
7346,20,61,Medium,High,No,9,81,Medium,Yes,0,High,High,Public,Neutral,2,Yes,High School,Near,Male,63,Average Performer
7347,17,62,Medium,Medium,Yes,7,78,Medium,Yes,0,Medium,High,Public,Negative,3,No,High School,Near,Male,62,Average Performer
7348,28,96,High,Low,Yes,4,98,High,Yes,1,High,High,Public,Positive,3,No,High School,Near,Male,98,Top Performer
7349,13,95,High,High,Yes,5,92,Low,Yes,1,Medium,Medium,Private,Positive,2,No,College,Near,Female,71,Average Performer
7350,16,74,High,Medium,No,8,80,Medium,Yes,0,Low,Medium,Public,Positive,4,No,Postgraduate,Near,Female,66,Average Performer
7351,37,96,Medium,Medium,No,7,77,Medium,Yes,2,Medium,Medium,Public,Positive,3,No,High School,Moderate,Female,75,Top Performer
7352,14,84,High,Medium,Yes,9,86,High,Yes,1,Low,Medium,Private,Positive,4,No,High School,Near,Female,68,Average Performer
7353,12,92,High,Medium,No,7,90,Medium,Yes,2,Medium,High,Public,Negative,5,No,High School,Near,Male,69,Average Performer
7354,24,77,Medium,Low,Yes,6,65,High,Yes,2,Medium,High,Private,Positive,3,No,High School,Near,Male,68,Average Performer
7355,8,65,Medium,Medium,No,7,83,Low,Yes,3,Medium,Medium,Public,Negative,4,No,High School,Near,Female,60,Average Performer
7356,19,77,Medium,Low,No,9,57,Low,Yes,4,Medium,Medium,Public,Neutral,3,Yes,High School,Near,Female,64,Average Performer
7357,33,78,Medium,Medium,No,9,72,Medium,Yes,4,Medium,Medium,Public,Positive,3,No,High School,Moderate,Male,71,Average Performer
7358,11,82,High,High,No,7,97,Low,Yes,2,High,Medium,Public,Positive,3,No,College,Near,Male,69,Average Performer
7359,8,64,Medium,Medium,Yes,7,66,Medium,Yes,1,Low,Medium,Private,Positive,3,No,College,Near,Male,60,Average Performer
7360,11,100,High,High,Yes,8,58,High,Yes,1,Low,Medium,Private,Positive,3,No,College,Near,Female,70,Average Performer
7361,25,70,Low,Medium,Yes,6,57,Medium,Yes,4,Medium,Medium,Private,Neutral,3,No,High School,Near,Male,66,Average Performer
7362,27,68,High,Medium,No,8,70,High,Yes,0,Medium,Medium,Private,Positive,3,No,Postgraduate,Near,Male,68,Average Performer
7363,17,81,High,Low,No,7,61,Medium,Yes,2,High,Medium,Public,Positive,2,No,College,Near,Female,67,Average Performer
7364,24,81,Medium,Medium,Yes,7,71,High,Yes,1,Medium,High,Public,Neutral,3,No,College,Near,Male,70,Average Performer
7365,28,78,High,Medium,Yes,7,86,Low,Yes,0,Low,High,Public,Neutral,2,No,College,Moderate,Male,69,Average Performer
7366,31,91,Medium,High,Yes,7,94,High,Yes,2,High,High,Public,Negative,3,No,High School,Far,Male,75,Top Performer
7367,19,81,Medium,Low,Yes,10,56,Low,Yes,1,Medium,High,Public,Positive,3,No,High School,Near,Male,65,Average Performer
7368,6,84,Medium,Medium,Yes,6,88,Medium,Yes,1,Low,Medium,Private,Positive,5,No,Postgraduate,Moderate,Male,65,Average Performer
7369,15,89,Medium,Low,No,6,55,Medium,Yes,1,Medium,Medium,Public,Positive,4,No,Postgraduate,Moderate,Male,66,Average Performer
7370,17,61,High,Medium,Yes,9,69,High,Yes,1,Medium,High,Public,Positive,3,No,High School,Far,Male,64,Average Performer
7371,18,83,Low,Medium,No,8,100,Medium,Yes,1,Low,High,Private,Negative,2,No,High School,Near,Female,66,Average Performer
7372,19,95,Medium,High,Yes,8,53,Medium,Yes,3,Low,Medium,Public,Positive,1,No,High School,Moderate,Female,70,Average Performer
7373,27,61,High,Low,No,5,51,High,Yes,1,Low,Medium,Private,Positive,1,No,College,Far,Male,63,Average Performer
7374,28,76,Low,Low,No,7,67,High,Yes,1,High,Low,Public,Negative,4,No,College,Near,Male,66,Average Performer
7375,19,97,Low,Medium,Yes,8,98,Low,Yes,1,Medium,Medium,Public,Positive,3,No,College,Near,Female,71,Average Performer
7376,27,74,Medium,High,No,6,51,High,Yes,2,Medium,Medium,Private,Positive,4,No,High School,Far,Male,68,Average Performer
7377,22,78,Medium,Medium,Yes,8,61,Medium,Yes,2,High,Medium,Public,Positive,5,No,High School,Moderate,Male,68,Average Performer
7378,20,99,Low,Medium,No,7,80,High,Yes,0,Medium,High,Public,Negative,3,No,Postgraduate,Near,Male,71,Average Performer
7379,25,68,Low,Medium,No,6,62,Low,Yes,1,Low,High,Private,Negative,4,No,College,Moderate,Female,63,Average Performer
7380,20,63,Low,Low,No,9,53,Low,Yes,1,Medium,Medium,Public,Positive,4,No,High School,Near,Male,60,Average Performer
7381,32,94,Medium,High,Yes,9,53,Medium,Yes,1,Medium,Medium,Public,Neutral,3,No,High School,Near,Female,73,Average Performer
7382,11,95,Medium,Medium,Yes,7,78,Low,Yes,4,Medium,Medium,Private,Negative,4,No,High School,Near,Female,68,Average Performer
7383,17,79,High,High,Yes,8,78,Medium,Yes,2,High,Medium,Public,Positive,5,No,High School,Near,Female,70,Average Performer
7384,19,81,Medium,Medium,Yes,9,85,Medium,Yes,1,Low,Medium,Public,Neutral,1,No,High School,Moderate,Male,66,Average Performer
7385,23,93,High,Medium,No,6,57,Medium,Yes,1,High,Medium,Public,Positive,2,No,Postgraduate,Near,Female,72,Average Performer
7386,28,90,High,Low,Yes,8,75,Medium,Yes,1,Low,High,Public,Neutral,3,Yes,High School,Moderate,Male,70,Average Performer
7387,20,71,High,High,Yes,6,80,Medium,Yes,2,High,Low,Public,Positive,3,No,High School,Near,Male,68,Average Performer
7388,11,61,Medium,Medium,Yes,5,61,Medium,Yes,3,Medium,High,Public,Neutral,0,Yes,Postgraduate,Near,Male,60,Average Performer
7389,25,79,High,Medium,No,6,77,Low,No,2,Low,High,Public,Neutral,3,No,High School,Near,Male,68,Average Performer
7390,25,94,High,High,No,5,85,High,Yes,1,Medium,Medium,Public,Neutral,2,No,College,Near,Female,74,Average Performer
7391,8,96,Medium,Medium,Yes,8,100,High,Yes,1,High,Medium,Public,Negative,4,No,High School,Moderate,Male,68,Average Performer
7392,20,98,Low,Medium,Yes,6,80,Low,Yes,4,Medium,Medium,Public,Positive,4,No,College,Near,Male,72,Average Performer
7393,10,95,Medium,High,Yes,5,93,High,Yes,0,Low,High,Public,Positive,3,No,High School,Moderate,Male,69,Average Performer
7394,16,83,Low,Medium,Yes,8,92,Low,Yes,2,High,High,Public,Positive,4,No,Postgraduate,Near,Female,98,Top Performer
7395,15,78,Medium,High,No,8,97,Medium,Yes,1,Medium,Medium,Public,Neutral,4,No,Postgraduate,Near,Male,68,Average Performer
7396,25,91,Medium,Low,No,7,86,Medium,Yes,0,Medium,Medium,Public,Neutral,5,No,High School,Near,Female,70,Average Performer
7397,21,90,Medium,Medium,No,8,61,Medium,Yes,1,High,Medium,Public,Positive,4,No,Postgraduate,Moderate,Female,69,Average Performer
7398,12,82,High,Low,No,6,65,Low,Yes,3,Medium,Medium,Private,Negative,3,No,High School,Near,Female,64,Average Performer
7399,25,63,Medium,Low,No,6,89,High,Yes,1,Medium,High,Private,Neutral,4,No,High School,Moderate,Male,65,Average Performer
7400,11,97,Medium,Medium,No,8,76,High,Yes,2,Medium,High,Public,Positive,2,No,High School,Moderate,Female,69,Average Performer
7401,22,78,Medium,Low,No,9,63,High,Yes,2,Medium,High,Public,Neutral,4,No,High School,Near,Male,67,Average Performer
7402,15,75,Medium,High,No,6,83,Low,Yes,1,High,Medium,Private,Negative,2,No,High School,Near,Female,65,Average Performer
7403,18,85,Medium,High,Yes,6,95,High,Yes,2,Low,Low,Private,Positive,4,No,College,Near,Female,70,Average Performer
7404,23,87,High,Low,No,8,68,Medium,Yes,0,High,High,Private,Neutral,3,No,College,Far,Male,68,Average Performer
7405,23,68,Medium,Medium,Yes,8,80,Medium,Yes,1,Medium,Low,Public,Neutral,1,No,High School,Near,Female,65,Average Performer
7406,28,93,Medium,Medium,No,7,79,High,Yes,0,Medium,Medium,Public,Positive,4,No,Postgraduate,Near,Male,74,Average Performer
7407,20,72,Medium,Medium,Yes,9,56,Medium,Yes,4,High,Medium,Public,Negative,2,No,High School,Near,Male,65,Average Performer
7408,22,67,High,High,Yes,10,55,Medium,Yes,1,Low,Medium,Public,Positive,2,No,High School,Moderate,Male,65,Average Performer
7409,17,76,High,Medium,Yes,8,94,Medium,Yes,3,Medium,Medium,Public,Neutral,4,No,High School,Moderate,Female,68,Average Performer
7410,21,89,Medium,Medium,No,6,97,Medium,No,1,Low,Medium,Private,Negative,3,No,Postgraduate,Far,Female,68,Average Performer
7411,23,99,Medium,Medium,No,8,95,High,Yes,5,Medium,Medium,Public,Neutral,4,No,High School,Moderate,Female,74,Average Performer
7412,19,92,High,Medium,No,6,70,High,Yes,2,Medium,Medium,Private,Negative,3,No,,Near,Female,71,Average Performer
7413,9,98,High,Medium,Yes,9,64,Medium,Yes,1,Low,Medium,Private,Negative,3,No,High School,Near,Male,67,Average Performer
7414,22,66,Medium,Medium,Yes,6,97,Low,Yes,0,High,Low,Public,Neutral,3,No,High School,Moderate,Female,64,Average Performer
7415,22,63,Low,Low,Yes,7,94,Medium,Yes,0,Medium,,Public,Negative,3,Yes,High School,Far,Male,61,Average Performer
7416,16,82,Medium,Medium,No,6,91,Medium,Yes,0,Low,Medium,Public,Positive,3,No,High School,Near,Female,66,Average Performer
7417,12,72,Medium,Medium,No,7,67,Low,Yes,0,Low,Medium,Public,Positive,2,No,High School,Near,Female,61,Average Performer
7418,29,93,Medium,High,No,7,82,Medium,Yes,5,Low,Medium,Public,Negative,3,No,High School,Moderate,Male,73,Average Performer
7419,23,87,Low,Medium,No,8,88,High,Yes,2,Medium,High,Public,Neutral,3,No,High School,Near,Male,70,Average Performer
7420,19,99,Low,Medium,No,7,79,Medium,Yes,2,Low,Medium,Private,Neutral,2,No,Postgraduate,Near,Male,70,Average Performer
7421,13,70,Medium,Low,Yes,7,80,High,Yes,1,High,Medium,Public,Positive,4,No,College,Far,Female,63,Average Performer
7422,15,79,High,Medium,Yes,6,88,Medium,Yes,3,High,Medium,Public,Neutral,3,No,Postgraduate,Moderate,Male,69,Average Performer
7423,28,80,High,High,No,7,88,Medium,Yes,2,High,Medium,Public,Negative,2,No,High School,Near,Male,72,Average Performer
7424,21,70,Medium,High,Yes,5,62,Medium,Yes,2,Low,High,Public,Neutral,2,No,,Near,Female,66,Average Performer
7425,17,84,High,High,No,9,70,Medium,Yes,1,High,Medium,Public,Negative,4,No,High School,Near,Male,68,Average Performer
7426,23,78,Medium,High,No,7,89,Medium,Yes,1,Medium,Low,Public,Neutral,3,No,High School,Far,Male,67,Average Performer
7427,15,78,Medium,High,Yes,9,63,Medium,No,2,Medium,Medium,Private,Positive,3,No,Postgraduate,Far,Female,65,Average Performer
7428,29,75,Low,Medium,Yes,7,96,Low,Yes,2,Low,,Public,Positive,3,No,High School,Moderate,Male,68,Average Performer
7429,28,61,High,Medium,Yes,4,92,Low,Yes,1,Medium,High,Private,Neutral,4,No,College,Near,Female,68,Average Performer
7430,17,81,High,Medium,No,6,95,High,Yes,2,Medium,Medium,Private,Positive,3,No,High School,Near,Male,69,Average Performer
7431,16,73,High,High,Yes,7,65,Low,Yes,1,Medium,Medium,Private,Positive,4,No,College,Moderate,Male,66,Average Performer
7432,4,60,Medium,Medium,Yes,7,55,Medium,Yes,2,Low,Medium,Private,Neutral,2,No,Postgraduate,Near,Male,58,Average Performer
7433,11,72,High,Low,No,8,55,High,Yes,0,Medium,Low,Public,Neutral,3,Yes,College,,Male,60,Average Performer
7434,12,71,High,High,Yes,7,78,High,Yes,3,Low,Medium,Public,Positive,4,No,College,Moderate,Female,67,Average Performer
7435,21,76,Medium,Medium,Yes,6,65,Low,Yes,2,Low,High,Public,Negative,2,No,High School,Near,Female,65,Average Performer
7436,18,65,High,Medium,Yes,6,63,High,Yes,1,Low,Medium,Public,Negative,2,No,High School,Far,Male,62,Average Performer
7437,12,80,Medium,High,Yes,6,61,Medium,Yes,0,High,High,Private,Neutral,2,No,High School,Near,Male,65,Average Performer
7438,18,88,High,High,No,8,78,Medium,Yes,0,Medium,Medium,Public,Neutral,2,No,College,Moderate,Male,69,Average Performer
7439,23,85,Low,High,No,8,77,Medium,Yes,0,High,Medium,Public,Positive,4,No,College,Near,Male,70,Average Performer
7440,23,92,Low,High,Yes,6,71,High,Yes,2,Low,Medium,Public,Positive,2,No,High School,Moderate,Male,70,Average Performer
7441,9,78,High,Medium,No,9,57,Low,Yes,1,Low,High,Public,Positive,5,No,High School,Moderate,Female,63,Average Performer
7442,19,81,Low,Medium,Yes,8,96,High,Yes,0,Medium,High,Public,Neutral,4,No,Postgraduate,Near,Male,69,Average Performer
7443,12,92,Low,Medium,No,6,71,Low,Yes,0,Medium,High,Private,Negative,4,No,High School,Near,Male,64,Average Performer
7444,25,77,Medium,High,No,7,56,Medium,Yes,1,Low,Medium,Public,Positive,3,No,Postgraduate,Near,Male,69,Average Performer
7445,25,88,High,Medium,Yes,8,52,Low,Yes,1,Medium,Medium,Public,Positive,2,No,High School,Near,Male,70,Average Performer
7446,15,77,Medium,Medium,Yes,5,58,Medium,Yes,1,Low,Medium,Public,Positive,3,No,College,Moderate,Female,64,Average Performer
7447,15,77,High,Medium,Yes,5,65,Low,No,2,Low,Medium,Public,Positive,4,Yes,Postgraduate,Near,Male,65,Average Performer
7448,17,90,High,Medium,No,8,82,Medium,Yes,0,Medium,High,Public,Neutral,4,No,College,Near,Male,70,Average Performer
7449,6,67,Medium,Low,Yes,6,99,Low,Yes,0,Medium,Medium,Private,Neutral,2,No,College,Near,Male,60,Average Performer
7450,22,74,Medium,High,Yes,9,64,High,Yes,3,Medium,Medium,Public,Neutral,3,No,High School,Near,Female,68,Average Performer
7451,18,69,Low,Low,Yes,10,89,Low,Yes,2,Low,High,Public,Neutral,1,Yes,High School,Moderate,Male,61,Average Performer
7452,26,74,Medium,Low,Yes,8,96,Medium,Yes,2,Medium,High,Private,Neutral,3,No,High School,Near,Female,68,Average Performer
7453,13,69,Medium,Low,No,8,70,Medium,Yes,1,High,High,Private,Neutral,3,No,High School,Moderate,Male,61,Average Performer
7454,16,83,Low,Medium,No,5,63,Low,Yes,2,High,Medium,Private,Positive,3,Yes,High School,Moderate,Female,64,Average Performer
7455,11,92,Medium,Medium,No,5,75,Medium,Yes,2,Medium,Medium,Public,Negative,3,No,High School,Near,Female,66,Average Performer
7456,14,91,Medium,Medium,Yes,7,95,Medium,Yes,2,High,High,Public,Positive,2,No,High School,Moderate,Male,70,Average Performer
7457,13,75,High,High,Yes,5,51,Medium,Yes,3,Medium,Medium,Private,Negative,3,No,High School,Near,Female,65,Average Performer
7458,26,100,Medium,High,Yes,7,74,High,Yes,1,Medium,Medium,Public,Neutral,2,No,High School,Near,Female,74,Average Performer
7459,16,84,High,High,No,6,88,Low,Yes,1,Medium,Medium,Private,Negative,1,Yes,High School,Near,Male,66,Average Performer
7460,21,76,Low,Medium,Yes,7,80,High,Yes,3,Low,Medium,Public,Negative,2,Yes,College,Near,Male,65,Average Performer
7461,18,93,Low,High,No,7,75,High,Yes,1,High,Medium,Private,Positive,1,No,College,Moderate,Female,69,Average Performer
7462,12,89,Medium,High,Yes,8,78,Low,Yes,4,Low,,Public,Neutral,5,No,Postgraduate,Near,Female,69,Average Performer
7463,19,90,Low,High,No,7,81,Medium,Yes,2,Medium,Medium,Private,Positive,2,No,High School,Near,Female,69,Average Performer
7464,24,68,High,Low,No,6,84,Medium,Yes,1,Low,High,Public,Positive,4,No,High School,Near,Female,66,Average Performer
7465,13,79,Medium,Low,No,5,68,Medium,No,2,High,Medium,Private,Positive,3,No,High School,Near,Female,63,Average Performer
7466,25,94,Medium,Low,Yes,7,76,Medium,Yes,1,Low,High,Private,Neutral,2,Yes,High School,Moderate,Female,69,Average Performer
7467,15,80,Medium,High,Yes,4,64,Medium,Yes,1,Medium,Medium,Public,Neutral,1,No,High School,Near,Male,65,Average Performer
7468,17,87,Medium,Medium,No,9,99,Medium,Yes,1,Medium,Low,Private,Neutral,3,No,High School,Moderate,Male,67,Average Performer
7469,23,84,Medium,Medium,No,8,59,Low,Yes,1,Low,High,Public,Positive,4,Yes,Postgraduate,Far,Female,66,Average Performer
7470,16,94,Low,Medium,Yes,8,58,Medium,Yes,2,Low,Medium,Public,Positive,3,Yes,College,Near,Male,67,Average Performer
7471,20,71,Low,High,Yes,6,63,High,Yes,1,Low,Medium,Public,Positive,2,No,College,Moderate,Male,65,Average Performer
7472,18,83,Medium,High,No,8,96,Low,Yes,0,Medium,High,Public,Positive,4,Yes,Postgraduate,Near,Female,69,Average Performer
7473,21,65,Low,High,No,6,83,Medium,Yes,3,Low,High,Public,Neutral,5,No,High School,Near,Male,65,Average Performer
7474,6,88,High,High,Yes,7,73,Medium,Yes,3,Low,Medium,Private,Neutral,3,No,College,Near,Male,67,Average Performer
7475,9,89,Medium,Medium,Yes,6,96,Medium,Yes,0,High,Low,Public,Negative,4,No,High School,Near,Male,66,Average Performer
7476,24,62,Low,Medium,No,7,95,Medium,Yes,1,High,Low,Public,Positive,3,No,College,Far,Female,64,Average Performer
7477,26,87,Medium,High,No,5,70,Low,Yes,1,Low,Medium,Private,Positive,2,No,High School,Near,Female,70,Average Performer
7478,15,77,Medium,High,Yes,7,78,Medium,Yes,0,Low,High,Public,Neutral,3,No,High School,Moderate,Male,65,Average Performer
7479,19,65,Low,Medium,Yes,5,95,Medium,Yes,2,Medium,High,Private,Neutral,4,No,College,Near,Male,65,Average Performer
7480,22,77,Low,Low,No,10,66,Medium,Yes,2,Low,Medium,Public,Positive,3,No,College,Moderate,Male,64,Average Performer
7481,24,68,Medium,Low,Yes,7,70,Low,Yes,1,Low,Low,Public,Neutral,3,No,College,Near,Male,64,Average Performer
7482,8,77,Medium,Low,Yes,7,90,Low,Yes,1,Medium,Medium,Public,Neutral,0,No,High School,Moderate,Male,61,Average Performer
7483,15,75,High,Medium,No,8,85,Medium,Yes,1,Low,High,Public,Neutral,3,No,High School,Near,Male,65,Average Performer
7484,18,90,High,Medium,Yes,5,52,Low,Yes,5,Medium,Medium,Private,Positive,3,Yes,High School,Moderate,Male,68,Average Performer
7485,24,91,Low,High,Yes,6,56,Medium,Yes,1,Low,High,Public,Positive,2,No,College,Moderate,Male,70,Average Performer
7486,35,84,Low,Medium,Yes,8,92,High,Yes,6,Low,High,Public,Negative,4,No,High School,Moderate,Male,74,Average Performer
7487,19,61,Medium,Medium,No,7,51,Low,Yes,1,Low,High,Public,Neutral,1,No,High School,Near,Female,60,Average Performer
7488,12,97,High,Low,Yes,6,96,Medium,Yes,2,Low,High,Public,Positive,2,No,Postgraduate,Near,Female,71,Average Performer
7489,22,87,High,High,Yes,8,64,Medium,No,2,Medium,High,Public,Negative,3,No,High School,Moderate,Female,70,Average Performer
7490,28,61,Low,Medium,Yes,7,80,Low,Yes,2,Medium,Medium,Public,Positive,4,No,Postgraduate,Near,Female,67,Average Performer
7491,21,93,Medium,Medium,Yes,8,78,Medium,No,0,Low,Medium,Private,Neutral,3,No,High School,Near,Male,68,Average Performer
7492,15,68,High,Medium,No,8,70,Medium,Yes,3,Medium,High,Public,Negative,3,No,High School,Near,Female,64,Average Performer
7493,26,83,High,Low,No,6,52,Medium,Yes,0,Low,High,Public,Negative,3,No,High School,Near,Male,67,Average Performer
7494,24,79,Low,Low,No,7,60,Low,Yes,0,Low,High,Public,Neutral,3,No,Postgraduate,Near,Female,65,Average Performer
7495,14,77,Medium,Medium,Yes,4,81,Low,Yes,3,Medium,Medium,Private,Neutral,3,No,College,,Female,66,Average Performer
7496,22,96,Medium,Medium,Yes,6,72,Low,Yes,1,High,Medium,Public,Positive,4,No,College,Near,Female,72,Average Performer
7497,26,77,Low,Medium,Yes,7,71,High,Yes,3,High,Medium,Public,Neutral,3,No,High School,,Female,69,Average Performer
7498,27,63,Medium,Medium,Yes,8,55,Low,Yes,1,Medium,Medium,Private,Neutral,3,No,Postgraduate,Near,Female,65,Average Performer
7499,20,98,Low,High,Yes,8,67,Medium,Yes,0,High,Medium,Public,Positive,3,No,High School,Near,Female,71,Average Performer
7500,18,97,High,High,Yes,6,76,Medium,Yes,0,Medium,High,Public,Neutral,5,No,High School,Moderate,Male,72,Average Performer
7501,27,87,High,Medium,No,6,54,Medium,Yes,0,Medium,Medium,Private,Positive,2,No,High School,Near,Female,70,Average Performer
7502,13,79,High,Medium,No,9,53,Medium,No,1,Medium,Medium,Private,Positive,2,No,College,Moderate,Male,63,Average Performer
7503,23,64,Medium,Medium,No,7,75,Medium,Yes,2,Medium,High,Public,Positive,2,No,,Near,Female,66,Average Performer
7504,12,92,Low,Low,Yes,7,78,High,Yes,3,Medium,High,Public,Negative,2,No,College,Near,Male,67,Average Performer
7505,26,63,Medium,High,No,8,63,Low,Yes,1,High,High,Public,Neutral,3,No,Postgraduate,Near,Male,67,Average Performer
7506,18,63,Medium,Medium,Yes,7,66,Low,Yes,2,Medium,Medium,Private,Negative,2,No,College,Near,Female,62,Average Performer
7507,28,81,Medium,High,Yes,7,90,High,Yes,3,Medium,Medium,Private,Negative,3,No,High School,Moderate,Male,72,Average Performer
7508,23,66,Medium,High,Yes,7,93,High,Yes,1,High,High,Public,Positive,1,No,High School,Near,Female,69,Average Performer
7509,13,60,Medium,Medium,Yes,6,66,Medium,Yes,1,Medium,High,Public,Positive,5,Yes,College,Moderate,Male,61,Average Performer
7510,29,77,Medium,Low,Yes,7,68,High,Yes,1,Medium,Medium,Public,Positive,3,No,High School,Far,Female,67,Average Performer
7511,29,65,Low,Medium,Yes,4,92,Medium,No,0,Medium,Medium,Private,Positive,4,No,High School,Near,Female,66,Average Performer
7512,25,66,Medium,Medium,Yes,6,99,Medium,Yes,2,Medium,Medium,Public,Positive,3,No,College,Near,Female,68,Average Performer
7513,15,63,Medium,High,No,8,66,High,Yes,1,Low,Medium,Private,Negative,4,No,College,Near,Male,62,Average Performer
7514,18,68,High,Low,Yes,8,89,Medium,Yes,0,Medium,Low,Public,Negative,3,No,College,Far,Male,63,Average Performer
7515,21,89,Medium,Medium,Yes,9,74,High,Yes,3,Low,Medium,Private,Positive,4,No,High School,Moderate,Female,70,Average Performer
7516,16,92,Low,High,Yes,8,63,Medium,Yes,2,Low,Medium,Public,Neutral,4,No,College,Moderate,Male,68,Average Performer
7517,30,78,Medium,High,Yes,8,84,Medium,Yes,1,High,Low,Private,Negative,1,No,College,Near,Male,71,Average Performer
7518,21,80,High,Low,No,7,73,Medium,Yes,0,Medium,Low,Private,Neutral,2,No,High School,Moderate,Female,65,Average Performer
7519,4,61,Low,High,Yes,6,63,Medium,Yes,4,Medium,Medium,Public,Neutral,3,No,High School,Moderate,Male,59,Average Performer
7520,22,63,High,Low,Yes,8,55,Medium,Yes,2,Medium,Medium,Private,Neutral,4,No,High School,Near,Male,64,Average Performer
7521,18,70,Medium,High,No,7,93,Medium,Yes,0,Medium,High,Public,Positive,3,No,College,Near,Male,67,Average Performer
7522,20,82,Medium,Medium,No,6,94,Medium,Yes,3,Low,Medium,Private,Positive,2,No,High School,Near,Male,68,Average Performer
7523,18,90,High,High,Yes,6,54,Low,Yes,1,Medium,High,Public,Negative,3,No,High School,Near,Female,95,Top Performer
7524,25,84,Medium,Medium,Yes,7,83,High,Yes,1,Low,Medium,Public,Positive,3,No,High School,Moderate,Male,70,Average Performer
7525,27,76,Medium,Medium,No,9,58,Medium,Yes,1,Medium,Medium,Public,Positive,3,No,College,Near,Female,68,Average Performer
7526,22,65,Low,Medium,No,7,82,Medium,Yes,2,Medium,High,Public,Positive,4,Yes,College,Near,Male,65,Average Performer
7527,18,91,Low,Medium,No,7,95,Medium,Yes,2,Low,High,Public,Positive,2,No,Postgraduate,Near,Male,70,Average Performer
7528,20,75,Medium,Medium,No,8,63,Medium,Yes,4,Medium,Low,Public,Neutral,3,No,Postgraduate,Near,Male,67,Average Performer
7529,20,89,Medium,High,No,8,67,Medium,Yes,2,Low,High,Public,Neutral,2,Yes,College,Near,Male,69,Average Performer
7530,15,81,Medium,High,Yes,7,90,High,Yes,1,Low,Medium,Private,Positive,2,No,Postgraduate,Far,Female,68,Average Performer
7531,23,90,High,High,No,7,87,High,Yes,1,Low,Medium,Public,Neutral,2,No,High School,Near,Female,72,Average Performer
7532,23,96,Medium,High,No,6,70,Medium,Yes,1,Medium,Medium,Public,Neutral,2,No,High School,Near,Male,71,Average Performer
7533,29,97,Medium,High,Yes,9,92,Medium,Yes,2,Low,Medium,Public,Positive,4,No,High School,Moderate,Female,75,Top Performer
7534,28,81,Medium,High,No,6,96,Medium,Yes,0,Medium,Medium,Public,Neutral,2,No,High School,Near,Male,70,Average Performer
7535,16,80,Medium,Medium,No,9,73,Medium,Yes,2,Medium,Medium,Private,Negative,4,No,College,Near,Male,66,Average Performer
7536,25,71,Medium,High,Yes,7,52,High,Yes,3,Low,Medium,Private,Neutral,3,No,High School,Near,Male,67,Average Performer
7537,14,97,Medium,Medium,Yes,7,75,High,Yes,1,Medium,Medium,Public,Positive,4,No,College,Near,Female,70,Average Performer
7538,24,78,High,High,Yes,8,87,Medium,Yes,2,Medium,Medium,Public,Neutral,3,No,High School,Near,Male,71,Average Performer
7539,17,65,Medium,Medium,No,6,61,Medium,Yes,5,Low,Medium,Public,Positive,4,No,High School,Near,Female,64,Average Performer
7540,14,77,Medium,Medium,No,8,55,High,Yes,2,High,High,Private,Neutral,4,No,High School,Near,Male,65,Average Performer
7541,22,65,Medium,Medium,Yes,7,64,High,Yes,1,Medium,High,Private,Negative,2,No,High School,Moderate,Male,64,Average Performer
7542,4,80,Low,Medium,Yes,8,51,Medium,Yes,4,Medium,High,Public,Negative,5,No,High School,Near,Male,62,Average Performer
7543,9,82,High,Low,Yes,6,86,Medium,Yes,2,Low,High,Private,Negative,2,No,College,Far,Female,64,Average Performer
7544,19,74,Medium,High,Yes,6,57,High,Yes,1,Medium,Medium,Private,Positive,2,No,High School,Near,Female,66,Average Performer
7545,20,63,Medium,Medium,Yes,4,86,Low,Yes,0,High,Medium,Public,Neutral,3,No,College,Near,Male,64,Average Performer
7546,18,98,High,Medium,Yes,6,62,Low,Yes,3,Medium,High,Public,Positive,3,No,High School,Far,Female,71,Average Performer
7547,11,91,High,Low,Yes,6,100,Low,Yes,4,Low,Medium,Public,Negative,2,No,Postgraduate,Near,Male,68,Average Performer
7548,15,94,Medium,Medium,Yes,6,77,Low,Yes,3,High,High,Private,Neutral,4,No,College,Near,Female,70,Average Performer
7549,22,75,High,Medium,No,7,52,High,Yes,0,Low,Medium,Private,Neutral,3,No,College,Near,Female,66,Average Performer
7550,23,90,Medium,Medium,No,7,89,Low,Yes,2,High,Medium,Public,Positive,4,No,College,Moderate,Female,71,Average Performer
7551,20,79,Medium,Medium,Yes,8,71,Medium,Yes,1,Medium,High,Public,Neutral,3,No,College,Near,Female,68,Average Performer
7552,27,68,Low,Low,Yes,8,80,High,Yes,3,Medium,Medium,Public,Positive,4,Yes,High School,Near,Male,66,Average Performer
7553,22,65,Low,Medium,No,8,98,High,Yes,4,Medium,Medium,Private,Neutral,3,No,High School,Near,Female,66,Average Performer
7554,16,74,Low,High,No,8,76,Medium,Yes,5,Low,Medium,Public,Negative,3,No,College,Moderate,Male,65,Average Performer
7555,18,66,Medium,Medium,Yes,7,90,Medium,Yes,0,Medium,Medium,Public,Negative,4,No,Postgraduate,Near,Male,64,Average Performer
7556,12,100,Low,Medium,Yes,7,65,Medium,Yes,1,Low,Medium,Private,Positive,2,No,High School,Near,Male,67,Average Performer
7557,19,62,Medium,Medium,Yes,8,86,Low,Yes,1,High,Medium,Public,Positive,3,No,College,Near,Male,65,Average Performer
7558,27,78,Medium,Medium,Yes,8,55,Low,Yes,3,High,Medium,Public,Neutral,2,No,Postgraduate,Moderate,Male,69,Average Performer
7559,24,78,High,Medium,Yes,5,95,Low,Yes,1,Low,Medium,Private,Positive,2,No,College,Near,Male,69,Average Performer
7560,28,72,Low,Medium,Yes,7,60,Medium,Yes,4,High,Medium,Public,Neutral,3,No,Postgraduate,Near,Male,69,Average Performer
7561,18,83,Medium,High,No,4,65,Low,Yes,3,Low,Medium,Public,Positive,4,No,College,Moderate,Male,68,Average Performer
7562,28,66,Medium,Low,Yes,4,98,Medium,Yes,0,Medium,High,Public,Positive,3,No,High School,Near,Female,67,Average Performer
7563,19,91,Medium,Low,No,6,58,High,Yes,2,Low,High,Public,Positive,3,No,College,Moderate,Male,68,Average Performer
7564,29,73,Low,Low,Yes,7,63,Medium,Yes,1,Low,Medium,Public,Negative,4,No,Postgraduate,Far,Female,65,Average Performer
7565,20,84,High,Medium,Yes,6,79,Medium,Yes,3,Medium,Medium,Public,Negative,3,No,College,Moderate,Male,69,Average Performer
7566,24,89,Medium,Low,No,4,99,High,Yes,1,High,High,Private,Positive,3,No,Postgraduate,Near,Male,73,Average Performer
7567,29,96,High,Medium,No,8,85,Low,Yes,3,High,Medium,Public,Neutral,3,No,Postgraduate,Near,Male,76,Top Performer
7568,19,93,Medium,High,Yes,6,56,Medium,Yes,0,Low,High,Private,Negative,3,No,College,Near,Male,69,Average Performer
7569,21,84,High,Low,Yes,8,87,Low,Yes,2,High,Medium,Public,Positive,1,No,Postgraduate,Far,Female,69,Average Performer
7570,28,76,Medium,Medium,Yes,6,71,Medium,Yes,3,Low,Medium,Private,Positive,2,No,High School,Far,Female,68,Average Performer
7571,19,80,High,High,Yes,6,100,Medium,Yes,1,Medium,Medium,Public,Positive,3,No,High School,Near,Male,70,Average Performer
7572,12,91,Medium,Low,Yes,8,81,Low,Yes,0,Low,Low,Public,Positive,4,No,High School,Moderate,Male,64,Average Performer
7573,33,95,Low,Low,Yes,6,77,Low,Yes,2,High,High,Private,Positive,3,No,High School,Moderate,Female,73,Average Performer
7574,17,64,Medium,Medium,Yes,7,78,High,Yes,1,Medium,Medium,Public,Positive,3,No,High School,Near,Male,64,Average Performer
7575,21,75,Medium,Low,Yes,7,82,Medium,Yes,1,Medium,Medium,Public,Negative,4,No,High School,Near,Male,65,Average Performer
7576,27,91,Low,High,No,5,87,Medium,No,0,Medium,Medium,Public,Negative,3,No,High School,Near,Female,69,Average Performer
7577,16,77,Medium,Low,Yes,8,54,Medium,No,0,Medium,Medium,Public,Negative,3,No,Postgraduate,Near,Male,62,Average Performer
7578,14,73,High,Medium,Yes,6,57,High,Yes,2,Medium,Medium,Public,Neutral,4,No,High School,Moderate,Female,64,Average Performer
7579,22,76,Low,High,No,5,65,Low,Yes,0,Medium,High,Public,Neutral,3,No,High School,Far,Female,64,Average Performer
7580,9,84,Medium,Medium,No,6,74,Medium,Yes,5,High,,Public,Neutral,2,No,High School,Near,Male,67,Average Performer
7581,18,100,Medium,Low,Yes,8,66,High,No,3,Low,Medium,Public,Negative,3,No,College,Near,Male,69,Average Performer
7582,21,80,Medium,Low,Yes,5,61,Medium,Yes,2,High,Medium,Public,Positive,3,No,High School,Near,Male,67,Average Performer
7583,18,68,Low,High,No,8,96,Medium,Yes,1,High,Medium,Public,Neutral,3,No,High School,Moderate,Male,65,Average Performer
7584,11,67,Medium,High,No,8,52,High,Yes,3,High,High,Public,Negative,3,No,College,Moderate,Female,63,Average Performer
7585,30,62,Low,Low,Yes,7,97,Medium,Yes,0,High,Medium,Private,Neutral,5,No,College,Near,Female,66,Average Performer
7586,21,82,Medium,High,No,7,95,High,Yes,1,High,Medium,Public,Negative,3,No,High School,Near,Male,70,Average Performer
7587,29,82,Medium,High,No,7,84,Low,Yes,1,Low,Medium,Private,Positive,2,No,High School,Near,Male,70,Average Performer
7588,18,68,High,High,Yes,8,52,High,Yes,0,High,High,Public,Positive,3,No,College,Near,Male,67,Average Performer
7589,15,88,Low,Medium,Yes,6,61,Medium,Yes,0,High,Medium,Public,Neutral,4,Yes,Postgraduate,Far,Male,65,Average Performer
7590,22,90,Low,High,No,5,99,Medium,Yes,1,Low,Low,Private,Positive,2,No,College,,Female,70,Average Performer
7591,19,70,Medium,Medium,Yes,7,95,High,No,0,Medium,High,Private,Positive,3,No,College,Near,Female,66,Average Performer
7592,13,74,Medium,High,Yes,8,98,High,Yes,1,High,High,Public,Negative,2,No,High School,Near,Male,66,Average Performer
7593,29,100,Medium,Low,Yes,8,100,Low,Yes,0,Low,Medium,Private,Neutral,5,Yes,High School,Near,Male,72,Average Performer
7594,16,75,High,Low,Yes,10,53,High,Yes,0,Low,Low,Public,Positive,4,No,College,Near,Female,64,Average Performer
7595,9,90,High,High,Yes,7,79,Low,Yes,4,High,High,Public,Positive,4,No,High School,,Male,70,Average Performer
7596,28,78,Medium,High,No,7,92,Low,Yes,1,Medium,High,Public,Positive,3,No,Postgraduate,Moderate,Female,71,Average Performer
7597,17,92,Medium,Medium,No,7,66,Low,Yes,2,Low,,Public,Negative,3,No,High School,Near,Male,66,Average Performer
7598,16,91,High,Medium,Yes,6,72,High,Yes,0,High,High,Public,Negative,2,No,Postgraduate,Near,Female,70,Average Performer
7599,9,87,Low,Medium,Yes,6,64,Medium,Yes,1,High,Medium,Public,Neutral,2,No,High School,Near,Female,64,Average Performer
7600,30,94,Medium,Low,No,5,52,Low,No,3,High,Medium,Private,Neutral,2,No,Postgraduate,Moderate,Female,70,Average Performer
7601,12,98,Medium,Low,Yes,4,54,Medium,Yes,2,Medium,High,Private,Neutral,3,No,High School,Near,Female,67,Average Performer
7602,20,83,Medium,Low,No,6,51,Low,Yes,2,Medium,Medium,Public,Neutral,4,No,High School,Moderate,Female,65,Average Performer
7603,25,69,High,Medium,No,7,76,Medium,Yes,1,High,Medium,Public,Positive,2,No,High School,Near,Female,68,Average Performer
7604,23,76,High,Medium,No,8,81,Medium,Yes,3,Low,High,Public,Positive,2,No,High School,Near,Female,69,Average Performer
7605,20,90,Medium,Low,Yes,6,65,Low,Yes,3,Low,Medium,Public,Negative,2,No,Postgraduate,Near,Female,68,Average Performer
7606,10,86,High,High,Yes,6,91,High,Yes,2,Low,Medium,Private,Positive,3,No,High School,Far,Female,68,Average Performer
7607,15,67,Medium,Low,Yes,9,94,Medium,Yes,0,Medium,Medium,Public,Positive,4,No,Postgraduate,Near,Male,64,Average Performer
